Annual_Income,Declared_Tax,Deduction_Risk,Expense_Anomaly,Investment_Mismatch,Cash_Transaction_Risk,Business_Loss_Risk,Asset_Underreporting,Refund_Claim_Risk,Compliance_Risk,Income_Variation,Previous_Audit_Flag,Penalty_History,High_Value_Transactions,Foreign_Asset_Score,GST_Mismatch,Suspicious_Deduction,Shell_Company_Link,Frequent_ITR_Revisions,Cash_Deposit_Spike,High_Risk_Industry,Fraud
1892743,164163,0,28,12,21,82,78,26,48,47,1,0,17,50,0,1,1,1,0,1,0
4504572,841926,80,94,1,66,54,82,54,41,75,1,1,72,95,0,1,0,1,1,1,1
2434489,108864,24,43,89,98,2,56,3,43,55,0,0,63,41,0,0,1,1,0,0,1
1770006,941114,58,35,14,79,98,94,67,0,88,0,0,48,10,1,1,0,1,0,0,1
1336074,399295,71,18,45,58,68,56,71,6,90,1,1,93,67,0,1,0,1,1,0,1
4244887,624674,68,5,56,24,34,15,69,47,69,1,1,34,92,1,0,1,0,1,1,0
1439911,444967,4,24,9,16,50,78,88,84,86,1,0,93,51,1,0,1,1,1,1,1
4672471,615414,98,30,21,38,26,5,26,15,14,0,0,38,97,1,1,0,1,0,1,0
2338242,453648,18,8,88,76,36,13,46,47,38,0,1,57,72,0,1,0,1,0,0,0
4723669,691311,22,83,78,91,84,26,39,77,68,1,1,56,9,1,0,0,0,0,1,1
1966891,610151,8,73,76,74,15,37,83,42,86,1,1,5,71,1,1,0,1,0,0,1
4721373,345435,93,36,7,73,91,18,26,50,78,0,1,77,62,0,0,0,0,1,1,1
3544769,130659,49,26,20,38,24,36,6,65,88,1,0,92,35,0,0,1,0,1,0,1
991743,720232,15,12,84,23,32,3,22,30,59,0,0,95,95,0,1,0,0,0,0,0
303355,12235,32,40,21,37,61,57,83,38,93,1,0,77,44,0,0,0,1,0,0,1
1462752,349877,1,65,96,87,16,89,63,8,43,1,1,19,5,0,1,0,1,0,0,1
1596025,67712,13,84,44,96,42,8,97,40,42,0,1,49,5,0,1,0,1,1,1,0
1507371,157545,0,96,90,80,29,39,28,62,3,1,0,8,90,1,0,1,1,1,0,1
1117040,727927,89,23,39,56,40,14,60,13,76,1,1,75,65,1,1,1,0,1,1,1
2453882,767178,57,43,21,43,3,3,43,57,49,0,1,13,72,1,1,0,1,0,1,0
3730409,130849,88,97,29,35,65,89,68,73,38,0,0,22,63,0,0,0,0,0,1,1
4921339,260493,15,59,61,98,59,51,26,87,53,0,0,47,37,1,1,0,0,0,1,1
1700942,609111,78,8,72,69,8,17,11,96,22,0,1,97,68,0,0,0,1,1,0,1
4460029,109215,89,1,44,79,30,52,16,97,59,0,0,79,97,0,0,1,1,1,0,1
3475709,770359,46,55,34,44,88,58,36,83,79,1,0,81,60,0,1,1,0,0,1,1
284654,37230,43,29,81,91,99,98,33,63,34,1,1,55,77,1,1,1,0,0,0,1
2154354,351717,79,21,41,95,68,53,93,27,53,0,1,39,73,1,1,0,1,1,0,1
2616182,752948,13,74,4,25,23,40,35,3,57,0,1,96,62,0,1,0,1,0,0,0
3674675,467092,92,80,26,10,23,59,5,33,61,1,1,68,70,1,0,0,1,1,1,1
2852991,307788,23,99,69,51,92,92,95,3,79,0,0,38,19,1,1,0,0,0,1,1
2628388,184736,54,12,61,24,44,87,31,69,47,0,1,73,74,1,1,1,0,0,0,1
728178,836635,14,70,31,30,94,3,72,57,6,0,1,85,76,1,1,0,0,0,0,0
2863046,333821,82,15,7,84,36,84,21,85,44,1,0,42,63,0,0,0,0,1,0,1
2786644,423641,71,96,84,44,57,38,9,3,12,0,0,96,80,0,0,1,1,1,1,1
2770406,652534,33,44,17,66,82,6,28,49,52,1,0,30,36,1,0,0,1,0,1,0
3616664,89817,1,64,77,75,22,22,10,4,92,1,1,69,35,1,1,0,1,0,1,1
3585659,243657,26,10,14,39,34,84,91,74,38,0,1,99,96,0,0,0,1,1,1,1
3585357,222033,73,69,25,45,62,62,65,44,83,0,0,2,9,0,0,0,1,1,0,1
2995513,236414,98,19,52,53,5,64,55,34,92,0,1,3,33,1,1,1,1,0,1,1
1665689,261812,86,98,43,40,5,40,84,82,17,1,0,26,44,0,1,1,0,1,0,1
268148,861238,71,62,31,88,29,88,94,74,21,0,1,88,62,1,0,0,1,0,1,1
2025665,309958,91,89,27,80,0,94,57,74,35,1,0,26,12,1,0,1,0,0,1,1
2945683,599507,22,11,38,37,62,43,51,26,52,1,0,99,24,0,1,0,1,1,0,0
3597723,972150,67,61,31,99,7,44,60,1,99,1,0,46,43,0,1,1,1,1,0,1
3203758,175956,13,93,76,35,27,68,16,53,71,0,0,59,96,1,0,1,1,1,1,1
4256518,362489,62,91,78,82,88,94,90,71,2,1,0,35,73,1,0,1,0,0,1,1
2869995,262134,92,90,17,43,32,50,29,97,61,1,0,45,23,0,0,0,0,1,0,1
4650812,367232,64,41,69,56,52,64,71,83,28,0,1,60,68,1,0,0,0,0,1,1
4998669,860754,67,82,10,65,37,53,36,86,72,0,1,41,73,1,0,0,1,1,1,1
2070928,26650,62,68,31,80,51,55,4,78,7,0,0,6,46,1,1,0,0,1,1,1
4355299,361386,95,57,19,29,77,93,25,47,93,1,1,29,90,1,1,1,1,0,0,1
2757489,931694,96,4,96,9,10,81,69,76,75,1,1,49,49,1,0,1,1,0,1,1
1973415,829628,89,26,39,98,1,71,79,94,45,0,1,46,35,0,1,0,1,0,0,1
2505413,175521,80,27,7,60,52,89,0,48,91,1,1,92,32,1,1,1,0,0,1,1
4110197,175733,86,25,34,62,93,39,8,77,55,1,0,39,91,1,1,1,0,0,1,1
471836,821141,63,90,68,35,93,57,84,0,48,0,1,4,2,1,1,1,0,0,1,0
3784702,247037,31,48,98,53,67,14,70,90,42,1,1,69,30,0,1,0,1,1,0,1
2295505,85428,78,20,77,96,76,18,63,32,9,1,1,57,59,0,0,0,0,1,0,1
2499435,211251,12,0,20,64,6,9,78,34,12,0,0,43,28,0,0,1,1,0,0,0
396769,539231,65,91,23,81,66,87,23,53,56,0,0,70,43,0,1,0,1,0,0,1
2858505,703600,18,57,16,3,8,15,4,55,1,1,1,31,44,0,0,0,0,1,1,0
1471741,443976,23,78,17,54,77,42,50,14,64,1,1,78,41,0,1,1,1,1,0,0
3969315,26042,87,54,97,53,62,30,37,68,85,0,1,76,20,1,1,0,1,0,1,1
1246797,782130,10,80,11,90,10,15,28,3,96,0,1,81,31,1,0,1,1,0,0,1
3247262,835326,58,25,15,88,36,79,45,83,79,0,1,73,27,1,1,0,0,1,1,1
1784398,929373,85,83,3,63,13,27,51,63,41,0,0,39,84,0,0,0,1,0,1,1
2785031,983582,14,24,88,91,18,61,45,21,57,0,0,56,46,0,1,1,1,1,1,1
764685,323903,9,76,33,21,7,19,74,23,92,0,1,10,98,0,1,0,0,0,0,0
3079190,373117,40,32,91,24,6,34,67,46,9,0,1,39,93,0,1,0,0,0,1,0
1511736,835738,26,88,45,80,58,58,58,74,62,0,1,46,46,0,0,1,1,1,0,1
1207293,899801,59,71,74,58,62,8,9,5,70,1,0,1,16,0,0,0,0,0,0,0
4974183,715731,72,68,76,56,6,9,97,26,60,0,0,90,28,1,1,0,0,1,1,1
3566612,681278,51,5,30,53,54,44,3,9,0,0,1,51,47,0,0,1,1,1,0,0
223247,819811,27,22,24,43,2,81,51,38,25,0,0,71,1,1,1,1,1,0,0,0
2904238,387811,64,29,73,51,66,14,73,73,4,1,1,48,32,0,0,1,1,0,1,0
2830708,506691,16,77,23,75,17,29,96,89,34,1,0,58,62,0,1,1,0,1,0,1
3694679,219304,94,53,64,15,44,47,17,36,12,0,0,37,67,0,1,1,0,1,0,0
1967640,401178,43,86,24,15,96,95,75,53,26,0,0,15,38,1,1,1,1,1,0,0
2813740,674211,9,10,27,80,91,39,50,96,11,1,0,87,88,1,0,1,1,1,1,0
1485160,909058,62,30,35,54,35,90,22,50,93,0,0,86,4,1,1,1,0,0,0,1
1625472,443963,92,5,81,60,15,90,24,59,49,1,0,77,67,1,0,0,1,0,1,1
248984,916612,81,10,5,94,78,82,59,71,95,0,1,26,51,0,0,0,1,1,1,1
2600070,319493,46,76,65,78,28,73,36,50,58,0,1,73,51,1,0,1,0,1,0,1
3465879,206904,37,11,66,76,58,43,67,61,30,1,1,27,28,1,0,0,0,1,1,0
1704384,716716,69,65,71,39,17,45,76,48,68,1,1,88,36,0,0,1,1,1,1,1
2430919,675105,75,52,94,90,48,5,17,50,36,1,1,65,7,0,1,1,1,1,0,1
1952126,10730,52,98,47,20,45,23,28,27,1,1,1,44,19,0,1,0,1,1,0,0
4530634,412137,77,35,82,65,82,72,29,35,70,1,1,32,40,1,0,1,0,1,0,1
1937095,758790,43,16,69,7,28,90,91,24,64,1,1,59,69,1,0,0,1,1,1,0
2311138,207210,73,27,77,70,69,6,6,35,2,1,1,49,35,1,1,1,1,0,0,0
4980450,743471,53,91,66,9,49,5,87,76,19,1,0,45,31,0,1,1,0,0,0,0
2309818,24023,19,21,47,56,54,32,40,59,1,1,1,34,4,0,0,0,0,1,1,0
2431785,967853,78,6,64,3,26,84,73,6,41,0,1,40,19,0,0,1,0,1,0,0
4683302,656084,30,14,43,42,6,37,36,64,42,0,0,57,67,0,0,1,0,0,0,0
3148089,872965,6,95,93,99,90,43,26,72,20,0,1,76,21,1,0,0,0,1,0,1
2925928,350430,57,10,62,98,82,16,20,91,44,0,1,54,96,0,1,1,1,1,1,1
4053339,833411,9,23,45,62,80,30,99,35,95,0,0,4,30,0,1,1,0,1,0,0
2043400,814269,9,66,18,42,40,36,42,93,19,1,0,4,40,0,0,0,1,1,1,0
1279111,413213,38,29,63,66,10,10,50,72,42,0,0,21,92,0,0,1,0,0,1,0
1196107,896407,27,69,82,81,4,91,92,29,49,0,1,33,4,1,0,1,1,1,0,1
3721441,705399,29,65,72,50,65,4,70,98,94,0,1,64,9,0,0,0,0,0,0,1
4745583,525610,36,60,70,55,55,63,12,46,42,1,1,58,74,0,1,1,0,0,0,1
2070230,25923,66,77,49,42,11,75,52,90,96,1,1,16,36,1,0,1,0,0,0,1
3947389,800308,42,40,62,23,41,2,86,28,23,1,1,50,55,0,1,1,1,0,1,0
4342807,852405,78,81,40,95,74,55,62,4,81,0,1,48,85,1,0,1,1,0,0,1
4883874,401103,84,50,6,33,9,62,56,64,83,0,1,8,23,0,1,1,0,0,1,1
3802279,199795,51,43,8,58,27,37,24,68,59,0,1,73,84,0,0,0,1,0,0,1
2321690,833854,55,94,3,1,6,53,12,62,31,0,1,14,99,1,0,0,1,1,0,0
3191650,238462,75,12,88,1,13,1,36,92,4,0,1,28,15,0,1,1,1,0,1,0
691234,56413,67,89,48,9,76,89,29,55,1,0,0,52,1,1,1,1,0,0,1,1
2148260,893916,8,11,75,22,68,1,89,16,25,1,1,24,14,0,1,1,0,0,1,0
4533486,925345,91,81,5,14,60,11,11,50,24,1,0,84,40,1,0,1,0,1,0,0
1721101,260719,22,8,81,75,50,39,64,36,49,1,1,80,62,1,1,0,1,1,0,1
4578368,558044,62,84,20,16,41,1,17,87,85,1,0,90,48,1,0,1,1,1,0,1
4608324,338720,60,47,14,81,7,79,84,90,38,0,1,27,25,1,0,0,1,1,1,1
3336729,647536,39,48,66,13,49,93,61,8,85,0,1,22,93,0,1,1,0,0,1,0
1097421,277448,43,52,65,80,0,56,23,37,74,0,0,99,65,1,1,1,0,0,1,1
322409,559629,85,55,55,78,68,46,59,52,10,0,0,2,28,0,1,1,1,1,1,1
2216716,927262,23,39,67,75,10,35,16,12,62,0,0,32,69,0,0,1,0,1,0,0
2550770,415226,50,23,31,15,47,3,59,89,67,0,0,70,59,0,0,1,1,1,1,0
969598,132039,57,97,65,31,9,74,8,52,96,0,0,68,64,0,0,1,0,1,0,1
3467824,721118,89,71,28,22,14,23,51,74,17,0,0,89,39,1,1,0,1,1,1,1
3531068,692018,93,32,65,33,46,81,91,87,94,1,1,16,10,1,1,0,0,0,0,1
3456415,185074,32,22,33,97,92,90,14,96,27,0,1,80,51,0,0,0,1,1,0,1
1074371,763678,15,76,26,15,24,61,76,48,41,1,0,66,86,1,1,1,0,0,0,0
3032868,661735,21,53,59,33,5,1,27,69,59,0,1,66,89,1,0,1,1,0,0,0
4072998,628773,56,52,38,70,10,14,80,34,21,0,1,33,94,0,1,0,0,0,0,0
1173548,813524,61,48,43,32,16,74,8,15,39,1,0,7,78,0,1,0,1,1,0,0
3544014,136562,81,77,81,67,14,90,55,12,61,0,1,44,72,0,1,0,1,1,0,1
1413475,8729,70,77,35,42,15,48,84,10,2,0,1,59,63,1,0,1,1,0,1,0
3670495,666334,89,79,18,63,55,86,93,86,70,1,0,55,97,0,1,1,0,1,1,1
3159034,647510,71,48,90,70,65,34,74,1,62,0,0,69,80,1,0,1,0,1,1,1
4774293,352360,69,59,44,17,35,93,93,93,19,1,1,21,98,0,0,0,0,1,1,1
243585,613148,29,89,83,67,82,46,35,18,70,0,1,32,99,1,0,1,1,1,1,1
3257213,263360,22,89,20,60,37,23,55,44,70,0,0,49,2,1,0,1,1,1,1,1
2739448,364014,31,64,22,74,84,82,88,45,92,1,0,70,10,1,1,0,0,1,0,1
309556,26398,85,31,93,19,74,59,70,46,25,0,1,82,27,0,0,0,1,0,0,1
1775557,301794,56,78,88,10,2,92,19,48,40,1,1,45,61,0,1,0,0,1,0,1
4227419,943796,8,20,94,78,97,76,54,78,2,0,0,51,47,1,0,1,1,1,0,1
4594539,633177,30,17,26,45,17,47,59,41,42,0,0,73,27,0,1,0,1,0,1,0
2323091,270303,70,93,97,63,78,22,34,32,16,1,1,86,45,1,0,1,0,0,1,1
2209021,365306,8,59,71,80,88,11,73,40,83,0,0,65,63,1,1,1,1,0,0,1
1401482,460982,12,12,18,97,53,40,98,68,97,1,0,20,54,1,0,1,1,1,1,0
742335,230959,57,23,40,75,78,28,0,85,52,0,1,23,82,1,0,1,1,1,1,1
3633977,632122,2,29,25,27,93,69,77,90,51,1,0,47,1,1,1,1,1,1,1,0
4470070,415281,34,1,27,47,16,50,44,98,32,1,0,12,95,1,1,0,1,1,0,0
3760920,550926,96,82,63,34,81,22,68,18,79,1,0,63,74,1,1,0,1,0,0,1
2684413,792505,20,24,67,7,94,30,39,38,59,1,0,4,15,1,1,0,1,1,1,0
3107360,444727,63,49,94,90,81,20,37,6,86,0,0,17,10,0,0,0,0,0,1,1
2982592,744667,94,13,79,21,98,23,97,38,67,1,0,74,2,0,1,1,0,1,1,1
2435000,523490,51,5,50,23,12,71,23,97,55,0,1,36,54,0,0,0,1,0,0,1
4522252,761357,33,75,73,65,62,8,3,33,63,0,0,53,41,1,1,1,1,1,1,1
602690,558608,95,83,47,94,13,21,90,90,96,0,0,31,28,0,1,0,1,1,1,1
4893350,468092,34,86,9,85,58,3,68,43,7,1,1,27,68,1,0,1,1,1,0,0
2748421,39924,14,29,72,63,35,76,12,68,68,1,1,85,91,1,1,1,0,1,1,1
4416263,217792,95,29,38,64,17,97,20,67,32,0,1,44,30,0,1,1,1,1,0,1
4006618,438950,5,37,99,13,4,2,31,62,24,0,0,27,76,1,1,0,0,1,0,0
2154109,859548,84,57,99,24,13,27,37,70,70,0,1,64,24,0,1,1,0,0,0,1
4622880,700385,96,93,18,99,24,89,94,47,6,1,1,69,5,0,1,0,1,0,1,1
3312754,7159,31,40,63,99,43,97,31,2,58,1,1,74,59,0,1,1,0,0,1,1
1584250,578228,51,93,18,2,38,14,78,84,32,1,0,41,66,1,1,1,1,0,1,0
4225717,608724,82,56,75,4,11,7,56,33,40,0,1,32,21,0,1,1,0,1,0,0
261087,475192,96,35,61,64,60,47,47,8,32,1,0,15,40,1,1,0,0,0,1,0
1696176,543966,27,63,12,53,61,98,29,60,28,1,0,12,52,1,1,1,1,1,1,0
2086013,721435,94,97,24,18,52,87,70,19,38,1,1,20,59,1,0,0,0,1,0,1
4834096,445420,84,15,99,96,52,51,37,39,56,1,0,58,38,1,1,0,0,0,0,1
239353,410237,97,87,88,53,27,54,94,11,95,0,0,46,54,1,1,0,1,1,1,1
3560011,667132,63,77,91,93,34,36,43,27,92,0,0,38,95,1,1,1,0,0,0,1
4459622,596451,78,89,41,75,64,3,25,47,63,0,0,87,29,0,1,1,0,0,1,1
616880,770328,77,71,38,9,2,54,99,96,85,0,0,42,70,0,0,0,1,1,1,1
1013168,734115,18,13,29,97,42,11,89,73,65,1,1,26,88,1,1,0,0,0,1,0
425281,159536,14,30,4,15,49,18,1,74,8,0,0,36,1,0,1,1,1,0,0,0
3317697,580425,5,65,80,45,70,78,42,6,28,0,0,2,7,1,0,1,1,1,1,0
3982875,428448,72,67,17,28,8,56,42,81,96,0,0,75,62,0,1,1,1,0,0,1
3195765,852929,83,64,20,14,35,93,62,82,73,0,0,6,58,0,1,1,0,1,1,1
469536,506233,97,54,85,47,22,36,72,13,27,0,1,57,96,0,0,1,1,1,0,1
4572093,996528,37,83,49,10,87,75,57,80,52,1,1,19,27,0,0,0,0,0,0,1
1761729,629773,25,77,5,33,73,82,47,86,45,0,0,78,73,1,1,1,0,1,1,1
2422809,245970,81,39,49,35,49,97,4,18,38,1,0,64,37,0,1,0,0,1,1,1
881669,973952,91,24,79,29,54,6,90,53,75,1,1,73,17,0,1,1,1,0,0,1
4064822,634756,50,24,65,98,11,91,75,59,57,1,0,13,61,1,1,1,1,1,0,1
1319043,5901,72,2,0,72,82,54,34,66,85,0,0,78,76,1,1,1,0,0,1,1
3529462,92980,95,68,56,81,31,27,92,33,53,0,1,97,84,0,0,0,1,1,0,1
2406903,374738,52,25,29,18,23,92,15,88,5,1,1,48,96,0,1,0,1,0,1,0
1941093,481813,55,39,57,67,85,36,82,40,44,0,0,88,22,1,0,0,0,0,1,1
2758231,794313,58,37,51,69,66,83,48,30,39,1,1,94,64,0,0,0,1,1,1,1
4500385,297007,69,37,36,32,26,60,59,38,22,1,0,73,39,0,1,1,1,1,1,0
3280389,771722,77,67,47,95,60,74,50,77,97,0,0,36,59,1,1,1,0,0,1,1
1861909,403838,91,6,86,79,18,38,90,51,41,0,0,5,84,0,1,1,0,0,0,1
2856138,520956,57,93,0,74,72,22,81,46,37,1,0,5,4,1,0,1,0,0,0,0
310078,923882,87,29,18,21,50,51,58,19,15,0,1,27,98,1,0,1,1,0,0,0
2115631,481384,12,18,45,35,63,83,63,95,73,1,1,77,17,0,0,0,1,1,1,1
1604104,492063,42,34,66,22,76,83,12,96,46,1,1,12,37,1,1,1,0,1,1,1
2208187,731546,75,32,1,62,1,10,93,51,20,0,0,12,99,0,1,0,1,0,0,0
1859066,836633,50,32,55,25,35,65,25,94,73,1,1,9,28,0,0,0,1,1,0,1
4373125,256839,18,77,16,59,92,12,69,70,74,0,0,79,25,0,1,0,1,1,1,1
2348815,326395,20,37,91,94,10,76,2,61,20,0,1,38,59,0,0,0,1,0,0,1
4224066,601860,90,9,81,92,97,40,86,4,24,1,0,98,35,0,1,0,1,0,0,1
4706259,568543,82,56,96,4,67,48,11,56,60,0,0,78,81,1,1,0,1,0,0,1
4335314,592500,23,27,78,53,67,14,40,3,97,1,1,22,28,1,1,1,0,1,1,0
1110681,841642,25,77,21,37,63,55,78,10,53,0,0,36,30,1,0,1,0,1,0,0
1807618,392773,44,99,26,61,0,53,64,18,94,1,0,7,62,0,0,1,0,1,1,1
4096830,27499,27,37,54,24,88,30,62,83,90,1,1,89,12,1,1,1,1,0,1,1
4536787,631840,81,15,31,97,25,60,49,26,88,1,1,59,93,0,0,0,1,1,0,1
2955423,449844,99,20,59,11,10,57,46,28,59,0,0,85,70,0,0,1,0,1,0,1
2233350,590648,28,91,82,21,86,86,7,17,41,1,0,4,39,1,0,0,1,0,0,0
2511987,402819,16,96,27,8,1,59,30,36,60,1,0,97,69,1,1,0,1,0,0,1
4796200,491525,67,5,27,83,82,52,10,60,31,1,0,26,1,1,1,1,1,1,0,0
4871399,918898,43,40,73,28,92,85,16,46,52,0,1,18,7,0,1,0,1,1,0,1
271295,876905,60,14,83,43,39,60,26,88,43,1,1,42,73,0,0,1,0,1,1,1
943974,148704,92,2,24,92,3,79,94,19,10,1,0,42,42,1,0,1,1,1,1,0
3645376,690967,67,42,84,26,79,41,26,69,46,1,0,34,48,1,0,1,1,0,0,1
3812600,96873,73,46,77,54,36,28,77,99,89,0,0,83,21,0,0,1,1,1,0,1
1025816,70756,24,98,85,80,60,83,86,48,59,1,0,54,73,1,0,1,1,0,1,1
574705,445210,94,13,25,4,90,91,55,14,35,0,1,60,34,0,0,1,1,0,0,0
3917270,199454,66,65,74,51,4,26,68,17,59,0,1,46,18,0,1,1,0,0,0,1
2056926,992858,1,28,70,12,14,43,93,37,32,0,1,76,3,0,1,1,1,1,0,0
1858845,323488,88,3,16,41,86,92,97,88,96,0,1,55,18,0,1,0,0,0,1,1
2226793,451991,48,25,81,14,66,4,46,83,41,0,0,81,19,0,1,1,0,1,0,1
754594,405565,69,11,6,78,81,51,18,21,99,1,0,17,3,1,0,0,1,1,1,0
347718,862586,25,1,55,17,25,52,56,75,12,1,0,64,48,1,0,0,1,1,1,0
3704473,556752,71,16,63,49,5,51,30,59,13,0,1,95,25,1,0,1,1,1,1,1
2404664,440840,98,34,19,1,43,37,15,96,57,0,1,52,2,0,0,1,0,1,0,1
4541747,126897,26,9,37,86,57,43,44,92,39,1,1,88,51,1,1,1,1,0,0,1
1719163,525082,88,85,74,12,80,52,26,65,64,1,1,84,93,1,1,1,0,1,0,1
4767920,304488,17,42,57,67,45,1,60,25,4,1,0,90,35,1,1,1,0,1,0,0
886976,88791,53,20,15,46,41,53,25,63,29,0,0,10,40,0,1,0,1,1,1,0
2672189,684659,0,14,50,88,47,83,28,95,81,1,1,0,69,1,1,1,1,1,0,1
3341259,708335,60,34,26,74,26,76,43,57,44,1,1,82,50,1,0,1,1,0,0,1
317796,137534,2,84,50,49,19,89,28,2,57,0,0,95,90,0,0,0,1,1,0,1
1441082,911641,67,84,74,11,69,34,94,29,38,0,0,7,15,1,1,0,0,0,0,0
4314639,86441,40,84,15,12,34,45,1,18,11,1,0,18,46,1,1,0,0,1,1,0
2888130,881888,36,59,86,8,75,71,5,9,33,1,0,54,79,0,0,0,0,0,1,0
3874515,873220,50,43,59,58,47,91,8,88,13,0,0,15,45,1,1,0,0,0,1,1
1779159,242612,14,95,75,44,66,78,14,45,37,1,1,98,99,0,0,1,0,0,1,1
1107317,438797,7,4,39,69,67,54,83,18,15,1,0,65,54,1,0,1,1,1,1,0
2685367,236444,37,72,66,42,51,71,57,57,60,1,0,11,97,0,0,0,0,0,1,1
4715488,993793,82,17,1,73,67,10,1,84,58,1,1,92,87,0,1,0,1,1,0,1
868234,805607,55,20,47,22,3,28,2,5,74,1,0,73,38,0,1,1,0,0,0,0
578480,142263,46,71,51,78,38,68,51,50,96,0,0,61,5,0,0,0,0,1,1,1
991971,350578,89,97,23,44,20,62,54,13,78,1,1,85,83,1,0,0,0,0,1,1
701157,613806,9,73,92,22,65,46,52,57,73,1,1,97,60,0,0,0,1,1,1,1
4578727,740518,77,50,97,33,15,6,93,7,66,0,1,57,8,0,0,0,0,0,0,1
4324499,857969,48,40,83,15,6,63,71,1,10,1,1,20,84,1,0,1,0,0,1,0
2813501,907153,40,23,81,62,82,81,39,17,10,1,1,36,10,1,0,0,0,0,1,0
3121944,52645,82,23,77,50,96,63,84,85,15,0,1,4,93,1,0,0,0,1,0,1
4527576,244608,29,95,81,31,8,91,38,56,37,0,0,69,64,0,1,0,0,0,1,1
3283153,552571,4,96,1,37,16,11,42,93,29,1,0,31,90,1,0,0,0,0,0,0
2999487,521369,94,37,64,55,90,11,12,99,40,0,0,66,58,0,0,0,0,1,1,1
3104941,354115,70,43,19,68,96,35,36,91,0,1,0,9,69,1,1,1,0,1,0,0
2300021,884191,82,56,33,16,11,28,54,34,37,1,1,68,6,1,1,1,0,1,0,0
1560828,719483,30,58,40,85,56,10,31,65,97,0,1,87,60,1,0,1,0,0,0,1
818467,107780,51,33,40,38,44,52,13,55,59,0,1,83,56,0,1,1,1,0,0,1
2335619,428240,87,74,74,40,10,69,64,99,18,1,0,61,85,0,0,1,0,1,1,1
4155488,447846,97,94,90,47,12,84,26,81,97,1,1,36,33,0,0,0,0,0,1,1
4874351,822166,22,81,22,81,30,73,23,42,58,1,0,94,83,0,1,0,1,1,0,1
1907923,5515,47,22,37,27,76,95,21,72,99,0,1,46,44,0,0,1,0,0,1,1
328391,902214,39,85,43,76,25,46,77,91,67,0,0,80,44,0,1,1,0,1,0,1
1217026,858159,5,42,66,49,62,32,44,71,9,1,1,48,14,0,1,0,1,1,1,0
4501754,758160,37,81,61,0,30,80,7,7,16,1,1,23,8,0,1,1,1,0,1,0
2469042,900596,40,39,11,49,21,66,90,4,79,1,0,81,81,0,1,1,1,1,0,0
2183509,313360,99,46,29,18,5,42,66,12,84,1,1,25,45,0,0,1,1,1,1,0
316381,338977,26,40,94,97,19,17,63,6,91,1,1,54,45,0,0,1,1,1,1,1
1721701,588043,74,46,86,58,84,73,96,20,71,1,0,6,35,0,0,0,0,1,0,1
1820197,557144,68,19,64,67,9,52,46,92,28,1,0,77,45,1,0,1,0,1,1,1
2431660,513175,56,76,40,66,82,38,20,36,5,1,1,40,41,1,1,1,0,1,0,0
1978226,78870,16,64,19,40,34,71,31,44,93,1,1,1,29,1,1,1,0,0,0,0
1399386,946666,70,67,5,9,25,33,44,51,65,0,1,29,10,1,1,1,0,0,1,0
3638618,142080,90,23,74,27,70,36,43,47,62,0,1,80,32,0,1,0,1,0,1,1
2214484,799419,46,99,98,33,36,40,40,61,30,1,1,19,39,1,0,0,0,0,0,1
3137629,985036,78,35,3,38,7,96,95,77,24,1,1,55,69,1,1,0,0,0,0,1
2657184,101502,12,44,92,82,4,48,51,50,86,0,0,73,42,0,1,0,1,1,1,1
3343963,925836,10,1,9,55,43,9,87,3,20,0,1,23,38,0,1,1,0,1,0,0
4303022,595611,89,27,50,51,99,39,10,85,15,0,0,11,85,1,1,0,1,1,0,0
1618175,437206,85,25,92,99,91,17,84,55,3,0,0,90,38,1,1,1,0,1,1,1
4006688,801305,91,22,37,2,66,24,17,74,45,1,1,14,52,0,0,0,0,1,0,0
3972962,742902,23,78,0,22,71,40,10,33,7,1,0,72,82,1,0,0,1,0,0,0
4391423,483977,92,35,7,16,78,35,26,44,5,0,1,81,85,0,0,1,1,0,1,0
4241776,696804,72,90,80,70,90,1,42,15,52,1,0,47,30,1,1,1,1,0,0,1
2927423,433556,3,5,82,25,48,82,64,8,63,1,1,60,62,0,1,0,0,1,1,0
1960427,634507,45,34,62,17,35,73,53,79,90,1,0,70,24,0,1,0,0,1,0,1
4518427,534321,17,37,32,45,79,48,28,15,50,0,1,27,40,1,1,1,1,1,0,0
3651356,340468,42,34,14,69,25,66,20,94,99,0,0,99,49,1,0,1,1,0,1,1
1331565,807121,79,99,30,30,44,52,28,30,99,1,0,2,58,1,0,1,1,0,0,1
3644084,639044,32,73,20,92,60,18,8,12,62,0,0,15,48,0,1,1,0,0,1,0
3127109,485350,92,93,2,8,43,25,60,4,87,0,0,35,29,1,1,1,0,0,0,0
4572578,501232,9,52,65,34,3,53,61,46,5,0,0,3,44,0,0,1,1,0,0,0
2709079,493455,72,37,34,80,75,50,70,38,61,1,0,98,67,0,0,1,0,0,1,1
3087004,267210,58,92,40,59,80,24,94,17,32,1,1,8,52,1,0,1,0,0,1,0
2131760,643447,30,58,58,75,57,16,90,19,1,1,1,11,25,1,1,0,1,1,1,0
331373,705606,27,42,15,62,25,73,95,1,40,0,0,73,70,0,1,1,0,0,1,0
315294,536821,59,3,55,99,94,60,4,39,15,0,0,43,39,1,1,1,1,0,1,0
3332514,730512,2,4,44,51,78,45,96,29,58,1,0,65,11,0,0,0,1,0,1,0
4535868,771941,54,67,58,47,97,54,14,9,8,0,1,18,0,0,1,1,1,1,1,0
1626388,382972,13,99,49,60,28,49,56,63,68,0,0,12,69,1,1,1,1,1,0,1
4051424,851090,57,44,84,23,8,74,4,41,9,0,0,54,0,0,0,1,0,1,0,1
2415167,829930,88,79,11,73,77,10,19,74,93,0,0,96,7,0,0,0,0,0,1,1
4086402,638316,14,24,91,57,35,11,80,52,6,1,1,64,32,1,0,1,0,0,0,0
889944,803204,1,77,11,63,3,39,3,92,92,1,0,91,67,0,1,0,1,1,1,1
888105,880817,23,10,32,29,58,47,55,52,65,0,1,69,49,0,1,1,1,0,1,0
2810910,971540,77,28,83,28,36,55,84,39,19,1,0,2,5,0,0,0,0,0,0,0
2189173,981035,63,33,48,9,87,7,33,15,62,1,0,24,59,1,1,0,1,1,0,0
3280761,255231,70,85,20,38,80,87,39,47,3,1,1,51,62,1,1,1,1,0,0,1
1614466,17940,99,13,59,54,12,13,68,60,27,0,0,15,51,0,1,0,1,1,1,0
645101,385171,23,23,51,27,19,86,67,91,71,1,0,42,2,1,0,0,1,0,1,1
1305534,546220,26,58,53,17,16,55,21,80,34,0,0,55,78,1,0,0,0,0,1,1
3427802,231377,36,38,38,40,50,53,13,37,1,1,1,67,69,1,0,0,1,0,0,0
1783593,455043,93,25,48,80,90,99,67,43,40,1,1,7,5,1,0,0,1,0,1,1
2003649,983935,90,42,63,74,54,16,7,14,27,1,0,79,36,0,1,1,1,0,1,1
1424665,29648,38,35,99,64,32,44,66,94,74,1,0,43,50,1,1,1,1,1,1,1
2494544,37966,62,38,85,80,20,4,45,60,99,0,1,37,26,1,0,1,1,1,1,1
4553127,425993,78,60,25,99,80,2,28,6,72,1,1,22,45,0,0,0,1,0,1,0
698863,260733,25,15,70,99,21,8,89,29,0,1,0,5,68,0,1,1,1,0,1,0
567654,168639,64,58,6,45,24,83,93,35,26,1,0,42,16,1,1,0,0,1,1,0
2876188,251331,3,95,71,59,66,19,11,89,66,1,0,43,86,0,0,0,1,0,0,1
3495990,939678,28,5,61,8,90,82,78,10,38,1,1,79,16,1,1,0,1,0,0,0
1692785,47598,0,97,89,44,90,20,51,69,72,0,1,79,22,0,0,0,0,1,1,1
997079,195271,49,55,87,59,11,79,57,28,39,0,1,22,38,0,1,0,1,0,1,1
4242787,412014,85,7,23,27,14,32,1,91,27,0,1,15,32,1,0,0,1,0,0,0
4128083,987868,10,93,39,96,83,4,0,78,84,0,0,99,65,1,1,1,1,1,0,1
2899015,940062,73,26,75,2,85,23,54,92,91,1,1,75,9,1,0,0,0,0,1,1
3614527,852516,58,70,46,50,1,62,91,5,23,0,1,8,82,0,0,1,0,0,0,0
1486125,704597,61,26,7,7,3,78,98,75,81,0,1,81,39,1,1,1,1,0,0,1
3940047,725857,80,88,53,69,44,25,33,50,50,1,0,8,72,0,0,0,1,1,1,1
648982,660538,35,45,8,58,12,88,63,79,55,0,0,84,14,0,1,0,0,1,1,1
1372622,253004,55,40,2,60,54,91,67,37,72,0,0,57,42,0,0,0,1,0,1,1
2703771,22118,89,78,53,57,31,32,81,72,25,1,0,64,87,1,0,1,1,1,1,1
3377825,27616,20,24,20,69,21,17,11,21,87,0,1,58,11,0,0,0,1,0,1,0
1196161,136870,12,85,94,92,88,17,49,96,51,0,1,22,21,1,0,0,0,1,1,1
4383839,274745,8,17,47,11,90,37,20,89,5,0,0,68,17,0,0,1,0,0,1,0
866326,816795,10,11,46,8,54,32,9,53,58,0,0,18,65,0,0,1,1,0,1,0
849150,7795,74,86,87,48,16,26,84,39,11,1,0,34,61,0,1,0,1,1,0,1
3575957,102462,69,50,67,82,69,48,88,6,62,0,1,96,60,0,0,0,0,0,0,1
318834,443480,0,38,83,16,50,49,80,95,35,1,1,54,59,0,1,1,1,0,1,0
3439576,370036,69,88,62,53,79,14,69,39,8,1,1,81,78,1,1,0,1,0,1,1
3398649,339977,76,9,15,43,7,76,13,23,73,1,1,39,38,0,1,1,0,1,0,0
4679125,527904,85,93,73,31,60,51,39,40,66,1,0,13,72,1,1,0,0,1,1,1
4449913,270228,55,73,89,34,96,97,81,50,28,0,0,83,21,1,1,1,1,0,0,1
4622201,887297,30,97,92,77,9,67,29,38,70,0,1,12,80,1,1,0,1,1,1,1
1279600,474862,85,76,4,48,97,98,72,82,89,0,1,52,13,0,0,1,1,0,0,1
1225715,792163,36,53,10,53,18,18,13,42,7,1,0,79,94,1,1,0,1,0,1,0
1638533,137201,46,28,28,15,13,94,51,68,42,1,0,94,6,0,0,1,0,0,1,1
2481230,164094,90,40,78,84,66,24,16,93,76,1,0,38,34,0,0,1,1,0,0,1
3703157,268749,77,8,69,11,54,75,61,58,34,0,1,98,33,1,0,0,1,0,1,1
661243,82506,46,62,47,87,60,75,97,24,82,0,0,83,66,0,0,1,1,0,0,1
2258852,769601,68,76,14,97,55,24,21,93,21,0,1,64,62,0,0,0,1,1,0,1
3459360,49130,57,36,83,7,62,32,52,24,79,0,0,55,1,0,1,1,0,1,0,0
2185588,951769,35,13,33,20,86,59,31,72,78,0,1,39,90,0,0,1,1,0,0,0
451451,168402,31,72,59,47,10,36,75,90,65,0,0,45,44,0,0,0,1,1,0,1
4397355,859901,97,71,61,7,46,91,54,23,20,1,0,76,62,1,1,1,0,1,0,1
1952683,151259,63,38,1,27,5,42,79,61,93,1,0,6,1,1,1,0,0,0,1,0
1204646,424007,70,39,79,79,33,8,21,42,70,0,0,44,53,0,0,0,1,0,0,1
1171525,357580,41,53,18,9,64,13,37,58,94,1,0,21,50,0,1,0,0,0,0,0
4067500,206682,47,2,97,51,98,2,49,53,40,0,0,6,40,1,1,0,0,0,0,0
4583711,379485,73,54,48,14,88,68,65,78,40,1,1,83,4,1,0,1,0,0,1,1
649395,228034,80,32,77,3,63,55,44,25,48,0,0,51,84,1,0,0,0,0,1,0
1460386,962371,29,95,87,89,92,25,7,53,98,0,1,99,70,0,0,1,1,1,0,1
3254390,514394,20,70,27,78,86,52,64,60,3,0,0,67,24,1,0,1,0,1,0,1
3579569,923397,59,18,47,99,81,40,39,93,97,1,0,69,0,1,1,1,0,1,1,1
3100603,628982,12,33,95,95,77,81,4,74,64,0,0,66,8,1,1,1,1,1,1,1
3167197,549061,0,77,36,61,80,20,44,92,9,1,0,2,65,0,0,0,0,0,1,0
422866,795671,64,49,73,3,65,38,45,78,93,0,1,57,66,1,0,0,1,0,0,1
1335248,288007,32,46,48,40,30,79,35,43,95,1,0,66,3,0,0,0,0,1,0,1
1846711,318559,37,45,47,72,82,22,16,8,66,1,0,99,20,0,0,0,1,0,0,1
1623286,73968,24,55,72,98,95,92,40,41,9,0,0,53,60,0,0,1,0,0,1,1
3895961,498891,25,56,87,54,61,73,29,28,72,0,1,8,25,0,0,1,1,0,0,1
3377945,589718,76,82,99,27,53,57,51,78,16,0,1,53,43,0,1,0,0,0,1,1
3613821,255072,58,50,28,46,91,68,78,80,66,1,0,79,36,1,0,1,1,0,1,1
383062,6515,91,53,59,8,7,74,19,79,90,0,0,50,77,0,1,0,1,0,1,1
2691518,102206,32,89,28,1,41,28,35,57,52,0,0,15,9,0,0,1,0,1,0,0
3041992,250282,40,80,57,66,40,61,65,85,34,1,0,11,89,1,1,0,1,1,1,1
4494539,764990,29,27,47,47,58,52,44,62,3,1,1,19,73,1,0,1,1,1,0,0
3420468,412821,56,18,22,68,39,44,3,48,67,1,1,52,81,0,1,0,0,0,0,0
1003328,847672,48,26,26,73,21,26,49,10,95,0,1,30,90,1,1,0,1,1,1,0
4262958,10586,47,47,94,27,23,33,87,88,10,0,1,93,80,1,0,1,0,0,1,1
1243233,911851,71,18,6,78,37,13,54,53,43,0,1,20,73,0,0,1,1,1,1,0
1911741,913806,48,96,48,13,1,40,58,29,59,0,1,2,74,0,0,1,0,1,0,0
729525,774565,46,50,53,45,40,73,41,65,69,1,0,20,46,1,0,1,0,1,1,1
376615,560474,55,6,67,86,18,59,1,64,61,1,0,91,87,1,0,1,1,1,1,1
4581932,556216,64,28,77,12,1,41,45,57,98,1,0,27,82,0,1,0,0,1,1,1
2935988,758624,11,42,41,15,91,50,1,56,31,0,1,4,79,1,0,1,0,1,0,0
4801020,743447,68,68,73,93,95,74,49,36,45,1,0,70,22,1,1,0,1,1,0,1
3899391,390134,87,93,58,39,61,10,0,53,22,0,1,68,75,0,1,1,1,0,0,1
741252,354173,5,57,43,71,82,34,12,72,36,1,0,72,53,0,0,0,0,0,1,1
1886293,549999,88,7,97,80,15,18,69,68,89,1,1,46,58,0,0,1,0,0,1,1
3812610,584250,64,41,25,29,93,87,21,23,97,0,0,84,18,1,0,1,1,0,0,1
2364367,25039,24,75,22,80,21,64,16,62,74,1,0,19,24,1,0,0,1,0,1,1
2104050,565849,0,41,72,98,13,75,58,90,57,1,1,37,66,0,1,1,1,1,0,1
344356,211555,31,12,7,64,55,60,85,93,84,0,0,36,12,1,1,1,0,1,1,1
4598165,496087,2,25,52,57,64,46,69,50,42,1,1,57,20,1,1,0,0,0,1,0
3299320,224730,48,17,13,87,44,13,2,14,87,0,0,16,21,0,1,0,1,1,0,0
555612,6577,18,41,70,47,53,66,69,46,14,1,0,41,46,1,0,0,1,0,0,0
3800333,112792,59,50,6,48,65,51,80,72,66,1,0,91,62,0,1,0,0,0,0,1
209435,950854,28,83,8,88,85,31,98,45,1,0,0,94,28,0,0,0,1,0,0,1
4841860,777268,49,15,2,1,45,79,48,29,70,0,0,96,48,1,1,0,1,1,1,0
1948014,243540,1,2,77,88,32,9,49,78,4,0,1,31,24,1,1,0,0,0,1,0
3921309,956302,72,90,16,13,78,16,34,19,52,1,1,61,22,1,1,0,0,1,0,0
4473085,233506,55,78,43,96,49,39,22,56,44,1,1,95,75,0,1,1,1,0,0,1
2488627,741777,16,97,85,16,21,67,71,48,92,0,0,86,48,0,0,0,1,0,1,1
964121,15785,59,44,45,30,39,62,6,55,40,0,1,20,22,1,0,1,1,1,0,0
1369748,77227,35,21,89,9,38,14,49,55,62,0,1,88,4,0,1,1,0,1,1,0
3702630,910112,60,22,57,69,40,96,9,24,95,0,0,32,28,1,0,0,1,1,1,1
2782115,853389,16,58,27,88,74,38,89,8,93,1,0,66,4,1,1,1,0,0,0,1
1307677,594719,48,61,13,36,67,56,54,21,71,1,0,5,38,1,1,1,0,0,0,0
488790,415513,75,67,8,63,6,9,73,76,31,0,1,91,98,1,1,1,1,1,0,1
2844489,863326,59,53,25,29,84,70,18,36,1,0,1,65,34,0,0,1,0,1,1,0
1608836,252941,19,56,1,33,70,96,22,27,9,1,0,31,80,1,1,1,1,1,1,0
1841249,724132,49,22,74,17,3,16,94,13,42,1,1,63,29,0,0,1,1,0,1,0
3893305,155653,2,59,80,87,75,75,63,29,42,1,1,25,55,1,1,0,1,1,1,1
4666271,322336,42,72,33,62,90,16,32,38,66,1,1,61,1,0,0,1,1,1,0,1
4585536,268606,56,87,18,48,58,15,65,56,22,1,1,4,14,1,1,1,1,0,0,0
1552695,395992,49,84,38,55,80,77,91,4,97,1,0,10,50,0,1,1,0,1,1,1
2306692,724533,67,54,81,90,83,2,95,11,81,0,0,73,22,0,0,0,0,0,1,1
1789228,938015,80,79,12,57,94,50,96,34,96,0,0,78,25,1,1,1,1,1,0,1
3743555,343250,49,62,4,26,25,93,8,40,96,1,1,81,10,1,1,0,0,0,0,1
2849103,315809,36,55,49,54,30,45,28,62,59,0,0,48,23,0,1,0,0,0,1,1
1300567,704774,45,54,22,84,98,54,78,41,80,0,0,77,8,1,1,1,0,0,1,1
2485903,348154,41,24,87,18,72,98,17,64,5,1,1,91,77,0,1,1,0,0,0,1
4032065,601861,14,25,28,22,68,25,81,64,12,1,0,93,87,0,0,0,1,0,0,0
249115,229737,32,48,71,46,51,75,70,42,20,0,1,61,70,0,0,0,0,1,0,1
3537690,899235,79,62,25,78,71,30,77,59,94,1,0,59,9,1,0,1,1,1,1,1
921747,648970,10,44,78,65,20,80,28,19,57,1,1,76,96,0,1,0,1,1,1,1
4930530,542674,19,72,56,98,15,71,82,97,84,0,0,83,96,0,0,0,1,0,0,1
3249851,391213,23,78,0,50,50,18,60,97,96,0,0,1,90,0,1,0,0,1,1,0
3023100,59460,63,38,27,83,15,89,4,62,27,0,0,88,71,1,1,1,0,1,0,1
3184626,404437,79,96,61,27,17,67,68,23,69,1,1,58,77,0,0,1,0,0,1,1
1604330,421690,93,64,46,56,46,14,55,91,7,0,1,75,70,1,1,1,0,1,1,1
451492,120375,97,68,77,57,55,57,51,74,76,1,0,24,81,0,0,1,0,1,0,1
4235851,904092,64,55,97,14,27,77,14,71,97,1,1,67,56,1,0,1,0,0,0,1
691072,157117,87,8,58,15,81,29,89,34,57,0,1,41,89,0,1,0,1,1,1,0
1286880,882751,87,69,30,96,77,47,87,40,39,0,1,75,14,1,0,1,0,0,0,1
4899303,121582,72,27,69,46,55,55,82,15,85,1,0,70,32,1,0,0,0,0,1,1
4725897,503909,85,44,48,62,36,41,19,79,0,1,0,54,10,1,1,1,0,0,1,1
2255723,927426,75,25,4,11,15,23,72,5,76,1,0,37,18,1,0,0,1,0,0,0
2448988,772303,16,27,30,42,84,51,91,19,64,1,1,95,41,1,0,0,1,0,0,0
4503244,683066,88,39,36,83,64,42,15,55,9,0,0,42,81,1,1,1,1,1,0,1
1514093,834203,91,14,78,28,59,33,74,74,59,0,0,69,85,0,0,1,0,0,0,1
2964673,581623,60,5,14,48,60,59,97,7,68,0,0,52,57,1,1,0,0,1,0,0
3176242,758375,14,26,51,2,10,82,24,83,19,0,0,90,99,0,1,1,1,0,1,0
4780081,57949,93,37,68,68,74,2,56,95,61,1,0,98,17,0,0,0,1,1,0,1
2848790,468930,50,67,91,59,65,67,20,96,12,1,0,20,17,1,1,0,1,0,1,1
3963024,100558,26,74,96,65,31,10,4,5,57,0,1,19,21,0,1,0,1,0,1,0
2846791,413456,85,84,10,86,18,12,74,91,36,0,0,18,88,1,0,1,1,0,0,1
2910108,893704,73,63,42,89,55,49,8,7,9,1,0,32,51,0,1,0,0,0,0,0
3553597,794148,60,29,69,25,4,81,10,61,2,1,0,62,43,1,1,0,0,0,1,1
265953,152646,57,81,22,70,2,18,64,13,33,1,1,67,30,0,0,1,0,0,0,0
4189618,772175,30,98,39,73,27,43,62,2,33,0,0,59,8,1,0,0,0,1,0,1
2797480,471933,90,2,62,68,89,32,25,1,29,0,1,18,49,1,1,0,1,0,0,0
4397571,509515,11,61,1,46,86,37,73,21,36,1,1,27,60,1,1,0,0,0,1,0
3122097,966570,45,11,78,75,93,2,18,96,67,0,1,21,18,0,0,1,1,1,0,1
357164,722186,30,90,86,95,71,98,15,84,33,1,0,50,51,0,1,1,1,0,0,1
4929930,680573,31,29,85,41,99,64,55,69,31,0,1,87,54,1,0,1,1,1,1,1
2428636,76916,31,84,72,30,28,34,67,70,84,1,0,62,24,1,1,0,0,0,0,1
731831,726511,98,37,46,21,76,35,77,5,57,0,0,61,78,0,1,1,0,0,1,0
3189475,264590,52,84,29,16,58,37,29,49,23,1,1,93,68,0,1,1,1,0,0,1
3406420,777378,60,59,15,83,24,38,6,43,8,0,1,28,74,0,1,1,0,1,0,0
3565884,580194,45,37,58,19,21,24,11,7,40,1,0,73,12,0,1,1,0,1,0,0
3569720,791895,84,14,46,7,96,63,23,23,23,1,0,31,33,0,1,0,1,0,0,0
4911075,954477,73,17,29,97,70,12,21,26,24,1,1,72,71,1,0,1,0,0,0,0
2840328,79694,79,51,8,48,22,67,46,52,35,1,0,24,24,1,1,0,0,0,1,0
891095,418867,6,28,64,86,69,69,29,50,7,0,0,15,90,0,1,0,0,0,1,0
1033727,860126,3,59,58,37,78,74,59,27,92,1,1,14,74,0,1,1,1,1,1,0
1362928,287152,90,20,63,52,78,0,38,58,88,1,0,58,63,1,0,1,0,0,0,1
2383151,75474,51,16,7,27,39,71,19,68,58,1,0,47,81,1,1,1,0,0,0,0
3363683,567473,88,17,51,76,97,53,25,82,34,0,0,17,9,0,0,0,0,0,1,1
4170001,355068,30,56,17,28,13,97,48,72,37,1,0,22,96,0,1,0,0,1,1,0
270640,267048,74,36,90,71,28,8,68,24,91,0,1,54,99,0,0,0,1,1,0,1
4590886,996921,83,59,81,10,15,35,41,43,82,1,0,41,16,1,1,1,1,1,0,1
2200991,785862,35,37,95,46,92,36,5,46,31,1,1,2,4,0,1,1,0,0,1,0
4322263,731499,53,11,57,44,86,58,52,12,50,1,1,70,86,1,1,0,1,0,1,0
4794877,826412,53,74,48,17,9,20,33,52,27,1,0,51,66,0,1,0,0,1,0,0
4455780,551792,16,83,31,49,46,19,68,52,55,0,0,10,9,0,1,1,1,0,0,0
1555531,59970,74,72,47,88,3,0,9,36,98,0,0,54,26,1,1,1,0,1,0,1
875510,283910,29,0,44,48,11,98,27,62,7,1,0,87,55,0,0,0,1,1,0,0
3941196,646232,98,57,53,21,41,58,2,65,40,1,1,98,6,1,1,0,0,1,1,1
2934296,885354,21,2,99,44,97,27,76,39,22,1,0,24,28,0,1,0,0,0,1,0
3531869,409911,42,62,99,60,3,70,47,77,53,0,1,91,48,1,0,1,0,1,0,1
1098320,416012,26,20,84,98,83,55,65,60,22,1,0,75,38,1,0,1,1,0,0,1
2207635,178615,36,22,45,92,91,8,34,94,31,0,0,86,69,0,1,0,1,0,1,1
1426607,937063,45,8,95,20,91,64,51,5,9,0,1,80,8,0,0,1,0,0,1,0
4263960,502666,34,82,30,70,5,35,61,24,80,1,1,40,71,1,0,0,0,1,0,1
3464908,693499,3,54,36,60,13,97,51,45,34,0,1,36,60,0,0,0,0,0,1,0
4460538,125494,79,18,15,75,34,33,46,30,98,1,1,81,77,1,0,0,1,0,1,1
1812818,764229,79,61,45,35,46,80,53,79,62,0,1,54,53,1,0,0,0,1,1,1
2475504,538090,84,86,45,23,57,31,27,62,66,1,0,8,8,0,0,0,1,0,1,1
3425187,996347,25,90,77,31,64,65,22,90,35,1,1,98,59,1,0,0,1,1,1,1
4804299,176277,99,90,87,90,18,99,86,93,92,1,1,35,51,0,1,0,0,1,0,1
4860456,496966,18,38,88,95,56,24,34,67,48,1,0,56,74,0,1,1,0,0,0,1
4298502,301303,80,99,60,58,64,50,31,38,45,1,0,62,10,1,1,0,0,0,0,1
3821581,16516,44,75,45,95,12,62,1,79,26,1,1,81,34,1,0,1,1,0,1,1
4446238,317636,25,26,50,95,7,89,15,35,30,0,0,19,74,0,1,0,0,0,0,0
625523,820518,21,45,61,89,17,44,15,6,33,0,0,84,35,1,1,0,0,1,0,1
3799865,643046,57,33,34,74,34,25,50,84,75,0,0,46,54,1,1,0,1,1,1,1
4399790,559768,62,32,80,81,86,20,66,65,58,1,0,19,2,0,1,0,1,1,0,1
1239458,188163,27,91,41,4,25,81,91,54,53,1,0,5,82,0,0,0,0,1,1,0
3972811,133023,64,94,44,15,37,92,92,71,88,1,0,72,71,0,0,0,0,0,0,1
2517336,377339,43,95,67,10,83,50,53,41,65,1,1,92,52,1,0,1,1,1,1,1
4360435,183838,99,49,74,34,65,23,19,26,29,1,1,28,27,1,0,0,1,1,0,0
2963642,830169,42,19,46,74,25,91,99,1,72,1,0,76,52,0,0,0,0,0,0,1
2009891,276409,36,39,78,41,56,11,32,69,22,0,1,99,53,0,0,1,1,0,1,1
3988340,643453,65,98,29,86,99,10,85,3,8,1,1,90,52,0,1,1,1,1,0,1
2619862,648789,16,94,23,97,24,26,7,20,83,1,0,48,64,0,1,1,0,1,1,1
397775,778617,39,57,65,80,29,22,23,0,54,1,0,5,52,1,0,0,0,1,0,0
2586488,338134,37,30,42,9,81,32,52,37,0,1,0,38,39,1,1,0,1,1,0,0
987494,499670,84,37,33,81,6,79,63,59,55,1,0,31,93,0,1,1,0,0,0,1
1401193,806818,60,85,22,7,26,91,57,75,38,0,1,48,40,1,0,1,1,0,1,1
4143334,896150,8,44,60,25,10,91,36,90,86,1,0,42,37,1,1,0,1,1,0,1
3209758,828857,76,40,94,2,7,37,83,13,17,1,1,27,74,1,0,1,1,1,0,0
733636,126635,74,8,36,58,10,54,11,78,41,0,0,44,28,0,1,0,1,0,0,1
3238370,703614,60,8,12,87,87,69,83,87,95,0,1,64,30,0,0,1,1,0,0,1
4432406,225935,79,62,96,2,29,41,83,81,72,1,0,49,60,1,0,0,0,0,0,1
4468764,516566,15,78,70,37,93,28,3,16,74,0,0,53,73,0,0,0,0,0,1,0
3435658,58634,1,76,95,1,14,33,93,72,64,0,0,50,98,0,1,1,1,1,1,1
1976203,708022,71,21,6,98,55,56,30,46,74,1,0,42,39,1,1,0,1,1,0,1
2476360,878420,42,15,41,16,34,2,85,81,32,0,1,63,92,1,1,1,0,1,0,0
4608249,764144,41,31,37,72,38,5,78,55,29,1,0,94,1,0,1,0,0,1,1,0
4626219,897769,76,65,51,35,23,47,37,52,4,0,1,29,47,1,0,1,0,0,1,0
2734629,497503,56,89,43,85,7,63,36,17,49,1,1,81,0,1,0,1,0,1,0,1
725830,223599,80,13,63,94,42,12,91,68,64,1,0,92,58,1,1,1,1,0,0,1
1532397,242919,87,37,12,97,41,35,74,47,9,0,0,41,31,0,1,1,1,1,1,0
2336233,473668,66,97,87,87,83,78,13,8,59,0,1,37,87,1,1,1,0,0,1,1
918216,408359,29,7,27,72,40,69,74,53,76,1,0,86,1,1,0,0,1,1,1,1
717313,489607,12,99,95,1,46,32,72,34,26,1,1,85,58,0,1,1,1,1,1,1
3865060,938085,18,20,81,84,25,75,23,45,71,0,0,65,2,0,0,0,0,1,1,1
3662565,596731,6,55,97,33,51,56,9,0,27,1,0,68,72,0,1,0,1,0,1,0
1537682,296568,8,45,97,26,87,54,37,40,44,0,0,14,48,0,1,1,1,1,0,0
1486643,355988,82,42,0,36,21,12,42,72,51,0,1,60,87,1,1,0,1,1,1,0
1733584,833416,53,91,42,70,4,96,36,31,65,0,0,95,75,0,1,0,0,1,1,1
594540,46505,85,45,41,21,14,50,41,83,61,1,1,5,33,0,0,0,0,0,1,1
2815075,107478,81,47,94,67,35,91,31,76,75,1,0,77,61,0,0,1,1,0,0,1
4642987,67699,60,69,49,13,62,52,83,39,90,0,1,23,33,1,0,0,0,1,0,1
226790,949461,86,83,59,97,92,35,13,10,76,0,0,84,22,0,0,0,0,0,0,1
1891738,423680,1,30,0,22,78,4,3,61,59,1,1,13,18,0,0,0,1,1,0,0
3108873,905444,49,32,50,43,90,24,23,45,85,1,0,11,51,1,1,1,0,0,1,0
648345,159721,74,43,15,88,48,80,95,47,39,1,1,54,59,1,1,1,0,0,0,1
949074,964569,30,70,38,64,54,36,9,42,14,0,1,67,95,1,1,1,1,0,1,0
3885501,826190,32,7,14,78,71,18,15,50,94,0,1,43,27,1,0,1,1,1,0,0
2079490,141668,77,72,32,95,59,34,38,60,6,1,1,84,89,1,0,1,0,1,1,1
4087857,283518,79,1,86,77,56,33,95,41,38,0,1,80,48,1,1,1,0,1,0,1
3376083,647974,10,16,52,60,28,53,17,25,50,0,1,92,44,1,0,1,1,1,0,0
1654908,270919,32,51,97,84,18,45,24,10,98,1,0,50,75,0,1,1,1,1,0,1
2453694,818820,6,44,16,54,94,5,6,24,6,0,0,79,94,0,1,1,1,0,0,0
3519144,390944,30,36,88,70,72,82,55,39,11,1,0,81,59,0,1,1,0,0,0,1
505062,812461,47,41,5,99,9,0,46,24,13,1,1,37,74,1,0,0,0,0,0,0
2587312,613269,46,43,30,84,9,70,81,83,33,1,0,40,55,1,0,1,1,1,1,1
3893976,320783,77,80,68,49,96,33,81,74,38,1,1,43,3,0,0,0,1,1,0,1
4608224,119010,91,37,39,11,88,55,2,73,72,0,1,74,17,1,0,0,0,1,1,1
4235493,937149,52,98,29,78,56,82,0,51,63,1,0,95,28,0,1,0,0,1,0,1
3588532,560393,79,93,68,14,53,96,32,2,96,1,0,91,38,0,1,0,1,0,1,1
1625541,528472,18,5,75,16,55,25,70,38,11,1,0,15,54,0,1,0,0,1,1,0
2071403,411884,80,67,6,33,67,41,73,90,33,0,1,97,57,1,0,0,0,0,0,1
1021052,264021,89,50,12,34,68,90,58,34,26,0,0,49,46,0,0,1,0,1,1,1
2007150,152032,5,34,3,38,86,37,71,39,21,0,1,93,30,1,0,0,1,1,1,0
2425300,655807,48,57,49,77,54,25,31,94,17,0,1,37,27,0,1,0,1,0,1,1
2055567,147429,72,56,2,54,68,98,86,84,45,1,1,85,26,0,0,1,0,1,1,1
1734837,462820,49,72,11,58,71,58,16,21,43,0,0,4,29,0,0,0,1,0,0,0
3701268,894171,80,5,64,4,80,83,77,61,17,0,0,8,48,1,0,0,1,0,1,0
3538442,318940,94,12,26,29,0,23,16,18,36,0,0,76,41,0,1,1,1,0,1,0
4654051,282948,11,58,49,3,11,20,88,13,6,1,0,38,74,0,1,0,0,0,0,0
623570,657020,22,85,76,14,34,59,20,49,67,1,1,86,77,1,1,1,1,0,1,1
2573139,674986,53,91,16,34,77,89,54,61,79,1,1,26,67,0,1,1,1,0,0,1
1058158,164204,68,29,71,73,81,19,5,86,85,1,1,31,99,0,0,0,0,1,0,1
2314792,799383,99,99,31,54,73,5,83,89,59,0,1,63,0,0,1,0,0,1,0,1
252528,928953,58,1,83,65,78,66,48,42,47,0,0,94,43,0,0,0,1,1,0,1
2073421,286209,35,57,50,59,32,9,83,54,50,0,0,32,36,1,1,0,1,1,0,0
2798260,892935,2,35,16,23,82,11,25,39,99,0,1,89,32,0,1,1,1,1,1,0
1617077,110072,57,71,33,91,97,96,31,11,83,0,0,17,20,0,1,1,0,0,1,1
3495887,669490,87,44,34,21,24,21,71,64,94,1,1,75,87,1,0,1,1,1,1,1
3518230,94360,54,8,98,43,15,61,43,33,51,0,1,66,39,1,1,0,0,1,1,1
2452728,67287,56,64,23,31,7,60,58,82,96,1,0,4,60,0,1,0,0,1,0,1
2685195,243009,16,76,53,94,34,79,28,22,76,1,1,77,12,0,0,0,0,1,1,1
4460507,712062,38,49,17,82,84,16,16,70,51,1,0,58,97,0,0,0,1,1,1,1
360775,697353,89,78,49,50,82,9,17,6,83,0,0,75,37,1,1,0,1,0,0,1
2867867,692235,67,31,45,84,45,11,39,64,53,0,1,3,28,1,0,1,1,1,0,0
1763299,775644,54,97,47,2,10,82,62,17,40,1,0,15,52,1,1,1,0,0,0,0
3669401,666414,44,42,32,69,60,39,81,7,41,0,0,74,63,0,1,1,0,0,1,0
3975803,235881,75,94,86,31,43,22,74,88,21,0,1,99,35,0,0,1,1,1,0,1
1544027,112357,0,77,88,1,10,39,44,41,38,0,0,47,4,1,1,1,1,1,1,0
4366500,446733,20,53,26,87,10,73,75,92,22,0,0,65,19,1,0,0,0,1,1,1
991267,212440,82,46,0,58,21,73,78,86,47,1,0,76,92,0,1,1,1,1,0,1
697562,558958,20,13,84,90,84,49,89,92,32,0,0,7,10,1,1,1,1,1,1,1
4048693,840544,51,47,58,72,90,9,2,0,40,0,0,43,71,0,1,1,0,0,1,0
4778238,879820,81,54,9,76,81,93,2,78,29,0,0,20,27,1,1,0,0,0,1,1
4237776,356300,42,28,94,13,61,3,37,14,77,1,1,25,48,0,0,0,1,0,1,0
2204168,164379,51,46,24,50,47,0,98,27,46,1,0,34,40,1,0,1,0,1,1,0
4210912,773447,66,62,83,10,93,42,72,35,99,0,1,14,17,0,1,0,0,1,0,1
4711732,203159,43,18,56,77,62,82,39,95,56,0,1,39,29,1,0,0,1,1,1,1
2379996,839354,31,90,65,79,50,4,67,45,71,0,1,29,13,1,0,1,0,1,1,1
1800396,199152,9,8,14,9,44,93,53,76,56,0,1,65,55,1,1,0,1,1,1,0
3511149,884780,63,36,27,83,32,89,19,20,61,1,1,79,72,1,1,0,0,1,0,1
322402,608623,78,91,12,79,84,33,14,48,85,1,1,12,73,1,1,0,1,1,1,1
1366588,817744,68,51,13,57,59,65,92,38,56,1,0,0,88,1,0,1,0,0,0,0
4832965,71985,67,56,65,33,1,23,4,37,67,1,0,42,51,0,1,1,0,0,0,1
2696081,660032,27,87,33,79,12,13,38,8,98,1,1,27,90,1,1,1,0,1,1,0
2877618,781001,52,27,98,77,65,40,39,19,71,1,1,0,65,0,1,0,1,0,0,1
4967999,980112,50,35,24,52,56,41,6,83,97,0,1,39,66,1,0,1,0,0,0,1
4857860,488178,52,63,53,27,42,12,71,7,85,1,0,33,28,1,0,0,0,0,0,0
775278,892395,3,17,78,17,44,28,95,13,24,1,0,12,26,0,0,0,0,1,0,0
1378049,176349,78,88,11,25,30,64,99,61,88,1,1,60,67,0,1,1,0,1,1,1
3280201,560839,16,34,8,6,9,45,32,83,39,0,1,65,34,0,0,1,1,0,0,0
4872311,619101,66,67,30,44,22,33,36,34,16,1,1,3,90,1,0,0,0,0,0,0
3762737,454813,73,77,77,97,85,62,31,54,79,1,1,88,82,1,1,0,0,0,1,1
3664442,892457,46,38,92,44,28,3,42,44,47,1,1,97,9,0,1,1,0,0,0,1
1474732,391486,55,89,52,70,96,27,62,20,38,1,1,12,25,0,0,1,0,0,0,0
3514692,705572,22,7,42,96,30,82,35,52,14,0,0,35,70,0,0,0,1,0,0,0
4393398,14637,17,87,37,34,77,0,97,53,16,0,0,95,90,1,0,0,0,1,0,0
4919607,834690,0,79,41,51,73,35,48,85,34,0,0,60,93,0,0,1,1,0,0,1
1310389,958197,34,83,71,20,17,12,24,42,32,1,1,57,75,0,1,0,1,0,1,0
227712,932328,63,14,47,27,10,4,95,5,17,0,0,84,60,1,1,0,1,1,1,0
4271647,658841,57,6,66,95,46,96,65,54,29,0,0,89,68,0,0,0,0,1,0,1
4112942,556238,94,16,65,43,2,13,8,43,86,0,1,14,55,1,1,0,1,0,0,0
312816,421704,58,85,15,79,1,79,92,90,36,0,1,92,76,0,1,1,0,0,1,1
1835156,657158,0,85,82,55,53,31,17,67,6,0,1,89,63,0,0,1,1,0,1,1
335230,502760,2,63,93,9,71,49,21,3,73,1,1,84,40,0,0,1,0,0,0,0
1966616,5215,66,11,15,22,30,26,98,62,79,1,1,11,3,0,0,0,0,0,1,0
4663418,372747,36,81,30,47,7,34,14,91,27,1,0,75,65,0,1,0,0,0,1,1
1583194,802955,82,55,57,51,42,2,6,90,86,1,0,68,36,1,0,1,1,0,1,1
3301360,998404,28,45,27,14,47,3,12,57,97,1,1,60,33,0,0,0,0,1,0,0
2081548,860121,88,46,3,54,1,6,35,53,17,1,1,41,49,0,1,0,1,0,0,0
4545760,28834,32,78,9,42,21,76,15,80,46,0,0,89,69,0,0,0,0,1,0,1
3451298,301618,99,15,50,49,4,2,40,37,22,0,0,31,89,0,1,1,0,0,1,0
4665150,572354,60,68,17,5,6,80,20,59,19,1,0,1,74,1,0,0,0,0,0,0
200404,277544,92,1,46,32,19,58,27,51,30,1,1,7,41,0,1,0,1,0,1,0
1523483,916643,89,91,31,61,91,73,73,28,13,1,1,90,0,1,1,1,1,1,0,1
1922320,539633,3,53,29,54,76,0,82,39,22,1,1,53,33,1,0,1,0,1,0,0
2532517,38896,13,26,35,38,1,27,16,70,1,0,1,7,84,1,0,1,0,1,1,0
4737090,483646,90,30,8,11,31,58,64,7,28,0,0,87,9,1,0,0,0,1,0,0
3396340,820331,32,40,35,99,89,52,12,96,49,1,0,12,4,0,0,1,0,0,1,1
363273,504387,21,35,28,30,2,9,35,95,72,1,1,28,89,1,0,0,0,0,0,0
4054418,819661,47,46,15,73,40,70,57,34,58,1,0,12,43,0,1,1,0,1,0,0
3852692,515269,2,42,91,52,41,2,19,81,32,1,1,57,18,1,0,1,1,0,1,0
1287341,272727,86,64,20,33,76,6,51,15,47,1,0,62,20,1,0,1,0,0,1,0
4177266,927401,84,49,63,40,84,8,5,17,43,1,1,86,33,1,0,1,1,1,0,1
3231756,518622,22,92,65,9,44,98,22,58,11,0,1,46,28,1,1,0,1,1,1,1
1043523,76537,67,0,58,51,86,89,41,88,82,0,0,78,78,1,0,0,0,0,0,1
746237,769777,20,71,98,74,70,68,23,33,41,0,0,87,39,0,1,0,0,0,0,1
4240479,402783,42,56,27,56,16,12,4,3,83,0,0,86,79,0,1,1,1,1,0,0
292193,604095,94,15,54,77,91,93,31,68,94,1,0,73,17,0,0,0,1,0,1,1
3381915,658936,84,27,99,2,46,39,45,77,34,0,0,37,48,1,0,1,1,0,1,1
4900254,904084,25,85,30,56,93,61,16,64,40,0,1,68,60,1,1,1,0,1,0,1
1386887,475455,40,81,32,32,68,61,74,60,84,1,1,68,64,0,1,0,0,0,0,1
3208038,673689,98,21,86,6,23,9,26,85,54,0,1,94,74,1,1,1,1,1,1,1
708153,237117,37,40,59,3,70,86,67,45,12,0,0,39,35,1,1,1,1,0,0,0
3534817,778068,87,75,40,38,33,10,22,20,38,0,1,0,95,1,1,1,0,0,0,0
3782069,338936,10,18,80,47,49,75,86,76,90,1,0,1,91,0,0,1,1,0,1,1
2915514,398444,28,88,45,73,41,61,33,99,88,1,0,28,69,0,1,1,0,0,0,1
2858571,218286,59,49,48,78,32,76,20,92,65,1,0,6,6,1,1,0,0,0,1,1
1879748,566340,66,58,64,15,26,55,21,37,34,1,1,92,60,0,1,0,1,0,1,1
2423069,455985,64,68,41,37,77,48,64,72,71,0,1,56,63,1,1,1,0,0,1,1
3645498,51032,60,33,22,3,58,15,31,96,32,1,0,54,87,0,1,1,0,0,0,0
681680,509910,18,38,26,3,18,72,61,85,88,1,1,72,73,0,0,0,1,0,1,1
2836694,300830,45,73,88,99,75,73,27,80,84,1,1,35,29,0,0,1,0,0,0,1
3161293,868413,48,6,31,26,2,92,81,59,35,0,0,6,16,0,1,0,0,0,1,0
4300673,628090,21,51,82,85,70,8,6,86,12,0,0,91,43,1,0,0,1,1,1,1
1734026,985765,77,59,87,85,98,32,53,35,55,0,1,9,71,0,1,1,0,1,0,1
515826,925313,56,51,2,16,24,87,69,5,45,0,1,79,75,0,0,1,0,0,1,0
3667366,239337,13,78,59,97,14,34,13,38,72,1,0,73,25,1,0,1,0,1,1,1
527359,177857,43,23,75,95,82,74,93,28,98,0,1,38,16,1,0,0,1,0,1,1
3948603,434763,15,25,98,69,59,38,54,26,45,1,1,57,34,0,0,0,0,0,0,0
4401253,309962,96,89,78,53,82,76,57,68,99,0,1,89,45,1,1,1,1,0,0,1
3060337,891854,76,89,16,96,22,86,43,8,43,1,0,97,4,0,0,1,0,0,0,1
517537,339071,11,9,31,7,10,24,45,23,45,0,0,97,44,0,1,0,1,1,1,0
750222,726041,54,16,6,52,58,79,13,62,73,0,0,39,74,0,0,0,1,0,1,1
2773619,346609,50,77,82,99,84,55,43,18,68,0,1,13,15,0,0,0,0,1,0,1
2653752,750222,38,1,70,4,33,47,40,96,30,0,0,81,57,1,0,0,1,0,1,0
1564133,755887,32,76,68,68,6,84,72,29,23,1,0,0,41,1,1,1,0,0,1,1
2132247,642509,32,26,57,46,43,9,94,57,31,0,1,16,93,0,0,0,0,0,0,0
1553038,304477,28,72,39,73,90,40,1,39,66,1,1,48,59,1,0,1,1,0,1,1
450875,131457,68,70,84,39,63,82,81,67,15,1,1,85,55,1,0,0,0,0,1,1
4857693,283720,69,47,47,6,22,98,4,31,56,0,1,15,5,0,1,0,1,1,0,0
4464694,124875,30,73,50,11,57,58,89,64,83,0,0,6,19,0,0,0,0,1,1,0
907689,830837,79,8,56,93,19,27,86,33,23,0,0,14,83,0,0,0,1,1,1,0
4647794,885432,30,85,70,24,26,40,11,84,33,0,1,20,23,0,1,1,1,1,1,1
1815952,471995,88,22,36,27,59,65,77,30,51,1,0,65,90,1,0,1,0,1,1,1
1496516,560889,45,70,86,42,7,50,76,58,47,1,0,58,66,0,0,1,0,1,1,1
2730179,859378,96,72,74,76,66,61,98,77,86,0,1,47,87,0,1,0,0,0,1,1
1756617,989860,76,26,73,46,1,29,46,25,52,1,1,88,51,1,0,1,0,1,1,1
3663351,319260,51,87,84,48,21,39,78,21,54,0,1,72,9,0,1,1,1,0,1,1
1465040,522965,9,92,54,85,69,39,34,33,37,1,0,83,24,0,1,1,0,1,1,1
2054971,515472,87,80,40,53,35,68,18,96,1,0,0,49,91,1,1,1,1,1,1,1
850199,633474,73,83,96,17,23,61,78,12,68,1,0,9,81,1,0,0,1,0,1,1
4234628,854326,40,70,19,26,11,14,62,95,81,0,0,51,44,0,1,0,0,1,0,1
2049396,694995,94,42,32,71,80,99,7,54,52,0,0,84,77,0,1,0,0,0,1,1
2891276,798897,76,6,39,5,21,2,22,7,49,0,0,67,0,1,0,0,1,0,0,0
828861,586042,2,91,98,74,82,23,12,61,28,0,1,29,83,0,0,1,1,0,1,1
2726954,234047,58,82,33,92,72,40,22,21,73,1,1,33,24,1,0,0,0,1,1,1
861614,97850,51,62,61,68,75,62,30,55,54,0,1,93,75,1,1,0,0,1,1,1
4893174,901197,33,83,99,70,95,47,29,83,60,0,1,77,72,0,1,0,1,0,0,1
3557519,745479,48,43,90,21,94,60,41,20,49,1,0,85,8,1,1,1,0,0,1,1
866997,359835,27,38,18,58,80,47,1,97,15,1,1,64,41,0,0,0,1,1,0,0
1926351,568159,82,39,42,46,22,46,10,48,86,0,1,59,62,1,1,0,1,0,1,1
1272647,198946,86,6,68,67,73,55,24,93,93,1,1,7,24,1,1,0,1,0,0,1
1831107,475949,95,69,62,31,62,75,28,5,69,1,1,74,93,0,0,0,0,1,1,1
1228455,820943,12,24,92,82,29,7,21,34,43,0,0,64,47,0,1,1,1,1,0,0
1505794,872392,96,58,9,96,18,77,18,26,99,0,0,68,54,1,0,1,0,1,0,1
2150367,971325,97,12,12,0,25,17,72,83,83,0,0,56,91,0,0,1,0,0,0,0
2110705,857208,96,85,92,53,89,83,40,39,15,0,1,44,65,1,1,0,1,1,1,1
1801596,254200,68,80,4,45,10,22,37,13,27,0,1,48,88,0,1,0,1,0,1,0
3991481,730527,66,85,57,40,19,68,28,73,56,1,0,73,81,0,1,1,0,1,0,1
4350276,997639,60,97,58,40,55,64,73,51,25,1,1,61,23,0,1,0,0,0,0,1
2582357,311606,59,61,75,7,44,45,21,78,85,0,1,38,81,0,0,1,0,1,0,1
3687124,459598,70,7,58,31,67,65,87,39,10,0,0,76,90,1,0,1,0,0,0,0
2445131,488410,23,44,76,29,46,79,7,42,0,0,1,20,43,0,1,0,1,1,1,0
4446049,763741,62,17,85,45,75,68,46,57,68,0,1,99,55,0,0,1,0,0,1,1
291865,561862,85,87,14,91,88,21,5,2,42,1,1,52,34,0,0,1,0,0,1,1
4244588,631360,60,59,76,51,57,64,6,14,45,1,1,44,33,0,1,0,0,1,1,1
1272200,440126,22,59,0,95,9,11,83,44,35,0,1,96,5,0,0,0,1,1,0,0
2320473,209603,29,1,37,88,21,18,80,94,65,1,1,27,48,0,1,0,0,0,1,0
2700856,685546,59,65,52,97,70,21,35,10,56,1,1,52,15,0,1,1,0,1,1,1
3106158,683173,17,90,51,60,23,54,7,38,5,0,1,8,86,1,0,0,0,0,0,0
4268472,739172,95,13,0,96,65,61,76,18,61,0,1,74,91,1,1,0,0,0,0,1
1422869,745885,55,47,10,12,95,50,87,78,26,1,1,92,12,0,0,0,0,0,1,0
2483869,869714,52,55,57,88,84,47,45,19,25,1,0,70,11,1,0,0,1,0,0,1
3325354,114779,6,11,39,39,60,16,63,85,98,1,0,60,10,0,0,0,0,1,1,0
4282494,23557,96,95,85,60,6,12,30,70,12,1,0,26,46,1,0,0,1,0,1,1
1629551,164132,68,91,98,43,71,27,22,55,75,0,0,21,59,0,1,0,1,1,0,1
2481020,457082,91,54,59,61,37,66,60,77,17,1,1,94,48,0,1,0,0,0,1,1
2956944,339248,71,27,43,43,20,4,80,3,37,0,0,29,51,0,0,0,0,0,0,0
4982883,761265,78,88,5,47,7,99,49,8,5,1,0,91,60,1,0,0,1,0,1,1
2487623,482793,51,3,27,73,88,59,45,24,91,1,0,83,85,0,1,1,1,1,0,1
1114032,666440,3,89,30,58,27,14,87,46,27,0,0,14,94,0,1,1,1,1,0,0
4182588,149926,33,35,7,56,91,80,42,98,88,0,0,14,90,0,0,1,1,0,0,1
1767438,913445,68,49,4,94,53,43,9,48,4,1,1,52,90,0,1,1,1,0,0,0
1117559,728055,32,2,53,10,30,45,94,26,58,1,0,75,39,0,0,0,0,0,0,0
835605,687385,68,0,16,24,99,28,19,27,78,0,1,80,89,1,1,0,0,0,0,0
4783897,189054,37,16,37,60,88,67,15,87,72,1,1,22,70,1,0,1,0,0,1,1
1015131,570369,97,70,8,45,40,95,77,96,44,0,1,69,74,1,1,0,1,1,0,1
267661,926872,25,61,73,53,36,48,2,96,52,0,1,15,52,0,1,0,0,0,1,1
2278007,759981,0,47,83,33,37,42,29,61,1,1,0,90,60,0,1,0,0,1,0,0
1507506,386325,3,61,77,83,50,67,17,15,48,1,1,86,21,0,0,0,1,1,0,1
2171206,818526,38,68,13,6,75,76,58,86,72,0,1,64,82,1,0,0,0,0,0,1
3101614,968544,53,18,25,96,36,19,69,45,89,0,1,44,37,0,0,1,1,1,1,1
3166422,333910,89,33,92,61,30,17,83,74,86,0,0,6,83,1,1,1,1,0,0,1
3908654,874485,32,98,61,56,61,63,34,45,62,0,1,44,60,0,0,1,1,0,1,1
318033,160063,32,48,90,98,17,48,18,39,91,0,0,38,82,0,1,1,0,1,1,1
830265,792733,71,79,24,92,89,41,25,82,69,0,0,49,82,1,0,1,1,1,0,1
2910309,688970,19,46,79,75,5,11,34,33,57,1,1,48,99,0,0,1,0,0,0,0
3118258,610751,15,90,35,4,8,88,75,86,3,1,1,47,46,0,0,1,1,0,1,0
1415502,695038,20,49,97,75,10,93,71,9,29,0,1,48,26,1,1,1,0,0,0,1
4826038,291610,44,88,79,92,94,78,56,0,56,1,1,39,80,1,0,1,1,1,1,1
1621796,478656,89,25,32,34,1,35,48,65,46,0,0,38,17,1,1,0,0,1,0,0
2962779,963379,86,55,2,83,28,7,9,85,17,0,1,56,19,0,1,0,1,0,1,1
2519049,31081,81,77,86,36,50,27,84,16,93,0,0,81,41,0,1,0,0,1,1,1
3920464,29354,61,13,10,59,68,85,28,46,90,1,0,62,40,1,1,1,0,1,1,1
2392614,622585,30,77,57,64,22,59,94,23,94,1,0,99,71,1,0,1,0,0,0,1
970173,809732,41,24,63,15,99,48,70,49,43,0,0,55,57,0,1,1,1,0,1,0
2869355,69384,11,99,17,29,6,37,97,84,51,0,1,85,39,0,1,1,1,0,1,1
3612504,886459,64,3,46,72,55,79,97,28,48,1,0,1,74,0,0,1,0,0,1,0
667010,650972,72,78,43,41,76,57,93,77,29,1,0,25,29,0,1,1,0,0,0,1
1855016,852324,2,31,92,60,61,4,67,71,51,0,1,95,11,0,1,1,0,1,0,1
1897900,40525,89,81,58,73,73,45,93,93,36,0,1,22,61,1,0,0,1,0,1,1
4780497,949036,8,77,49,76,99,97,88,85,62,1,1,17,61,0,1,0,0,1,1,1
4421038,11464,50,64,68,47,79,74,77,86,11,1,1,82,86,0,0,1,1,0,1,1
1123875,545850,15,60,87,61,14,1,23,12,16,0,0,87,69,1,1,1,0,0,0,0
2323221,898824,87,19,28,83,52,88,42,63,33,0,0,67,98,1,1,0,1,0,1,1
4080993,584802,77,73,92,92,42,24,94,27,27,0,0,59,14,0,0,1,0,0,1,1
4931502,380572,2,9,89,63,82,0,38,93,3,0,0,1,91,0,1,0,1,0,0,0
2768103,117564,97,87,66,56,84,94,91,4,97,0,0,93,6,0,0,1,1,1,0,1
281264,375191,96,33,1,67,34,68,24,73,45,0,0,48,5,1,1,0,0,0,1,1
223275,472435,23,60,24,45,78,39,82,8,13,1,1,37,26,0,0,0,0,1,1,0
2893714,561922,72,91,18,27,13,67,67,13,12,1,1,30,1,0,1,1,0,0,0,0
2660072,791492,12,26,39,76,92,68,33,9,57,1,0,39,5,0,0,1,0,1,1,0
772735,800701,1,39,1,2,68,68,95,32,48,0,0,79,60,1,1,1,0,0,0,0
2200609,199215,70,64,82,36,48,15,88,74,49,0,0,52,31,0,1,1,1,1,0,1
1112826,552353,20,32,64,47,17,53,85,39,66,1,0,63,28,0,0,0,1,0,0,1
2897143,270039,18,67,61,18,50,62,52,5,20,1,0,32,97,0,1,0,1,0,1,0
1062522,348003,88,70,90,91,0,17,91,16,79,0,1,57,64,0,1,0,0,0,1,1
1003692,672712,46,8,53,82,26,16,54,35,50,1,1,49,14,1,1,1,1,1,1,0
1361157,972241,21,15,44,16,63,98,52,69,37,1,1,63,9,0,0,0,0,0,0,0
1514532,109127,74,4,48,81,59,81,17,60,25,0,0,2,9,1,1,0,1,0,1,0
621240,101426,32,97,98,81,90,3,6,73,5,1,0,60,9,1,1,1,1,0,0,1
4059744,954520,31,22,68,86,88,94,62,48,17,1,1,81,36,1,1,1,0,0,1,1
1144789,197376,63,42,37,39,40,94,74,68,5,1,0,9,31,0,0,0,0,1,1,0
3307092,16962,84,88,3,49,20,8,41,82,40,0,0,65,35,0,0,0,0,0,0,1
2413573,38302,38,56,16,72,13,30,10,70,56,0,0,50,63,0,0,0,1,0,1,1
725893,352526,83,50,52,28,19,4,8,23,49,1,0,93,88,1,1,1,1,0,0,1
2455363,9011,71,12,84,50,91,99,34,50,24,1,1,29,14,0,1,0,1,1,0,1
4581514,921148,41,23,52,41,84,15,86,41,47,0,0,24,72,1,1,1,0,0,0,0
4348887,24782,8,10,30,28,86,41,96,18,23,0,1,42,15,1,0,1,1,1,1,0
1407094,203763,24,51,21,65,10,40,64,61,29,0,0,87,82,1,0,1,1,1,0,1
2421192,649942,88,16,10,16,65,79,83,74,86,0,1,63,45,0,1,0,1,1,1,1
868406,437941,96,36,33,30,83,83,4,66,44,0,1,58,43,0,0,1,0,0,0,1
3868866,538484,1,12,14,91,23,29,92,29,42,1,0,61,75,1,1,0,1,1,0,0
4812338,48459,18,61,9,51,88,25,25,37,71,0,1,98,34,1,0,1,1,0,0,0
3053406,616533,19,90,95,38,36,48,50,5,55,1,1,9,50,1,0,0,1,0,0,0
1233255,527829,92,83,52,59,85,30,37,98,72,1,1,63,57,0,1,0,1,1,1,1
3252766,608151,69,96,47,93,23,49,2,21,69,0,1,93,4,1,1,0,0,1,0,1
740677,914638,16,95,30,98,14,14,84,10,32,0,1,59,37,0,1,0,1,1,0,0
3294235,779751,88,7,36,50,11,51,58,71,96,0,0,89,5,0,0,1,0,0,1,1
1371459,368154,67,55,27,83,94,37,12,90,44,1,1,98,50,1,0,0,1,0,0,1
3059653,37769,93,92,30,15,63,37,94,28,6,0,0,87,13,0,0,1,0,1,0,1
2166197,374673,83,82,69,97,30,59,80,7,17,1,1,19,47,0,0,1,1,1,0,1
587952,785721,2,69,13,13,52,19,34,86,69,0,1,48,11,1,0,1,0,1,1,0
2409373,29700,86,43,86,89,93,98,86,92,44,1,0,98,85,0,0,1,1,0,1,1
4347703,776152,50,59,15,83,83,86,2,79,36,1,1,73,51,0,1,1,1,1,1,1
1230117,740716,81,40,24,41,71,43,52,34,20,0,1,26,67,0,0,0,1,1,1,0
3096818,998931,25,20,38,50,43,88,54,71,89,0,1,50,58,0,0,1,1,0,1,1
2557821,236237,55,85,65,23,29,62,44,71,78,1,0,56,17,0,0,0,0,1,1,1
725134,796701,99,41,37,81,34,49,65,44,43,1,0,78,52,0,0,0,0,0,0,1
444761,913063,63,73,40,42,20,21,66,32,29,0,1,78,30,0,0,0,0,1,0,1
3130098,311024,7,73,97,72,62,71,83,4,10,1,0,36,34,1,1,0,1,0,1,0
3171820,119003,80,28,39,18,91,53,43,61,7,1,1,98,3,1,0,1,0,0,1,1
264323,144392,94,79,63,83,16,8,72,36,4,0,0,2,8,0,1,1,1,0,0,0
1437715,54589,36,64,88,60,11,14,67,16,7,0,0,28,14,0,1,1,0,1,1,0
1154480,255606,96,16,99,93,17,47,61,21,4,1,0,67,41,1,0,0,1,1,1,1
2532811,736636,26,29,15,62,91,19,24,77,9,1,1,46,58,0,0,0,1,1,0,0
1054016,565185,44,25,81,25,59,34,51,31,14,0,0,79,84,0,1,1,1,0,1,0
1064909,194637,3,52,76,94,66,66,49,13,55,0,1,68,95,0,0,1,1,0,0,1
1250493,691290,85,18,58,34,14,59,0,19,54,0,0,20,72,0,0,0,1,1,0,0
482762,717593,89,52,90,66,15,97,38,21,2,1,1,41,31,1,0,1,0,0,0,1
1805118,218893,95,84,97,55,21,33,51,29,40,0,1,20,79,1,0,0,1,1,1,1
3083427,805812,87,16,10,39,94,99,75,53,9,1,0,1,44,0,0,0,0,0,0,0
1616012,737256,98,45,0,28,62,98,39,32,6,0,0,77,4,1,1,1,0,0,1,1
771650,75934,36,84,12,5,30,72,59,4,62,0,1,68,30,0,1,1,1,1,1,0
4676576,585118,95,52,29,51,0,93,87,17,62,1,1,6,24,1,1,0,1,0,1,1
585925,272673,70,63,68,0,74,53,72,62,87,0,0,74,55,0,1,0,0,0,1,1
3063793,781652,32,44,17,51,5,89,83,45,25,1,0,34,0,1,1,1,0,0,1,0
3957974,361742,30,48,77,23,86,11,68,6,33,0,1,29,60,0,0,1,1,1,1,0
603081,762582,54,18,12,33,8,87,19,28,71,0,1,43,66,0,0,1,0,0,1,0
2599105,87987,11,70,31,6,51,18,84,56,38,0,1,45,84,1,0,1,0,1,0,0
578892,578466,10,80,70,74,79,79,1,46,59,0,1,54,91,1,1,0,0,1,0,1
4399591,143009,87,64,71,10,61,25,84,8,68,0,0,0,66,0,0,0,1,0,0,0
3354240,389096,71,36,49,35,57,22,87,58,99,1,0,53,41,1,0,0,0,1,0,1
856702,569174,31,69,70,19,18,32,8,70,25,1,0,79,95,1,1,0,1,1,1,1
3454600,578987,56,25,79,62,12,56,38,70,61,1,0,0,95,0,1,0,0,1,1,1
2185296,605684,37,1,30,79,31,29,29,42,9,0,0,62,93,1,1,1,0,0,0,0
2390222,619966,59,58,50,62,99,22,53,58,96,0,0,54,58,0,0,0,1,1,0,1
3949783,554567,85,95,26,68,8,73,81,5,99,0,1,85,49,1,1,0,1,0,1,1
2919269,436322,97,4,59,87,48,35,57,52,53,0,0,76,76,0,1,1,1,1,0,1
2524797,115776,18,36,32,29,36,94,43,63,30,1,1,26,33,0,1,0,1,0,1,0
986667,630732,83,30,52,29,30,85,42,90,37,1,0,14,67,1,0,1,0,0,1,1
1553649,373444,55,75,92,96,30,42,9,3,24,0,0,80,53,0,1,1,0,1,0,1
1912503,118793,13,98,71,83,58,65,47,0,76,1,1,8,81,0,1,0,0,1,0,1
3185418,383422,32,93,32,21,54,52,84,69,64,0,0,68,95,1,1,0,0,1,0,1
3809736,215809,9,47,40,60,18,86,85,30,99,0,1,58,13,0,1,0,0,1,0,1
1584418,176616,79,5,18,20,62,98,16,64,99,0,1,22,31,1,1,0,0,1,1,1
586594,370391,63,14,84,36,1,59,4,68,49,1,1,10,69,1,1,1,0,0,0,1
3069760,247262,63,14,40,26,44,36,69,18,23,0,0,23,80,0,0,1,1,1,0,0
4006503,538285,61,60,84,34,95,60,73,68,26,1,1,71,7,1,0,1,0,0,1,1
4037247,111102,67,15,88,37,42,95,63,68,81,1,1,97,34,1,1,0,1,1,1,1
1292501,877143,90,19,41,59,97,52,65,48,49,0,1,53,23,0,0,1,0,1,1,1
337023,383189,91,76,22,69,0,11,70,30,49,1,1,30,2,1,0,0,0,0,1,1
1335964,570148,42,43,74,31,84,34,3,59,14,0,1,21,80,0,0,1,0,0,1,0
4926599,270369,79,41,32,79,60,66,82,70,16,1,0,13,35,1,1,1,0,0,1,1
1683624,639402,58,45,19,91,2,97,27,78,28,0,0,4,50,0,1,0,1,0,0,1
2355748,981974,51,94,24,79,90,37,83,54,4,0,0,16,80,1,0,1,0,1,1,0
2156109,642506,96,33,89,26,43,23,93,76,10,0,1,81,56,0,0,0,0,1,0,1
3245179,527070,18,63,51,2,6,80,37,75,79,0,0,82,58,0,0,1,0,0,0,1
4125282,892196,20,28,11,48,32,39,65,82,51,0,0,70,93,1,0,1,0,0,1,0
1073172,112041,21,2,31,84,8,64,66,76,33,1,1,89,88,0,1,0,0,0,1,1
3885540,379368,8,8,32,29,29,56,59,90,80,0,1,88,21,0,0,1,0,0,1,1
722244,330800,8,74,73,21,17,71,46,37,32,0,0,81,36,0,1,1,1,0,1,1
4263309,450096,72,74,67,18,55,78,24,32,48,1,0,43,74,1,0,1,1,1,0,1
1262636,721438,26,24,14,30,89,44,65,5,30,0,0,78,11,0,1,0,1,0,1,0
1986921,486862,16,85,50,19,83,88,78,12,17,0,1,92,20,1,1,0,1,0,1,1
1029735,81290,43,41,5,18,30,71,66,76,88,1,0,48,14,1,1,0,1,0,0,1
3536007,61633,44,45,90,1,71,95,68,76,4,0,0,64,11,1,1,0,1,1,1,1
4030375,818087,7,72,68,39,62,12,39,19,29,1,0,3,85,0,1,1,1,0,1,0
4729788,126118,79,83,68,38,86,78,99,99,44,1,0,8,55,1,1,1,0,1,0,1
2762469,703961,17,58,81,90,49,5,49,36,86,1,1,35,98,0,1,0,1,0,0,1
3286176,8114,32,20,91,71,88,96,39,44,37,0,0,50,15,1,0,0,1,0,1,1
3495374,817934,0,73,34,53,0,70,36,72,81,1,1,31,32,1,1,1,1,0,0,1
3881262,54768,75,21,85,26,81,96,90,80,95,0,0,87,42,1,0,0,1,0,1,1
4833078,315272,5,28,33,78,18,46,68,98,93,1,1,17,48,0,0,0,0,1,1,1
2809089,418244,40,62,62,11,63,92,16,58,28,1,0,14,77,1,0,0,1,0,0,0
2708749,978069,54,72,67,77,52,43,61,51,35,1,0,19,17,0,0,0,1,1,0,1
1114228,88123,4,60,17,70,5,31,40,17,8,0,1,57,15,0,0,1,1,1,0,0
1153959,637543,58,63,25,16,16,2,75,24,22,1,0,39,39,1,0,1,1,0,0,0
2389415,171405,79,68,85,89,45,53,41,78,2,0,0,65,66,1,0,0,0,0,1,1
1827781,8174,17,39,96,83,71,83,30,86,85,1,1,88,61,1,1,0,0,1,1,1
3569538,122769,48,74,60,9,72,77,32,0,55,1,1,12,89,0,0,1,1,0,1,0
3442374,302542,81,0,77,18,54,91,42,40,39,0,1,90,78,0,0,1,0,0,0,1
545266,434145,64,64,94,81,90,37,92,17,55,1,0,12,99,0,0,0,1,1,1,1
4156679,140393,82,61,73,29,99,3,66,0,57,1,0,61,26,1,0,1,0,0,0,0
1738601,390693,53,53,87,29,5,78,37,38,30,0,1,27,80,0,0,1,0,1,0,1
2777855,756331,60,59,84,24,69,16,40,73,85,0,1,45,13,0,0,1,0,1,0,1
3271475,771868,7,45,47,87,67,36,62,30,10,1,1,14,65,0,1,1,0,0,0,0
4737358,191493,2,4,71,73,85,87,39,70,41,1,0,92,26,0,0,1,1,1,1,1
4203484,601923,24,21,95,65,39,35,29,37,2,1,0,84,53,1,0,1,0,0,1,0
1307955,815192,68,89,30,95,90,57,46,7,56,0,1,43,87,1,0,0,1,1,0,1
4002010,933864,54,52,33,34,65,40,21,33,13,0,1,94,59,1,0,1,1,1,1,0
2132728,670673,39,69,86,50,8,7,95,72,45,1,1,22,39,0,0,1,0,0,0,1
2099492,922106,82,31,88,70,10,66,54,88,18,0,1,66,44,0,1,0,0,0,1,1
2561632,772166,81,10,6,70,19,29,42,26,59,0,0,98,98,1,0,0,0,1,1,1
1614397,222070,49,9,82,26,42,85,60,40,30,1,1,77,67,1,0,0,1,1,1,1
3377993,404017,94,38,6,9,57,51,73,6,35,0,1,65,89,0,1,0,1,0,0,0
3331209,805562,32,97,46,96,77,96,31,31,31,0,0,49,99,0,0,0,0,1,0,1
1423520,936775,17,30,7,42,25,24,3,72,62,0,1,12,67,0,1,0,1,1,1,0
4257893,414291,56,11,77,54,37,51,92,80,25,0,1,1,62,1,1,0,0,0,1,0
3417635,500671,15,79,0,70,93,58,44,98,64,0,0,75,97,0,1,0,0,0,1,1
2500119,374359,79,37,76,5,35,29,71,15,1,1,1,90,76,0,0,0,0,1,0,0
2099443,155056,37,66,2,5,98,66,19,1,69,0,1,33,39,1,0,1,0,0,1,0
3648503,879527,40,65,52,76,54,3,70,42,44,0,1,39,40,0,1,0,1,1,1,0
1639758,852374,6,51,91,47,5,92,64,30,77,0,0,68,60,0,1,0,0,1,0,1
2005468,148933,77,4,37,76,2,56,59,79,91,0,1,60,64,1,0,1,1,1,1,1
3627975,103970,52,10,50,1,64,62,88,46,96,1,0,24,0,0,0,1,1,0,1,0
326108,87203,62,24,14,82,63,31,25,32,24,1,0,74,8,0,1,0,1,0,1,0
3360110,993880,88,34,99,50,57,86,72,84,39,0,0,76,74,0,1,0,0,0,1,1
3430019,197319,31,34,66,60,57,82,22,16,17,1,1,62,79,1,0,1,1,1,0,0
1907692,205173,37,21,63,18,17,78,39,98,97,0,0,27,92,1,1,0,0,1,1,1
2280154,506946,21,36,67,1,22,50,1,53,11,1,0,84,99,0,1,0,1,1,1,0
2444702,681337,15,85,4,50,95,62,25,53,90,0,1,55,14,0,1,0,0,0,0,1
3577778,448833,51,54,89,25,28,79,77,50,23,0,0,25,58,0,1,0,0,1,0,1
2730034,979977,28,74,88,69,22,86,61,51,96,1,0,26,65,1,1,0,1,1,1,1
4732131,222726,15,95,9,19,35,0,43,6,78,0,0,25,9,0,0,0,1,1,0,0
2892755,879609,75,98,7,22,69,18,30,53,42,1,1,14,48,1,0,0,1,1,0,0
588349,602190,16,94,11,53,80,34,25,92,31,0,0,49,10,0,0,0,0,1,0,1
1262729,97172,63,71,63,14,81,62,82,10,80,1,0,5,29,1,0,1,0,1,1,0
3324071,675990,90,63,58,5,94,93,4,61,98,1,1,67,22,1,1,1,0,0,0,1
3586501,549344,88,19,66,91,5,80,69,29,46,1,1,3,21,0,0,0,1,0,0,1
2179079,143454,12,97,90,34,33,25,34,81,44,1,0,29,50,1,1,0,0,0,0,1
4788334,60739,71,3,49,74,43,12,15,56,34,0,1,76,41,0,0,0,0,1,1,0
3722905,873117,55,17,22,7,43,85,30,45,76,0,0,8,99,1,1,0,0,0,0,0
276077,53639,4,50,39,56,26,22,81,79,8,1,1,41,28,0,1,0,0,1,1,0
4527819,458054,11,67,96,49,99,96,13,69,9,0,0,13,44,1,0,0,1,1,1,1
1455564,444257,40,19,77,48,51,90,24,65,64,0,1,91,95,1,1,1,0,0,0,1
2108327,792424,2,8,86,87,41,34,78,54,58,0,0,39,32,1,1,1,1,1,1,0
325885,601682,98,79,94,20,24,11,89,57,97,1,0,2,38,1,0,1,0,1,1,1
741656,334801,32,25,76,35,73,8,99,9,56,1,1,40,72,0,0,0,0,1,1,0
870688,818592,85,24,75,70,38,97,74,3,88,0,1,92,64,1,1,0,0,0,1,1
2485166,836588,49,67,98,68,38,77,70,73,85,0,1,32,81,1,0,0,1,1,0,1
4624507,187447,55,40,17,57,11,66,17,72,9,1,1,78,49,1,1,1,0,1,1,1
2251531,353586,8,58,20,62,10,43,49,61,89,0,1,59,85,1,0,1,1,0,1,1
2992427,679932,81,44,0,92,2,60,19,42,18,0,0,63,47,1,1,1,0,1,0,1
3120803,385069,49,40,37,15,21,20,55,41,49,0,0,61,36,0,0,0,1,0,1,0
3557679,9136,28,37,40,5,3,6,1,23,67,1,1,78,77,0,0,1,0,1,0,0
4590020,66868,38,18,41,77,7,96,25,4,4,1,0,6,85,0,0,1,1,0,0,0
2881719,349407,90,13,8,51,13,98,22,98,28,1,0,75,32,1,1,1,1,0,0,1
1090695,823599,99,20,22,1,83,10,31,67,4,0,1,49,5,0,0,1,0,0,0,0
4394430,115957,44,14,77,88,87,44,12,98,59,0,0,38,90,0,0,0,0,1,0,1
1038761,544767,16,2,10,94,13,31,12,76,64,0,1,70,69,1,1,0,1,1,1,0
700315,124392,55,36,70,76,91,85,16,95,27,1,0,46,54,0,0,0,0,1,1,1
2614472,691736,97,45,30,17,15,82,88,44,82,1,0,69,43,1,1,1,0,1,0,1
1499445,665183,45,15,87,80,31,35,57,58,99,1,1,25,49,0,0,1,0,0,1,1
698716,785516,66,13,25,91,63,36,85,64,0,0,0,57,53,0,0,1,1,0,0,0
3341069,206528,68,8,29,75,75,74,26,62,28,1,1,72,62,0,0,0,1,0,1,1
3521127,811017,13,6,33,34,15,40,16,74,50,0,0,50,15,0,1,0,0,1,1,0
2759272,239847,66,13,45,85,51,76,89,89,35,0,0,87,46,1,0,0,0,1,0,1
2476106,939776,22,5,68,38,18,91,37,66,31,1,0,51,56,0,1,0,1,0,0,0
2202324,818051,93,84,4,0,68,48,13,48,63,0,1,93,1,1,0,1,0,0,1,1
4527021,866501,60,14,60,36,11,14,13,76,13,0,1,15,36,1,0,1,0,0,0,0
3524323,307039,22,51,82,20,92,12,11,31,31,1,0,47,92,0,1,0,1,0,1,0
4151416,270864,26,71,37,0,4,52,68,49,8,0,1,26,22,1,1,1,0,0,1,0
694592,286411,53,33,27,3,41,32,67,86,82,1,1,32,84,1,0,0,1,0,1,0
3445886,151768,9,0,25,95,16,71,54,57,10,1,1,22,12,1,1,0,0,0,1,0
4054261,690328,88,95,60,57,71,31,62,51,47,1,0,44,64,1,1,0,1,0,1,1
3778226,320508,76,68,22,0,93,47,28,22,50,0,1,82,92,0,0,0,1,1,1,0
2229454,421561,15,93,45,12,9,67,88,29,3,1,1,99,47,1,1,0,0,0,0,0
2627540,56567,40,85,29,45,83,56,44,69,40,1,1,82,6,1,1,0,1,0,1,1
1915630,96229,97,19,66,46,15,61,3,70,24,1,1,21,30,0,0,1,0,1,0,1
518408,984111,54,79,91,80,15,81,15,29,16,0,1,41,62,1,0,0,1,1,1,1
668276,417601,60,6,32,75,41,86,65,36,46,0,1,32,44,1,1,1,1,1,1,0
2354697,481874,85,6,2,6,2,92,22,47,7,0,1,9,55,1,1,0,0,1,1,0
711411,989404,80,49,68,50,22,1,67,31,57,1,1,46,63,1,1,0,0,1,1,1
3122808,204316,86,1,82,2,85,76,19,69,0,1,1,95,21,0,0,0,1,0,0,1
3317172,725785,99,46,41,49,27,15,16,34,1,1,1,78,62,0,1,0,0,0,0,0
1084377,869950,48,13,61,25,44,7,51,95,9,0,0,38,79,0,0,1,1,1,0,0
4435042,612132,72,30,57,30,99,18,5,75,90,1,0,45,27,1,0,0,1,1,1,1
2098739,168991,51,49,56,99,67,31,81,67,26,1,0,71,43,0,1,1,1,0,1,1
1429336,619985,1,60,0,61,23,66,83,31,12,0,0,50,88,0,1,0,0,1,1,0
1217433,586484,95,40,72,25,18,31,38,58,62,0,0,24,13,1,1,0,1,0,0,1
4861029,644888,49,13,59,66,74,84,33,34,10,1,1,81,84,1,1,1,0,1,0,1
2961089,629913,85,4,68,54,39,24,53,15,13,1,1,14,18,1,1,1,1,0,1,0
3878086,477617,42,74,58,27,45,52,87,78,95,1,1,57,59,1,0,1,1,1,1,1
1781530,922999,76,4,45,43,39,80,81,51,79,0,1,58,76,1,1,1,0,1,0,1
2287258,836187,7,63,33,80,61,24,93,65,92,0,0,25,1,0,1,0,0,1,0,1
4692816,990188,58,28,96,37,17,32,64,5,97,1,0,40,50,1,0,1,0,1,1,1
2949178,38324,64,74,24,29,11,30,86,13,25,0,1,43,99,1,0,1,1,1,0,0
1196530,870361,80,4,41,65,13,35,28,28,68,0,1,84,77,1,0,1,1,0,0,1
971253,399768,11,95,28,7,81,86,40,25,82,1,0,21,33,0,0,0,0,1,0,0
2801623,56272,3,35,24,13,60,88,62,17,38,1,1,97,81,1,0,1,0,1,1,0
1578246,434069,76,78,53,98,11,48,31,3,91,0,1,36,87,0,1,0,0,0,1,1
4308997,254264,94,18,72,61,26,43,65,56,27,0,0,13,93,0,0,1,1,1,0,1
3103540,693284,40,63,66,74,5,47,99,52,16,0,1,3,50,1,0,0,1,1,1,0
3564695,865894,6,21,14,62,87,29,44,24,36,0,1,23,18,0,0,1,1,0,1,0
4178400,756747,86,33,3,78,32,12,16,46,82,1,1,65,35,1,1,1,0,0,1,1
4777456,684249,87,55,37,65,79,42,42,51,26,0,0,62,84,0,0,0,1,1,0,1
2391422,241538,68,16,19,95,49,92,65,92,75,1,0,64,82,1,1,0,0,1,1,1
1245482,583963,68,75,22,39,11,15,67,33,66,0,0,65,25,1,1,0,0,1,0,1
1495302,520447,80,88,36,12,94,90,33,15,67,1,0,12,34,1,1,0,0,1,1,1
4202640,78591,29,55,61,16,56,25,0,93,46,0,0,26,62,0,1,1,1,0,1,0
770451,468406,72,16,7,14,52,74,22,86,74,1,0,80,3,0,1,1,1,0,1,1
219816,158706,5,73,36,32,12,46,5,35,33,1,0,16,84,0,0,1,1,0,0,0
1167344,299507,88,91,44,15,71,36,15,27,17,1,1,68,2,0,1,1,0,1,0,1
3055059,199824,18,81,96,12,2,2,1,64,34,0,0,87,4,1,1,1,1,0,1,1
2612149,344148,79,17,32,85,63,25,75,71,17,0,1,56,28,0,0,1,1,1,1,1
3552252,978902,84,44,6,22,83,97,26,52,69,0,0,71,18,0,0,1,0,0,1,1
3932839,758818,65,95,21,35,57,96,18,41,33,0,1,72,16,0,1,0,0,1,0,1
1238896,832150,9,77,4,42,3,14,27,78,32,1,1,17,33,0,0,0,0,0,0,0
3497606,118627,15,55,14,49,44,65,34,97,71,0,0,15,19,0,1,1,1,0,1,1
3078604,743276,36,79,20,73,65,27,67,18,83,1,1,50,27,0,0,1,0,0,0,1
3780893,294014,78,49,88,80,35,83,48,43,83,1,0,95,72,0,1,0,0,0,1,1
4527858,42394,76,57,16,93,22,37,6,29,42,0,1,39,66,0,1,1,1,0,0,1
4156602,843489,76,17,55,12,18,43,36,73,81,1,1,38,9,0,1,0,0,1,1,1
4296951,84795,31,79,49,29,39,52,24,43,26,1,1,55,20,1,0,1,0,0,1,0
464223,347553,46,80,6,56,71,79,40,26,47,0,0,53,3,1,0,0,1,0,1,1
3519260,804448,71,6,49,29,15,3,80,83,68,0,1,43,21,1,0,0,0,0,1,0
2894287,47137,42,75,59,70,57,71,61,88,70,1,1,45,70,0,0,0,1,1,1,1
1866471,398369,81,97,82,9,17,43,40,72,21,0,0,31,61,1,1,0,0,1,0,1
4821056,143925,35,9,6,98,35,45,13,33,33,1,0,47,11,1,0,0,1,1,0,0
788365,541667,25,68,39,65,23,83,53,84,42,0,1,60,10,1,0,0,0,0,0,1
903662,938296,9,84,44,93,0,25,1,23,76,0,0,65,21,1,1,0,0,0,1,1
1505585,126169,30,2,58,82,0,95,87,55,95,1,0,37,28,1,1,0,1,0,0,1
4292097,174439,96,82,87,38,63,12,78,6,87,0,0,42,60,1,0,1,1,0,0,1
2859440,154172,28,43,74,36,61,68,47,67,15,0,0,3,60,1,1,0,1,1,1,0
1799601,655370,4,98,54,2,35,43,50,50,13,0,1,4,26,0,0,0,0,1,1,0
4143645,380233,76,69,63,88,74,52,96,7,38,1,0,57,46,0,0,1,0,0,1,1
4695013,985960,0,13,64,33,17,50,54,55,70,1,1,36,83,0,0,1,0,0,1,0
4251774,540337,86,3,53,85,15,12,11,76,11,0,0,25,13,1,1,1,1,0,0,0
1434816,399002,2,17,95,37,16,40,82,57,83,1,0,8,6,0,1,1,0,0,1,0
1825351,468120,66,92,39,13,23,10,68,84,96,1,0,14,14,0,1,1,1,0,1,1
2164956,691059,70,98,52,63,97,36,0,98,54,1,1,87,45,1,1,1,0,0,1,1
3648678,914216,99,51,43,38,67,59,58,68,5,0,1,87,27,1,1,0,1,0,1,1
1327199,839123,34,37,62,53,98,31,72,7,39,0,1,98,42,1,0,1,1,1,0,0
3711049,173112,14,79,1,1,78,44,33,65,90,0,1,88,9,1,0,1,1,0,1,1
4263186,778815,66,19,78,95,1,17,92,23,12,1,0,25,50,0,1,1,1,0,0,0
2480827,229062,92,87,20,42,94,92,45,41,68,1,1,62,2,0,0,1,0,0,1,1
1985910,62986,29,98,87,52,72,78,58,53,23,0,0,86,75,1,0,1,1,1,0,1
3295900,436978,81,43,49,2,9,19,65,15,73,0,1,69,76,1,1,0,0,1,1,0
4243064,683960,74,50,80,40,52,43,18,3,58,0,0,26,43,1,1,1,0,0,1,0
2802967,361918,42,18,51,7,88,35,27,58,45,0,1,53,53,0,1,0,1,0,1,0
3638550,751137,59,67,8,89,50,68,98,93,95,1,0,82,33,1,0,0,1,1,1,1
276218,942314,39,96,98,95,68,36,39,45,72,0,0,30,64,0,1,0,0,1,1,1
970044,746063,64,65,19,74,13,32,56,93,98,1,1,31,88,1,0,0,0,1,1,1
2746741,110315,28,12,82,62,65,81,50,98,43,0,1,1,82,0,1,1,0,1,1,1
4872750,324348,73,61,17,64,81,18,21,12,75,0,0,17,24,0,1,0,1,1,0,0
4856356,287229,91,60,83,78,92,50,67,36,10,1,0,27,62,1,1,1,0,1,0,1
3680130,707214,94,29,29,3,52,31,7,53,60,0,1,70,69,1,1,0,0,0,1,0
3385714,473013,18,97,64,67,83,21,59,48,35,0,0,86,44,1,1,1,0,1,0,1
1928096,744629,2,29,23,91,63,0,64,74,71,1,1,99,67,0,0,1,0,0,0,1
547739,700139,35,50,87,9,71,53,35,57,9,1,0,87,25,0,0,1,0,0,0,1
672327,716567,42,87,46,74,48,88,70,18,77,0,1,91,25,1,1,0,0,0,1,1
2894946,230687,14,47,82,49,89,19,88,17,93,1,1,24,25,1,1,1,1,1,1,0
4429215,301124,96,32,93,22,61,57,28,59,0,1,1,38,77,0,0,0,1,0,1,1
2122135,847549,40,73,89,60,36,34,64,16,62,0,0,48,61,1,1,0,1,1,1,1
1178039,150213,89,81,43,46,48,69,55,10,11,0,1,3,95,1,1,1,1,0,0,0
1099885,669704,79,18,28,2,67,69,81,14,4,0,1,51,91,0,0,0,1,1,1,0
808746,20896,35,70,76,16,32,60,3,71,77,1,1,82,60,0,0,1,0,1,0,1
3202819,94353,96,56,67,21,21,62,83,92,35,1,1,67,1,0,0,1,1,1,1,1
4711219,34813,83,18,16,90,69,60,71,16,16,0,1,56,40,0,0,1,0,1,1,0
699876,744791,76,87,96,15,32,56,90,89,57,0,0,12,44,0,0,0,1,1,1,1
2162165,70679,32,78,4,79,27,2,49,4,21,0,0,64,84,1,1,1,1,1,0,0
811213,671041,4,40,91,2,87,94,38,60,30,0,0,62,13,0,0,1,1,0,1,1
968734,733263,77,41,87,51,3,98,34,3,25,1,1,97,36,0,0,0,1,0,0,1
4441361,794660,90,86,80,32,65,44,24,55,12,0,0,70,1,1,0,0,0,1,1,1
2039433,402798,86,51,49,41,76,14,77,87,62,1,1,24,4,1,0,0,0,0,0,1
3872214,214755,13,3,39,1,48,16,43,74,66,1,0,22,1,0,0,0,1,1,1,0
2226580,278541,67,3,45,38,10,14,46,93,62,0,0,29,0,0,1,1,0,0,0,0
4539235,961303,82,4,50,45,34,4,39,47,10,1,0,60,47,0,1,0,1,1,1,0
1692252,304155,46,40,10,47,38,85,30,47,68,1,0,6,21,0,0,0,0,0,1,0
3726737,608471,53,86,11,26,9,45,68,34,63,1,1,53,40,1,1,0,1,0,1,0
601921,360398,3,60,12,14,73,10,80,32,67,0,0,16,24,1,1,0,0,1,1,0
2208960,442480,93,74,63,6,71,63,73,99,31,0,0,96,45,0,1,1,0,1,1,1
4655214,571605,82,54,7,56,68,91,42,20,73,0,1,59,93,1,1,0,1,1,1,1
287955,183986,94,74,64,41,22,13,54,4,9,0,0,65,8,1,1,0,1,1,0,0
4016446,220705,94,12,8,8,33,38,15,63,53,0,0,37,60,0,0,1,0,0,0,0
3576513,893921,8,13,91,5,31,66,67,68,54,0,1,12,46,1,1,0,0,1,1,0
2137878,705614,52,59,1,56,15,54,68,20,81,1,0,51,73,0,0,1,1,1,0,0
4602294,307240,76,71,77,75,67,41,41,88,61,1,0,51,78,1,0,0,1,0,0,1
2285259,320929,77,24,12,29,53,74,40,73,54,1,1,31,2,0,1,1,1,1,1,0
2675539,57344,59,81,1,54,27,93,49,82,86,1,1,85,7,0,0,1,1,1,0,1
4933188,775348,45,43,67,83,59,4,83,31,81,1,0,8,24,0,0,0,0,1,1,0
1905215,480859,53,81,75,83,77,51,5,17,34,1,0,16,35,1,1,1,0,1,1,1
2689569,911814,73,9,47,53,75,21,74,57,66,1,0,81,42,1,0,1,1,1,0,1
3466402,728906,94,70,73,26,59,76,52,97,64,1,1,39,49,1,1,1,0,0,1,1
2183851,993595,36,49,2,83,84,43,16,78,16,0,1,90,62,0,1,1,1,1,0,1
4308880,463819,22,43,67,58,79,84,56,23,41,0,0,74,84,1,0,1,0,0,1,1
4937655,164484,26,13,5,6,43,58,66,4,58,1,1,53,33,1,1,0,0,1,0,0
4461946,115489,69,14,86,39,1,24,15,52,69,1,1,53,90,0,1,0,0,0,1,1
290093,449874,89,15,4,93,22,20,51,95,10,0,0,27,72,0,1,0,0,0,1,0
1756182,498057,65,1,2,71,92,91,99,72,77,0,1,71,9,0,1,0,1,0,0,1
4611519,447765,60,29,9,1,45,63,89,54,27,0,1,49,26,1,1,1,1,0,0,0
2203679,787955,76,29,42,13,72,67,87,4,38,1,1,17,88,0,1,0,0,1,1,0
1932465,16549,50,81,18,9,53,92,33,68,53,1,1,12,12,0,1,0,0,1,1,1
4430258,469432,49,30,13,49,70,46,83,40,99,0,0,32,50,1,0,0,1,0,1,0
3373584,30739,18,76,20,17,92,34,80,97,10,1,1,14,67,1,1,0,1,0,1,0
4921165,812641,0,19,42,17,80,86,19,6,57,1,0,85,15,1,1,1,1,1,0,0
2856807,636339,39,48,27,15,8,6,79,89,39,0,0,37,11,0,1,1,0,1,0,0
3059244,20116,31,34,20,51,69,55,55,0,3,0,0,93,24,0,0,0,1,0,0,0
1086040,549333,21,22,35,68,43,51,50,51,63,0,0,5,48,1,0,0,1,1,1,0
522918,948831,92,96,23,51,83,45,52,97,47,1,1,44,15,0,1,1,1,0,0,1
3138613,40709,65,98,53,30,73,8,48,25,69,0,0,58,1,0,1,0,0,1,0,1
2445909,835049,39,99,37,83,72,57,3,95,82,0,0,97,72,1,1,0,0,1,1,1
4262442,982643,37,60,16,22,11,22,17,62,30,0,1,82,76,1,0,0,1,0,0,0
316739,687265,47,83,21,95,96,2,35,11,1,1,1,96,77,0,0,0,1,1,1,0
1486585,986652,54,54,82,41,31,60,34,69,42,1,1,77,75,1,1,0,0,1,0,1
980316,732963,74,66,44,80,33,8,29,83,88,1,0,47,34,0,0,0,0,1,1,1
3734550,234167,80,7,73,61,82,52,62,18,40,0,0,40,21,1,1,1,0,0,1,0
3689866,911211,54,39,60,76,32,67,81,79,59,1,1,82,84,1,1,1,1,1,0,1
1566853,310063,50,58,10,49,63,48,20,3,74,1,1,78,47,0,1,1,1,1,1,0
1214929,874953,59,31,60,76,47,88,51,95,45,0,0,73,63,0,0,0,0,1,1,1
1766847,491121,7,92,37,80,15,69,95,81,39,1,1,54,66,0,0,1,1,1,1,1
2620564,224222,85,6,65,14,49,47,68,4,58,1,1,60,21,1,0,0,0,1,0,0
2782569,718806,67,1,32,89,22,81,40,53,44,1,0,1,72,0,1,1,0,0,0,0
1680035,712788,74,84,42,43,25,6,53,69,41,1,1,1,46,1,1,1,0,1,1,0
388456,970398,71,5,30,91,53,98,86,56,20,1,1,84,39,0,0,1,1,1,1,1
2853093,797879,8,91,34,41,43,30,29,77,2,1,1,75,52,0,1,1,1,0,1,0
3503457,534787,89,35,36,44,36,55,90,51,65,1,1,9,2,0,0,1,1,0,1,1
4285412,568329,1,31,46,93,8,95,55,17,10,1,1,75,94,0,0,0,0,0,1,0
4622808,298459,79,44,99,34,93,98,78,63,23,0,1,38,5,0,1,1,0,1,0,1
4967348,137371,94,41,22,21,12,60,40,9,49,0,0,1,13,0,0,0,1,1,1,0
916756,387650,69,52,35,73,59,91,13,22,87,0,0,64,82,0,1,0,0,0,1,1
251226,665354,84,8,39,74,79,4,20,81,20,0,1,65,57,0,1,1,0,0,1,0
3951198,755774,89,74,89,37,1,29,97,67,24,0,0,86,81,1,1,0,1,1,1,1
3821509,217235,58,86,88,96,94,21,89,51,3,0,1,91,6,1,0,0,0,1,0,1
3338145,787119,18,74,80,69,59,16,24,95,42,0,0,80,99,1,0,1,1,1,0,1
4097611,929993,27,48,14,63,56,9,49,46,46,1,1,51,28,0,0,0,1,0,0,0
1426476,358791,71,1,36,6,42,70,94,69,22,1,0,84,2,1,0,1,1,1,1,0
4384056,299499,13,66,3,43,18,67,52,25,59,1,1,43,12,1,1,1,0,0,1,0
772212,340949,23,10,21,75,10,41,47,69,87,1,1,33,35,0,0,1,1,0,1,0
4618441,335511,43,49,80,6,77,26,69,98,20,1,1,72,88,0,0,1,1,0,1,1
1700844,377050,55,34,21,65,46,6,47,42,65,0,0,80,91,1,1,1,0,1,0,0
1129168,384553,89,14,80,59,88,22,3,68,86,0,0,44,37,1,1,0,1,1,1,1
3643609,868787,94,74,77,0,62,74,23,62,50,1,0,31,74,1,1,1,1,0,0,1
563476,121220,50,30,77,61,6,7,30,77,14,1,1,4,59,1,1,1,0,0,1,0
1600283,226421,31,91,16,86,78,7,82,65,57,1,0,77,72,0,0,0,0,1,0,1
891757,354317,49,61,71,88,93,4,74,62,25,0,0,88,21,0,1,0,1,0,0,1
590719,793428,40,27,97,17,30,70,28,12,89,0,1,85,20,1,0,0,1,0,0,1
1727937,780359,65,95,89,6,87,85,4,50,91,1,1,62,82,1,0,1,0,1,0,1
1349947,835819,24,24,93,53,54,99,81,4,58,0,0,68,32,1,0,1,1,1,0,1
3537920,8089,60,83,85,66,24,1,66,46,89,1,1,53,3,1,1,1,0,1,1,1
3496050,890259,65,91,79,92,71,87,74,35,44,1,0,37,96,0,1,0,0,0,1,1
2318324,287803,41,24,93,9,29,50,84,35,65,0,1,8,79,0,0,1,1,0,0,0
2878932,312322,64,74,79,60,35,65,93,49,34,1,1,60,43,1,0,0,1,1,0,1
1076031,518269,35,82,37,58,49,11,82,55,95,0,0,94,0,0,1,0,1,1,1,1
1470896,625253,75,91,23,58,13,46,52,18,93,1,1,20,61,1,1,1,0,0,0,1
3763706,610556,8,0,99,68,28,54,88,19,63,1,1,35,78,1,0,1,1,0,1,0
1259622,352186,35,58,98,62,26,25,63,21,83,0,1,0,21,1,0,0,0,1,0,1
4622375,373615,91,68,5,97,49,44,34,30,76,0,1,21,95,0,1,1,1,1,1,1
578165,206798,37,73,67,7,35,61,11,61,26,0,1,86,58,0,1,1,0,1,0,1
908662,337255,32,41,81,77,33,69,46,43,86,1,1,86,36,1,0,0,0,1,1,1
4331479,242103,41,33,5,54,20,86,89,67,79,1,1,14,22,1,1,0,0,0,1,1
1212117,774042,60,99,25,5,37,1,54,66,30,1,1,45,32,0,1,1,0,1,0,0
845188,694925,45,65,90,0,74,25,68,88,11,1,1,64,21,0,1,1,0,0,1,1
615008,891867,85,17,40,55,96,13,82,48,96,1,1,5,63,1,0,0,0,0,0,0
1831993,94242,88,76,74,96,78,81,90,58,44,0,1,39,61,1,1,1,1,1,1,1
3551278,380348,60,4,37,74,75,56,37,3,31,0,1,34,53,1,1,0,0,1,1,0
2542035,158956,17,19,79,87,87,31,28,38,53,1,0,80,57,1,1,0,0,0,1,1
2968362,808631,69,65,82,9,49,61,11,6,65,0,1,60,11,0,1,1,1,0,0,1
3226768,589326,81,74,42,22,36,77,18,70,86,0,1,22,17,0,1,1,1,0,0,1
1370365,587074,79,61,52,15,74,29,8,48,31,1,1,19,95,0,1,0,0,0,0,0
879418,901068,14,93,14,15,18,12,81,88,14,0,0,27,66,0,1,1,0,1,1,0
1811754,765330,47,95,89,55,0,39,28,14,54,1,0,36,59,0,1,0,0,1,0,1
1314593,840726,71,31,55,94,80,30,2,6,40,1,0,81,99,0,0,0,1,0,1,1
1426952,738375,12,57,55,5,39,36,86,46,39,0,0,6,0,1,0,0,0,0,0,0
2921864,170250,42,49,30,29,54,44,29,67,71,0,1,48,88,0,1,1,0,1,1,1
4147208,935169,59,37,82,62,79,85,57,97,48,1,1,83,19,1,0,0,0,0,0,1
3138496,527820,56,54,56,0,25,58,87,44,85,1,1,23,16,0,1,1,0,0,0,0
4075754,267678,70,27,50,50,42,27,52,18,37,1,0,79,48,0,1,0,1,0,1,0
2904999,883260,16,73,23,88,58,60,3,46,55,0,1,12,21,0,0,0,1,0,0,0
3194200,827564,49,85,57,45,50,18,56,52,33,1,0,91,32,0,0,0,0,0,0,1
1524070,907152,31,80,72,20,14,42,53,26,0,1,0,6,25,1,1,1,1,0,0,0
3390914,303254,21,21,86,98,7,58,27,4,9,1,0,14,26,1,1,1,0,1,1,0
2724388,719114,54,42,3,37,93,15,15,59,39,1,1,86,59,1,1,1,0,0,1,0
1858987,855012,56,82,9,68,13,68,12,76,15,0,1,22,33,0,0,1,1,0,0,1
4076274,420685,12,80,62,62,96,43,71,61,87,1,1,94,86,0,0,1,0,0,0,1
3037981,331160,46,87,72,49,6,65,55,58,45,0,1,68,79,0,1,1,1,0,1,1
1861793,51233,86,35,82,11,17,9,52,60,23,1,0,90,77,1,1,1,1,0,1,1
816036,921295,61,95,14,68,11,46,47,55,13,1,1,59,51,1,1,1,0,1,1,1
3591418,202780,53,51,97,72,1,18,24,77,89,1,1,9,54,0,0,1,1,1,1,1
628988,456448,28,35,62,43,49,83,65,93,38,1,1,50,60,0,1,1,1,1,1,1
4284752,753810,21,27,18,51,92,92,29,46,17,0,0,63,49,1,1,1,1,0,1,0
4574857,111311,64,77,62,8,20,88,2,47,83,0,0,70,62,0,1,0,1,1,0,1
4955000,563697,28,57,55,98,6,80,22,9,40,0,1,55,63,1,0,0,0,0,1,1
3177590,775519,47,35,20,64,90,50,28,31,55,1,1,31,13,0,1,1,0,0,1,0
3497291,941828,4,69,33,9,11,12,40,64,35,1,0,22,89,1,1,0,1,0,0,0
4002429,406954,34,8,16,45,83,62,93,23,23,0,0,53,50,1,0,1,1,1,0,0
2690706,501246,73,20,17,99,56,15,10,28,89,0,1,72,26,1,0,0,1,1,1,1
1391902,815486,82,63,80,57,77,52,20,6,28,0,0,92,39,1,0,0,1,0,0,1
2692118,34709,70,75,65,36,73,34,90,94,21,1,0,90,67,1,0,1,1,1,1,1
3937973,638609,45,60,50,51,22,99,23,16,10,1,0,84,8,0,1,0,1,0,0,1
2402575,5363,34,93,64,98,29,58,94,93,40,0,0,69,55,0,0,0,1,1,0,1
664071,801790,44,94,42,80,57,38,93,24,48,0,0,89,90,1,0,1,0,0,0,1
4581137,499829,12,39,56,12,94,66,64,91,10,0,0,83,38,1,1,0,0,1,0,0
975435,401456,9,55,9,5,51,72,0,35,51,1,0,60,14,0,0,1,0,1,1,0
2374606,470417,65,3,36,57,55,60,53,60,66,1,1,78,88,1,0,1,0,1,0,1
3698472,50689,69,30,47,47,9,49,71,70,84,1,0,19,17,1,1,0,0,1,0,1
3206316,269080,71,26,68,31,18,52,33,34,74,1,1,52,51,1,1,1,1,0,0,1
1764718,903704,99,57,55,10,18,45,79,83,7,1,1,14,60,1,1,1,1,1,1,0
2334793,620362,24,24,75,80,86,51,90,77,30,0,1,28,93,0,1,1,1,1,0,1
1802575,180037,43,68,35,4,58,28,67,49,73,0,1,69,36,0,0,0,0,1,1,0
4013270,213606,59,69,30,5,43,4,82,55,5,1,1,79,79,0,1,0,0,0,1,0
2578837,5882,46,4,54,73,58,66,28,93,80,0,1,64,52,0,1,0,1,1,0,1
1724102,418440,39,90,37,96,95,73,2,64,70,1,0,61,11,1,1,0,1,1,0,1
3390541,896659,6,7,72,93,83,94,10,40,95,0,0,69,80,0,0,0,0,0,1,1
864180,784110,45,8,89,20,3,74,7,24,12,0,1,15,24,0,1,1,0,0,1,0
2583366,130865,22,14,14,41,96,80,61,33,5,0,1,53,78,0,0,1,1,0,0,0
2235848,653033,82,99,15,80,64,39,32,7,66,1,0,96,24,1,0,0,1,0,1,1
2639855,429041,45,6,76,26,12,71,7,55,26,0,0,6,20,1,1,0,1,1,0,0
404615,468956,85,95,88,2,66,1,24,83,44,1,1,59,82,0,0,1,0,1,0,1
1725233,33885,12,71,93,59,11,67,87,29,25,0,1,9,87,0,1,0,1,0,0,0
4096022,700416,20,14,52,92,92,61,25,67,3,0,1,52,6,1,0,1,1,0,1,0
2003740,401419,0,36,55,65,54,79,25,20,36,0,0,7,75,1,1,0,0,0,0,0
4168222,720601,18,82,6,92,60,57,16,90,20,0,0,84,48,0,1,0,0,1,0,1
3268893,400460,59,38,56,48,94,84,90,9,27,0,0,89,38,0,1,1,1,0,0,1
1038003,365466,32,5,54,99,40,68,28,86,81,0,1,36,74,0,0,0,0,1,0,1
3633382,335763,3,82,51,33,35,57,42,32,31,1,0,81,96,1,1,1,1,0,0,0
481570,26584,2,56,3,36,1,34,72,74,52,1,1,3,48,0,0,1,0,1,0,0
3382993,799953,90,91,42,41,21,13,77,82,32,1,1,83,88,0,0,1,1,1,0,1
4281082,710377,51,80,39,64,21,14,4,74,25,1,0,82,33,0,1,1,1,0,0,1
3595049,824973,98,18,29,59,40,5,49,3,16,1,0,96,74,0,0,1,0,0,1,0
266150,558351,27,62,9,89,94,15,93,22,55,1,0,22,15,0,0,1,1,1,1,0
2634206,75268,69,30,93,0,13,86,55,68,92,0,1,8,95,1,1,0,1,0,1,1
759723,785594,69,74,6,58,92,94,62,52,83,0,0,37,14,1,0,1,0,0,0,1
2747500,655506,54,78,35,3,34,45,56,4,29,0,1,44,39,1,0,1,0,1,1,0
3555745,385350,56,9,34,13,49,62,91,17,4,1,0,44,78,1,1,0,0,1,0,0
1199554,463168,86,86,87,17,8,11,44,16,5,1,1,17,6,1,1,1,0,0,1,0
4393060,753414,96,66,38,33,95,40,36,57,61,0,0,45,39,1,1,0,0,0,1,1
4358634,175635,15,61,35,0,58,18,71,66,9,0,1,1,65,1,1,1,0,1,0,0
334055,175824,23,2,19,52,55,75,78,71,69,0,0,47,69,1,0,1,0,0,1,0
876022,755593,68,17,48,21,90,76,91,55,9,0,1,16,99,1,0,1,0,1,1,0
1009942,400783,40,24,95,79,9,1,35,39,84,1,0,15,91,0,1,1,1,1,0,1
4079275,414337,76,19,58,60,24,19,32,86,43,0,0,44,21,0,0,0,1,1,1,1
896358,924178,46,57,48,21,44,94,5,86,55,1,0,47,58,1,1,0,0,1,1,1
3795790,605699,75,92,89,49,96,8,75,1,3,1,0,23,4,1,1,0,0,1,0,0
2041648,114876,68,85,25,15,10,20,70,20,12,0,1,94,17,0,0,0,1,0,1,0
1888472,988779,30,49,35,27,8,7,44,51,73,1,0,64,10,0,1,0,0,1,0,0
4028433,203153,91,78,42,91,6,38,91,23,79,1,1,91,7,0,0,0,1,1,1,1
2935264,689500,91,9,98,85,70,36,6,52,18,0,0,32,19,1,0,0,1,1,1,1
4648748,669687,29,20,42,69,33,28,64,37,69,1,0,3,74,0,0,0,0,0,1,0
2900713,993167,17,28,98,88,82,82,23,19,89,1,0,0,58,1,1,0,1,0,0,1
2508989,28331,43,95,75,41,19,34,44,49,61,0,0,32,90,1,0,1,1,1,0,1
4337270,28004,26,9,32,65,88,37,60,38,8,0,1,73,92,0,0,0,0,1,1,0
4517922,243441,98,12,99,70,4,89,18,59,45,0,1,61,24,1,0,1,1,0,1,1
4315625,910675,25,46,77,80,92,74,31,90,55,0,0,2,57,0,1,0,1,1,0,1
659297,408708,59,22,96,34,54,99,29,38,73,0,1,44,18,0,0,1,1,1,1,1
1220154,453013,17,49,44,19,90,34,64,70,39,1,1,20,1,0,1,0,1,1,0,0
4277151,194167,96,86,44,1,88,67,31,32,66,0,0,63,57,0,0,1,1,0,0,1
4934963,936253,88,94,87,6,14,2,56,28,82,0,0,72,65,0,0,0,0,0,0,1
3003696,854649,55,3,14,95,47,11,19,73,61,1,1,56,6,0,0,0,0,0,1,0
2293373,618332,30,66,94,48,3,31,84,9,98,1,1,39,50,0,1,0,1,0,0,1
2572280,800477,58,84,16,82,77,46,82,75,45,1,0,61,94,0,1,1,1,0,0,1
3116623,287260,1,52,11,75,80,62,93,66,5,0,0,42,32,1,1,0,0,1,1,0
2906871,547955,96,1,21,8,20,25,91,2,28,0,0,87,74,0,0,1,0,0,0,0
1070123,342201,38,67,22,26,79,42,95,76,18,0,0,45,12,1,0,1,0,1,1,0
3186249,603493,60,64,89,77,89,76,29,30,14,1,0,71,9,0,0,1,1,0,1,1
2059582,32302,62,78,77,1,8,43,86,26,56,0,0,23,58,1,1,0,0,1,1,0
4644499,409499,95,56,11,84,65,37,90,69,37,1,0,23,37,0,1,1,0,1,1,1
2329885,167007,17,96,67,67,78,28,58,26,20,1,0,9,19,1,1,1,0,0,1,0
4920642,601822,16,69,50,59,34,54,89,98,50,1,0,98,84,1,0,1,1,0,1,1
2407148,754702,97,6,12,84,87,51,61,8,38,1,0,67,13,1,1,1,1,1,0,0
4952525,167696,38,18,56,85,50,18,66,5,86,1,1,56,87,1,0,1,0,1,1,0
749239,18440,70,43,54,48,77,34,30,5,19,1,1,43,39,0,0,1,1,0,1,0
756701,378145,53,62,81,1,36,47,65,25,1,0,1,72,6,1,0,1,0,1,1,0
3247569,313645,98,64,27,16,5,90,53,42,31,1,0,74,68,1,0,1,0,1,0,1
4828120,399485,93,38,43,82,81,59,9,18,91,0,1,47,5,0,0,1,1,1,0,1
1470464,799300,75,82,18,87,85,30,37,15,3,1,0,76,39,1,1,0,1,1,1,1
985332,690611,34,25,45,19,81,2,82,22,6,1,0,26,52,0,1,1,0,0,1,0
967950,345053,10,43,2,75,50,34,30,74,2,1,0,29,98,0,0,1,1,1,0,0
366472,613811,60,11,82,88,65,87,28,79,24,1,1,45,8,1,1,1,1,0,1,1
597710,699089,43,21,19,86,95,51,24,28,8,1,0,11,64,0,0,1,1,1,1,0
4517048,545022,67,76,24,97,16,70,31,37,86,1,0,59,19,0,0,0,1,1,0,1
3388729,702789,24,91,74,31,64,50,16,58,86,1,1,18,5,0,1,0,0,0,0,1
4985956,177409,47,13,55,50,8,55,44,47,25,0,0,67,95,1,0,0,0,1,0,0
3050171,438541,31,85,80,87,12,98,48,19,63,1,1,53,76,1,1,1,0,0,0,1
1110775,350744,83,29,60,41,99,20,86,20,17,0,1,33,38,1,0,0,0,1,0,0
2796874,985018,94,43,54,62,57,0,17,27,87,1,0,86,20,1,1,0,0,0,1,1
758924,799865,3,83,34,88,29,52,74,49,90,1,1,89,36,1,0,1,1,1,1,1
4081185,512173,37,90,77,60,30,5,51,32,1,0,1,6,11,0,0,1,1,1,0,0
4573656,669471,62,37,58,61,22,97,19,39,0,0,0,81,69,0,1,1,0,1,0,1
4212595,633274,46,58,38,2,62,81,61,89,47,1,0,41,14,1,0,1,0,1,1,1
2490435,855185,0,41,56,88,27,61,12,53,79,0,0,67,20,1,0,0,0,1,1,1
631413,643071,2,51,82,91,58,88,87,9,62,1,0,52,84,0,1,1,0,0,0,1
1552564,216655,85,62,66,75,9,78,42,33,87,0,1,7,91,0,1,1,1,1,1,1
2624050,471836,61,60,33,25,88,46,83,72,35,0,0,21,99,0,1,0,1,1,1,0
4365100,813183,63,33,40,47,99,95,91,35,62,0,1,25,80,1,0,0,1,1,1,1
1063561,676813,16,38,21,7,89,49,98,74,74,0,0,76,45,0,0,1,1,0,1,0
502186,746204,77,40,26,4,25,81,20,73,25,0,1,62,70,1,1,0,1,0,0,1
3407393,437184,61,36,20,10,76,30,5,6,5,1,0,45,86,1,0,1,1,0,1,0
4028464,166149,34,64,40,41,16,63,70,15,25,0,1,80,85,0,1,1,1,1,1,0
1226553,244654,12,78,30,98,39,28,92,50,92,0,0,43,9,0,1,1,0,0,1,1
1435202,432991,34,31,26,90,67,14,52,89,42,0,1,61,81,1,0,1,0,1,0,1
345271,194216,42,7,36,40,22,57,86,95,0,1,0,35,65,1,0,1,0,0,1,0
2415685,840002,1,96,65,18,34,22,51,60,8,1,1,40,75,0,0,0,1,1,0,0
3943797,182169,55,17,53,47,74,37,68,30,26,0,0,78,38,0,1,0,1,0,0,0
1714542,815935,76,44,8,52,75,40,85,31,70,1,0,81,21,1,0,0,0,0,1,1
4380656,663139,50,92,82,54,8,74,8,44,2,1,0,26,85,0,0,0,0,1,0,1
3130184,878272,53,95,41,60,78,14,95,75,60,1,0,69,41,1,1,0,1,1,0,1
276898,136827,15,32,35,31,44,86,73,26,72,0,0,97,85,0,0,1,1,0,0,1
3495097,306407,17,4,9,45,36,2,45,21,1,0,1,40,5,0,1,1,1,0,0,0
488316,899923,6,81,58,91,68,82,91,14,73,1,1,4,51,1,0,1,1,1,1,1
2208954,322231,44,73,39,35,18,0,74,7,80,1,1,56,36,0,1,0,1,0,1,0
2029553,964785,35,35,53,17,74,87,70,67,30,0,0,75,83,0,0,0,1,0,0,1
4288657,580770,40,96,38,73,72,74,29,7,64,0,0,28,5,1,0,0,0,0,1,1
3241341,977361,93,22,6,95,98,93,42,86,17,1,1,11,72,1,1,0,1,0,0,1
1239504,127989,41,39,3,17,26,10,58,15,5,0,0,24,28,0,0,1,0,1,0,0
4287810,415616,6,4,14,11,12,59,37,47,41,1,1,33,68,1,0,1,0,0,1,0
2305058,831547,14,33,75,71,56,64,33,33,67,0,0,74,50,0,0,0,0,0,0,1
1875843,281393,59,23,47,96,59,75,45,85,3,0,1,86,76,1,1,0,1,0,1,1
234701,773543,39,16,5,45,11,3,91,86,98,0,1,23,26,1,0,1,1,1,1,0
3429028,969329,82,94,72,54,8,24,31,56,3,0,1,81,86,1,1,0,0,1,0,1
1921610,639649,36,70,34,37,91,71,15,4,64,1,0,62,36,0,0,1,1,1,1,1
2380712,816032,65,80,71,77,76,78,38,43,40,0,1,62,45,0,1,0,1,1,1,1
2539767,304850,54,91,70,1,83,42,0,70,42,0,1,9,97,0,1,0,0,1,1,1
2814235,810654,76,21,67,8,76,93,97,36,94,0,0,4,24,1,0,0,0,0,1,1
691036,366185,94,14,57,4,26,39,56,89,54,0,0,94,36,1,1,0,0,0,0,1
527304,895936,79,14,76,97,89,95,86,27,18,0,0,88,22,0,1,0,1,0,1,1
2662616,46139,55,24,18,18,62,98,19,67,20,1,1,52,91,0,1,0,1,0,0,0
2910241,644207,43,52,61,70,92,84,81,95,57,1,0,80,25,1,0,1,1,0,1,1
3633803,776965,56,20,70,38,28,94,81,37,29,0,0,27,75,0,1,1,0,0,0,0
1342953,308446,5,65,9,41,21,99,41,45,6,1,0,64,51,0,1,0,1,1,0,0
4161352,230756,91,90,24,16,72,90,84,72,68,0,0,44,2,0,0,0,1,1,0,1
4178702,354982,31,31,43,62,87,43,71,99,63,1,0,65,72,1,1,1,1,1,1,1
4259175,990663,73,20,98,89,18,71,33,25,1,0,1,48,78,0,0,1,0,0,0,1
526916,669006,17,67,57,45,37,58,49,74,66,0,1,39,71,1,1,1,0,1,0,1
3797706,673903,67,43,24,90,94,22,10,83,78,1,0,65,27,0,0,0,1,1,0,1
4706554,754856,72,82,92,91,38,61,42,52,73,0,0,90,89,0,0,0,0,1,1,1
805409,683145,6,65,75,19,14,22,9,62,8,0,0,7,79,1,1,1,0,1,1,0
1274135,869785,7,89,39,69,53,57,7,62,22,0,1,26,33,1,1,0,1,0,1,0
3189179,953910,63,97,75,7,31,54,71,37,13,0,1,16,83,1,1,1,1,0,0,0
1925690,356136,6,13,69,95,45,32,18,14,53,0,1,67,64,0,0,0,0,1,0,0
3480772,842860,40,14,9,18,60,76,64,98,44,1,0,43,87,0,0,1,1,1,0,0
4357893,553065,39,19,65,31,92,62,54,8,96,1,1,30,28,0,0,0,1,1,0,0
603119,62939,2,33,24,18,51,59,51,96,15,1,1,4,3,0,0,1,1,1,1,0
4366769,451242,16,35,70,23,33,98,2,74,83,1,1,59,67,0,1,1,1,1,1,1
4520295,877882,65,82,86,23,72,60,52,21,71,0,0,88,61,0,0,0,1,0,0,1
602732,952057,78,8,10,55,34,79,43,69,97,0,1,91,37,1,0,1,1,1,1,1
706079,28548,92,70,35,80,69,75,95,55,94,1,1,18,66,1,1,1,1,1,1,1
2150013,461437,51,29,48,17,36,60,47,36,56,0,1,41,1,0,0,1,0,0,1,0
2823836,959769,21,76,47,11,77,94,53,56,7,1,0,22,92,1,1,1,1,1,1,0
1332658,654837,3,90,86,40,60,68,15,59,24,0,1,99,91,1,1,0,1,0,1,1
2185209,438917,5,62,6,86,48,88,29,84,40,0,0,76,75,0,1,1,0,1,1,1
4522626,449503,37,34,90,47,8,20,91,11,61,1,0,16,43,1,1,0,1,1,0,0
856951,142799,25,12,76,81,18,2,27,6,76,1,1,93,78,0,0,1,1,1,0,0
211303,770820,10,78,50,63,86,47,15,65,17,1,0,57,94,1,1,1,1,0,1,1
1410209,186789,89,45,16,15,27,9,50,40,49,1,1,86,31,0,1,0,0,1,1,0
3679591,430643,16,55,31,79,79,86,32,23,40,1,1,48,85,1,0,1,1,1,1,1
2566610,677052,87,8,25,99,25,80,24,89,33,1,0,2,2,1,0,0,1,0,0,1
4380303,560913,91,86,21,22,37,41,17,24,99,1,1,76,16,0,0,1,0,1,0,1
1268199,816350,98,35,12,85,39,98,25,61,80,0,1,95,92,0,0,1,0,1,1,1
4376224,439352,30,2,11,38,24,88,5,83,11,1,1,44,11,1,1,1,1,1,0,0
4884346,906258,76,97,70,32,98,65,37,43,79,1,0,34,63,0,0,1,1,1,1,1
658298,644169,34,18,0,23,68,90,43,1,76,1,0,1,62,1,0,0,1,0,0,0
1247343,450625,15,27,32,60,70,45,66,41,74,0,0,46,77,0,1,1,1,1,0,0
305228,807009,78,22,13,54,22,8,42,98,77,0,1,2,71,1,1,1,0,1,0,0
4820650,352299,17,6,63,60,88,48,5,32,41,0,1,28,40,1,1,1,1,0,0,0
1955692,116776,61,75,42,83,64,3,77,16,54,1,0,73,1,0,0,1,0,1,1,1
1084056,890678,26,13,57,96,21,59,63,62,91,0,0,19,52,0,0,0,1,0,1,1
1930228,763284,34,45,40,94,63,89,81,21,58,1,1,33,33,1,1,1,0,1,1,1
2146793,787119,44,14,80,39,67,95,79,0,50,1,0,78,87,0,0,0,1,0,0,1
1769123,518624,34,66,67,57,57,28,87,93,87,0,1,39,83,1,0,1,0,0,0,1
3479269,217803,27,14,38,71,27,85,12,69,52,1,0,64,73,0,0,0,0,0,0,1
1926470,163761,8,50,0,73,77,46,64,53,80,0,1,89,39,0,1,1,1,0,0,1
3540420,671514,75,87,40,0,96,76,37,13,8,0,1,62,70,0,0,0,1,0,0,0
248874,502873,14,7,44,84,67,86,63,99,93,0,1,55,64,0,0,1,1,0,1,1
1822572,362092,20,68,87,24,74,62,13,96,2,0,0,31,54,1,1,0,0,0,1,1
3420281,26341,51,61,97,95,95,30,16,52,7,1,1,65,73,0,0,0,1,0,0,1
2889784,364698,34,50,97,52,3,50,76,5,81,0,0,95,50,1,1,1,1,1,1,1
909662,210753,96,62,87,60,0,40,12,89,58,0,1,40,4,1,1,1,0,0,1,1
670452,899230,50,67,78,45,25,35,72,63,29,1,1,28,55,1,0,1,0,0,1,1
2339686,313474,82,77,80,73,32,39,5,87,66,1,1,83,20,0,0,0,1,1,0,1
2792670,778429,54,15,12,59,80,94,5,32,54,0,0,86,57,1,0,0,0,1,1,1
642061,354903,86,83,70,50,26,59,93,71,33,0,1,50,72,1,0,1,0,0,0,1
3534732,728776,76,23,8,72,41,14,36,43,42,0,0,11,92,0,0,0,0,1,0,0
3961675,785427,43,5,62,83,68,77,56,33,27,0,1,43,30,0,0,1,0,0,0,0
2461286,353951,64,56,98,47,70,98,52,33,36,1,1,9,45,1,1,0,0,0,1,1
688972,824745,92,30,22,83,63,87,45,23,88,0,0,82,26,0,0,1,0,1,1,1
1323994,314044,87,5,53,39,24,29,77,1,29,1,0,73,69,1,0,0,1,1,0,0
3281328,83840,79,98,46,6,71,29,3,7,70,1,1,82,30,1,1,1,1,0,1,1
4298064,170767,24,78,38,74,97,26,33,24,61,1,0,89,40,1,0,0,1,1,0,1
2817703,166297,86,28,86,84,3,39,65,93,28,0,1,87,44,1,1,1,1,1,1,1
363038,877504,91,66,25,18,11,77,62,31,1,0,0,8,35,0,0,0,1,0,1,0
4163735,887799,46,74,0,14,57,44,60,55,89,1,1,28,1,1,1,1,1,0,1,0
1574572,54156,79,2,13,69,94,74,80,93,56,0,0,28,61,0,0,0,1,1,0,1
2555874,213281,55,27,95,60,10,46,41,6,56,1,0,91,20,0,0,1,1,1,1,1
800530,92453,37,73,73,55,58,89,77,47,41,1,0,60,33,1,0,1,0,0,1,1
3848966,688189,10,96,64,9,35,55,63,87,48,0,0,63,85,1,1,0,1,0,0,1
1277833,30938,66,47,68,45,21,53,16,53,56,0,1,2,12,1,1,1,1,1,1,1
2777640,64164,14,79,66,79,64,84,60,62,70,1,0,86,18,0,1,0,0,1,0,1
635423,452746,0,9,48,74,49,8,29,72,17,1,0,3,32,0,1,1,0,0,0,0
1392929,728559,6,32,49,56,3,64,42,79,69,1,0,54,48,0,1,0,1,1,0,1
523390,589570,0,99,57,34,99,69,92,1,26,0,1,13,2,1,0,1,0,0,1,0
1864221,314945,48,66,52,71,71,0,6,34,53,0,1,76,37,1,1,0,1,1,1,1
4268316,407681,95,68,90,91,88,85,72,97,23,0,0,27,82,1,0,1,0,1,1,1
1856671,270470,72,11,56,2,91,12,45,21,96,1,1,62,70,0,1,1,1,1,1,0
338563,926163,28,56,85,65,51,37,22,82,94,0,1,38,14,0,0,0,0,0,0,1
983066,982793,25,43,17,52,99,44,35,63,33,1,0,63,37,1,1,0,0,0,1,0
1754623,687954,86,12,15,77,99,39,13,58,21,1,1,59,24,1,0,1,1,1,1,0
4255957,120819,44,23,1,51,42,94,19,48,87,0,0,19,60,0,0,1,1,1,0,0
797897,271907,92,43,12,92,45,14,55,51,62,1,0,27,85,1,1,0,1,0,0,1
4141237,486873,96,56,44,52,3,49,80,20,35,1,1,95,86,1,0,0,1,1,0,1
972800,146900,70,95,79,53,12,1,31,11,91,1,1,13,49,1,1,0,1,0,0,1
2242999,314732,11,15,71,46,37,52,24,10,83,0,0,76,9,0,0,1,0,0,0,0
3722554,802653,94,95,42,2,44,94,93,53,60,1,0,74,99,0,0,0,0,1,1,1
3859985,409427,31,99,71,64,24,25,48,82,81,1,0,57,49,1,1,0,1,0,1,1
2102897,542857,19,20,53,14,66,65,56,69,41,0,1,38,41,0,0,0,0,0,1,0
3776511,232966,50,75,73,83,54,74,26,13,95,1,1,57,70,0,0,1,0,1,0,1
1363950,42860,80,50,96,85,95,32,26,32,32,0,1,14,51,1,1,0,1,1,1,1
749148,207630,35,20,30,33,38,81,45,76,73,0,1,72,45,1,1,0,0,1,1,1
2973707,836769,66,59,75,49,64,84,94,25,8,1,0,2,88,1,1,0,1,1,1,0
4878394,528225,0,50,8,32,74,58,44,13,24,1,1,4,39,1,1,0,0,1,1,0
2973939,974815,26,20,72,72,1,94,25,87,12,0,1,91,57,1,0,1,1,1,1,1
2135740,673875,39,5,47,2,68,25,13,47,46,1,1,41,23,0,1,1,0,1,0,0
3634955,600983,96,72,17,1,85,93,47,64,44,1,0,14,68,0,1,0,0,1,0,1
2945226,258078,83,64,93,3,61,20,84,45,4,1,1,2,84,0,1,0,1,1,0,0
3377326,771887,13,75,95,15,45,48,91,54,30,1,0,34,39,0,0,1,1,0,1,0
1754510,373893,99,57,86,53,76,79,14,93,30,0,1,6,19,0,1,1,0,0,1,1
2030815,160976,68,77,10,32,86,70,93,73,97,0,0,93,28,1,0,1,1,0,1,1
3963122,720295,86,5,61,8,30,85,88,73,89,1,0,23,36,1,1,1,0,1,1,1
2586378,835222,78,64,83,56,98,70,50,91,70,0,0,30,19,1,0,1,1,0,1,1
4621590,860012,5,85,18,39,34,65,53,67,40,0,0,77,17,1,0,1,1,1,1,1
2734937,997652,32,33,99,51,44,36,10,77,45,0,1,79,3,0,0,0,0,0,0,1
3357473,10636,54,55,89,81,76,13,74,11,51,1,1,3,10,1,1,0,0,0,0,0
1012461,266578,18,74,73,15,53,71,27,53,83,0,1,2,63,1,1,0,0,0,1,1
4627036,344273,76,2,23,7,70,92,54,63,85,0,0,98,85,1,1,0,0,1,0,1
4255555,925396,28,41,12,86,68,6,68,46,4,0,0,8,51,1,0,1,0,1,0,0
1918224,288816,60,61,45,59,28,37,91,36,11,0,0,67,42,1,1,0,1,0,1,0
2910626,797244,69,5,52,35,71,44,71,73,20,0,0,82,13,0,0,1,0,1,0,1
1124044,232693,78,5,97,2,7,21,25,40,8,1,1,87,44,1,1,1,1,1,0,0
3181352,526393,79,62,28,14,53,43,69,26,92,1,1,59,27,0,1,1,1,1,1,1
1586652,5654,23,19,35,96,6,80,31,41,90,0,0,10,3,0,1,0,1,1,1,1
485555,583921,22,20,70,81,82,79,47,75,16,1,1,78,15,1,1,1,1,0,0,1
644191,22143,9,1,93,22,22,96,95,85,23,0,0,35,37,0,1,0,1,0,1,0
1702337,585222,53,89,16,2,99,34,11,67,26,1,1,94,62,0,0,1,1,1,1,1
3686669,334478,40,94,47,29,31,59,69,28,7,1,1,71,22,1,0,0,0,1,1,0
1120597,632751,48,89,76,44,61,95,76,35,43,1,0,1,76,0,1,1,0,1,1,1
2243338,130851,16,55,23,16,44,2,60,56,61,1,1,49,19,0,0,0,1,0,0,0
3922946,558375,55,95,53,57,67,66,33,77,28,1,0,2,68,1,1,1,0,0,0,1
1686205,671978,44,9,94,57,29,71,86,11,82,1,1,66,82,1,1,1,0,1,0,1
3065899,799878,29,86,90,95,38,94,80,44,73,1,0,84,20,1,1,0,0,0,0,1
424695,893559,43,69,84,56,4,54,44,19,23,0,0,61,41,0,1,1,0,1,1,1
3181467,316011,73,22,0,6,66,8,59,44,33,0,0,75,68,0,0,0,0,1,1,0
3641628,449244,54,91,78,38,21,68,64,22,59,0,1,13,13,0,0,0,1,1,0,1
1301844,851533,18,29,66,77,27,27,70,61,30,0,1,22,99,0,0,1,0,1,0,0
4967493,163272,28,77,5,57,21,14,12,85,3,0,0,76,69,1,0,0,1,1,1,0
1610706,231179,1,36,77,55,85,90,77,33,94,1,0,15,4,1,0,0,1,0,1,1
3540216,879506,35,54,54,14,97,30,80,20,8,1,1,80,23,0,1,0,0,0,0,0
4033284,721825,18,95,37,43,28,58,93,50,89,1,0,17,92,0,1,1,1,0,1,1
2047865,507716,6,48,32,11,42,81,47,8,76,0,0,12,28,0,0,1,1,0,1,0
1119484,222508,25,33,7,7,41,53,48,73,89,1,1,55,1,0,0,0,0,0,1,0
4217136,647710,78,43,89,79,59,67,97,9,53,1,0,89,5,1,1,0,1,1,1,1
544855,355036,37,21,78,40,76,84,90,51,0,0,0,44,33,0,1,1,0,0,0,0
1274961,224631,2,30,77,33,70,46,57,44,60,0,0,39,75,1,1,1,1,1,0,0
4825678,387188,79,6,19,45,73,41,88,51,72,1,1,30,21,1,0,0,0,0,0,0
3761963,44148,65,20,54,87,91,22,98,29,30,1,1,80,3,1,1,1,0,0,0,1
2577935,874360,94,15,47,28,67,85,72,63,87,1,0,31,5,0,0,0,1,0,1,1
1334106,156770,91,19,82,15,58,64,69,96,44,1,0,0,66,1,1,0,1,0,1,1
4678011,440686,70,42,55,4,95,88,60,1,59,0,1,34,76,1,1,1,1,0,1,0
2674968,490287,93,43,96,4,85,53,25,48,85,0,0,35,62,0,0,0,1,0,0,1
2642266,843092,42,46,99,29,83,91,38,95,72,0,0,82,86,0,1,0,0,1,0,1
4637677,976414,61,18,87,49,83,10,57,44,86,1,0,91,98,1,1,1,0,1,1,1
4742001,826882,70,47,9,4,5,62,26,16,83,1,1,65,89,0,1,1,1,0,1,0
1418758,716823,99,95,51,12,72,21,39,27,41,0,1,28,72,0,0,1,0,0,0,0
1855743,300901,92,78,49,98,27,53,30,44,84,1,1,42,86,0,0,0,1,0,0,1
4177019,83012,23,68,33,48,76,88,2,16,26,1,0,28,67,0,1,1,1,1,0,0
3268281,898182,38,10,35,88,30,84,87,58,57,0,0,42,33,1,0,0,0,0,1,1
4725208,918475,67,78,60,49,38,35,14,13,68,0,1,18,71,1,1,0,1,0,0,1
718349,992751,92,28,99,13,49,57,53,9,80,1,0,63,33,0,0,0,0,1,1,1
3081990,994519,43,44,15,45,77,19,69,97,97,0,1,91,56,1,0,0,0,0,0,1
997968,953894,4,67,78,89,85,15,10,77,72,1,0,97,36,1,0,1,0,1,0,1
279083,61116,54,35,17,81,36,91,29,80,33,1,1,30,5,1,1,1,0,0,0,1
2855971,149233,92,47,70,83,87,55,34,85,9,1,1,18,70,1,0,0,0,0,0,1
4197615,37152,29,86,46,33,71,92,42,17,65,1,1,95,44,0,0,0,0,1,0,1
3074299,111379,28,14,85,70,14,49,60,34,24,1,0,28,40,0,0,1,0,0,1,0
2004673,231905,25,43,31,46,50,89,39,47,2,1,0,72,99,0,1,0,1,0,1,0
3138199,25836,82,66,42,59,69,65,92,57,33,0,1,6,4,1,1,0,0,1,0,1
809996,226439,25,95,82,73,22,73,86,17,70,0,0,57,59,0,1,0,1,1,0,1
978513,989047,36,73,39,78,24,12,41,51,27,1,1,75,66,0,1,0,0,1,1,1
3503389,191720,90,39,64,80,94,14,41,29,8,1,1,59,16,0,0,0,1,0,1,1
4554385,162403,93,85,34,10,45,72,2,36,10,1,1,50,82,1,1,1,0,0,1,1
588590,146835,52,13,68,97,92,26,89,39,92,0,1,94,64,1,1,1,0,0,1,1
1965982,860876,29,62,49,90,22,7,77,5,79,1,0,81,54,1,1,1,0,1,0,1
2978655,622397,2,80,11,84,9,69,82,78,38,0,1,91,8,1,1,1,1,1,1,1
3351882,155259,42,84,75,94,72,99,84,34,92,0,0,49,3,1,1,0,1,1,1,1
3410016,148029,6,50,84,49,76,49,20,25,12,1,1,20,41,0,1,1,0,0,0,0
2579877,402595,48,78,57,3,31,87,72,90,98,0,1,8,45,0,0,0,1,1,1,1
2589383,950463,72,57,82,40,50,66,76,29,10,0,1,33,73,1,1,0,0,1,0,1
364053,611306,40,14,62,58,40,25,52,74,34,0,1,33,95,0,0,1,1,0,1,0
4987890,652364,76,64,72,59,64,35,43,23,7,1,1,46,0,0,0,1,1,1,1,1
1636536,687465,78,87,48,80,64,20,45,54,6,0,1,23,86,0,1,0,0,1,1,1
2742637,399093,53,54,35,61,39,76,36,77,68,1,1,79,16,0,0,1,0,1,1,1
3590926,708713,68,75,53,83,17,51,37,86,69,0,0,27,93,1,0,0,1,0,0,1
3813263,875220,92,9,46,24,35,10,87,8,56,0,0,45,90,0,0,0,1,1,1,0
4358549,888302,98,41,31,86,30,7,37,61,34,0,0,50,78,1,0,0,1,0,1,1
1546208,744945,90,94,98,78,53,56,10,17,93,0,0,98,6,1,1,1,0,1,0,1
4730889,350452,26,10,94,32,62,45,92,50,10,0,0,5,96,1,0,0,1,1,0,0
1978599,449783,7,15,52,18,0,77,44,18,37,1,1,62,4,1,1,1,0,0,1,0
222431,325057,31,72,31,56,51,96,63,68,90,1,1,52,51,0,1,1,1,1,1,1
1443131,531925,83,77,61,14,99,1,43,81,84,0,0,63,97,1,0,1,1,1,0,1
847008,470994,63,18,36,40,56,63,80,32,77,0,1,51,52,0,0,0,0,0,1,1
773441,833457,9,30,95,68,8,51,61,37,48,0,1,59,2,0,0,0,0,1,1,1
4662816,767277,12,72,37,79,85,64,89,12,34,0,1,40,61,1,0,0,0,0,0,0
4570380,761547,62,99,29,59,91,10,60,48,28,1,0,10,31,1,1,1,1,0,0,0
2249949,366652,92,52,57,95,89,5,89,72,87,1,0,3,1,1,0,0,1,1,1,1
1468300,611752,34,89,31,21,73,95,11,89,99,0,0,13,79,1,0,0,1,0,1,1
2147763,295886,60,7,65,42,55,78,81,52,40,1,1,12,80,1,1,1,0,0,0,0
1829849,541119,53,23,50,31,46,75,8,0,95,0,0,14,52,0,1,0,0,1,1,0
2085077,118768,7,7,10,12,2,63,66,11,5,0,1,7,11,0,1,0,0,1,0,0
4082149,776271,28,82,58,37,1,92,73,23,9,1,1,87,4,1,1,1,1,0,0,1
250861,352236,94,47,19,25,53,54,1,0,83,1,1,10,3,1,0,0,1,0,0,0
4200737,882311,40,29,36,80,36,43,7,67,83,0,1,98,55,1,0,0,1,1,1,1
921001,879802,29,57,72,4,55,85,42,6,89,0,1,88,79,1,1,0,0,1,0,1
2191083,917969,85,85,48,48,30,13,17,91,84,0,0,22,81,1,0,0,1,0,0,1
4719216,969266,20,54,18,96,96,82,51,68,22,1,0,6,63,1,1,0,0,1,1,0
1823911,634112,75,72,54,90,95,4,38,38,45,0,0,68,44,0,0,1,1,0,0,1
1643717,93741,10,61,39,4,11,98,30,31,11,1,1,31,59,0,1,0,0,1,0,0
4609352,23830,1,47,6,70,57,24,13,48,54,0,0,91,19,1,1,0,1,1,0,0
3057733,322188,49,3,4,47,66,49,63,30,12,1,0,43,52,1,1,0,1,1,0,0
1405663,865380,40,36,41,17,25,72,96,78,73,1,1,2,72,1,0,0,0,1,0,0
233320,74202,65,7,87,94,77,70,92,2,6,1,0,93,15,1,0,0,0,1,1,1
527025,304189,97,0,47,5,11,81,43,46,11,0,1,43,98,0,0,0,0,0,0,0
564359,222394,2,91,6,65,89,1,59,14,60,0,1,68,92,0,0,1,0,0,0,0
1508507,515473,79,69,10,76,15,9,96,50,24,0,1,50,29,1,0,1,1,1,1,0
4266621,207123,50,46,72,41,52,1,98,81,1,1,1,60,19,0,1,1,0,0,1,0
1143187,898941,67,99,48,51,71,59,1,84,25,1,0,50,85,1,1,0,1,1,0,1
4193710,162699,86,74,29,10,48,44,98,73,50,1,0,32,86,0,1,0,1,0,0,1
1797690,282342,83,4,40,25,48,7,31,20,68,1,1,19,51,0,1,0,1,1,0,0
300734,860953,24,49,2,20,91,57,35,89,61,1,0,29,35,1,1,1,0,0,1,0
357702,509655,29,23,85,65,6,6,54,40,71,1,0,43,21,1,1,1,0,1,1,0
3051274,635759,81,46,39,39,14,98,86,2,72,1,1,85,0,0,1,1,0,0,0,1
1425811,820907,10,17,50,55,35,86,62,0,38,0,1,85,20,0,1,1,0,1,1,0
1347087,241824,92,83,83,50,71,71,68,20,83,1,1,28,47,0,0,1,0,0,1,1
3281091,517214,16,27,31,19,73,20,79,74,10,1,0,20,82,0,0,0,0,1,0,0
4029049,24403,25,76,47,80,14,96,39,79,63,1,0,81,71,0,0,1,0,1,1,1
2903381,8681,22,4,70,79,61,46,23,98,85,1,1,52,4,1,0,1,0,0,0,1
2068670,358699,55,29,70,56,17,0,57,20,79,1,1,10,39,1,0,1,1,0,1,0
4493122,910316,51,0,19,4,45,11,27,74,41,0,1,9,92,0,1,1,1,0,0,0
4546664,884554,47,85,88,13,60,74,61,94,9,1,0,34,81,0,1,1,0,1,1,1
4955469,644548,19,81,34,23,42,47,24,48,88,1,1,25,92,0,1,0,1,0,1,0
1132817,702652,1,45,23,67,43,93,6,64,18,1,0,43,78,1,1,0,0,0,1,0
4535702,634674,87,68,39,51,98,3,37,40,3,0,1,3,44,1,0,1,0,0,1,0
3478360,762666,30,30,76,47,65,33,70,95,82,1,0,73,30,1,0,0,0,0,0,1
3162732,403845,26,69,51,87,54,86,85,66,2,1,0,56,14,0,0,1,1,1,0,1
2380338,98246,1,90,38,46,85,31,85,95,80,0,1,38,57,0,0,0,0,0,0,1
2192825,100864,77,55,67,59,78,2,90,41,13,1,0,79,52,1,1,1,1,1,1,1
4032978,213886,3,88,60,72,38,91,96,68,9,1,0,40,44,1,1,1,1,1,0,1
4315811,275561,12,92,75,2,99,67,44,56,5,0,0,93,66,1,1,1,0,1,1,1
794604,386032,99,27,80,8,4,56,31,42,30,0,1,66,41,1,1,0,1,0,0,1
2249927,170837,34,15,64,81,56,75,31,11,30,0,0,97,96,0,1,1,1,1,0,1
3374108,865931,71,53,61,99,14,23,0,77,47,1,0,88,23,1,1,0,0,1,1,1
2931638,922340,65,52,80,82,90,32,73,63,8,1,0,35,37,0,0,1,0,0,0,1
464500,250160,5,11,1,23,15,2,44,50,75,1,1,3,50,0,1,1,0,1,0,0
2367478,192646,30,19,5,3,56,3,63,72,25,1,1,73,23,0,0,0,0,0,1,0
3176031,488761,9,81,74,8,99,29,67,59,1,1,1,12,76,0,1,1,0,0,0,0
839282,788566,20,33,42,96,81,69,92,70,3,0,0,69,90,0,0,0,1,1,0,1
3103633,819107,73,52,81,0,98,48,6,79,95,1,1,6,32,0,0,1,1,0,1,1
2140369,261681,22,63,39,34,24,29,37,27,91,0,1,27,18,0,0,0,1,1,0,0
4148242,470483,2,22,88,73,21,71,69,70,5,1,1,58,24,1,0,0,1,1,1,1
1417060,700923,31,26,38,11,30,81,52,13,29,0,1,36,69,1,1,1,1,1,1,0
1231519,540620,19,16,27,17,33,15,74,31,54,0,0,14,96,1,0,1,0,0,0,0
989352,784105,73,47,79,77,86,52,72,7,27,1,1,29,88,1,1,1,1,0,0,1
4878714,810609,28,20,62,9,15,5,29,26,60,0,1,73,86,0,1,1,0,0,1,0
1590281,921992,51,49,63,73,69,23,21,49,76,1,1,11,48,0,0,0,1,0,0,1
4141106,225326,45,39,11,17,58,91,57,58,54,1,1,80,16,0,0,0,1,1,0,1
2522466,728807,33,94,40,23,14,95,72,56,35,0,0,29,20,0,1,0,1,1,1,1
2051317,266849,83,2,28,0,81,88,54,2,73,0,0,0,42,1,1,0,0,1,0,0
2146830,324248,60,16,22,93,12,27,45,26,73,1,1,35,83,0,1,0,1,0,1,0
2814150,351479,71,60,84,78,23,20,96,93,4,1,0,87,75,1,0,1,0,1,1,1
1768560,382082,70,49,79,71,12,7,25,33,28,1,0,20,76,0,1,1,1,1,1,0
4860061,85730,69,89,50,98,64,35,63,25,99,1,1,31,81,1,0,0,1,1,1,1
2805214,403167,10,86,44,81,35,8,79,39,11,0,0,62,21,1,0,1,0,0,1,0
2429180,242474,81,5,89,15,48,39,8,85,21,1,1,81,62,1,0,0,0,0,1,1
2528599,295477,92,27,21,84,81,84,86,31,58,0,0,12,23,0,0,0,1,0,0,1
1195843,288817,88,71,9,14,47,50,14,40,38,1,1,36,32,1,0,1,1,0,0,0
4388891,905853,62,54,6,61,96,0,18,1,1,1,0,43,66,1,0,0,1,0,1,0
826045,570158,20,57,72,4,42,62,15,71,13,1,0,20,80,0,1,1,1,0,0,0
4231419,258017,2,44,88,44,5,67,24,6,9,0,1,17,95,0,1,1,0,1,0,0
4695511,656824,81,71,14,51,80,73,98,18,47,0,0,45,16,1,1,0,1,1,1,1
1624945,338245,87,18,76,70,67,25,50,32,63,0,1,46,47,0,0,0,0,1,1,1
1591538,814253,9,28,45,6,13,39,76,1,2,1,0,25,43,1,1,0,0,1,1,0
2563999,30494,26,22,89,26,29,2,45,66,71,1,1,4,24,0,0,1,1,0,0,0
920488,628765,11,31,84,88,83,8,6,91,59,0,0,4,71,1,1,0,0,1,0,0
4990691,393227,6,9,86,85,7,31,33,77,80,1,0,30,98,0,1,0,1,0,0,1
619065,734520,16,90,60,12,53,66,57,14,67,0,0,27,59,0,1,1,1,0,1,0
2984372,379842,64,48,91,16,65,3,77,20,20,0,0,76,28,1,1,1,0,1,0,0
4425889,378704,63,64,60,43,3,5,22,77,93,1,0,74,11,1,0,1,0,0,1,1
1663807,399051,25,28,50,12,73,72,22,58,18,0,1,64,99,0,1,1,1,0,1,0
3292195,285790,14,58,37,89,83,25,16,81,78,1,1,87,8,0,0,1,1,1,0,1
1816449,128777,32,44,11,72,59,1,12,38,19,1,1,12,89,1,0,1,0,1,0,0
489102,606648,61,66,87,4,52,65,26,19,57,0,1,17,85,0,0,0,0,1,0,0
1536737,304479,46,50,76,32,98,84,65,0,41,1,0,23,52,0,0,1,0,1,1,0
3260006,860783,94,94,65,3,73,85,29,72,93,0,1,28,60,1,1,1,1,1,0,1
2577074,906366,34,10,53,91,91,2,3,8,9,0,1,27,30,0,1,0,1,1,1,0
2997753,138501,64,85,38,25,14,34,93,50,22,0,0,44,47,0,0,1,0,1,0,0
1290805,309094,71,81,75,67,99,58,66,37,87,1,1,85,93,1,1,0,1,0,0,1
4643778,589942,75,98,38,15,0,37,13,92,11,0,0,83,78,1,1,0,1,0,0,1
4362065,374566,82,5,77,21,21,32,10,14,8,1,1,10,46,0,0,0,0,1,1,0
3210087,377078,24,66,29,35,90,14,39,83,78,0,0,50,32,0,0,0,0,0,0,1
460116,124975,56,61,47,57,92,74,86,40,28,1,0,58,66,1,1,1,0,0,0,1
3168462,728503,31,4,82,54,14,73,95,93,81,0,0,83,97,1,1,1,1,0,1,1
3242146,358330,62,8,30,34,73,99,2,46,19,0,1,12,63,1,1,1,1,1,0,0
2818137,371378,11,27,24,24,83,13,0,25,64,1,0,46,16,1,1,1,0,0,1,0
4414279,631614,62,82,67,71,21,65,8,53,2,0,1,87,43,1,0,1,1,0,0,1
4552099,82527,76,91,50,80,49,44,72,69,7,0,0,42,4,0,1,0,1,1,1,1
3762223,353848,91,90,12,60,47,47,75,38,38,1,0,23,93,0,1,1,0,0,0,1
1457949,953603,0,76,99,17,72,43,0,16,63,1,0,47,61,0,0,1,0,1,0,0
3171981,437601,50,37,62,57,50,36,15,69,30,0,0,62,62,1,1,1,1,0,0,1
4050241,171991,69,42,41,75,95,28,93,91,71,0,0,16,78,1,0,1,1,0,0,1
4159076,101952,7,20,53,56,16,98,71,8,78,1,0,68,38,1,0,0,1,0,0,1
3934340,852214,67,90,66,96,82,83,45,90,21,0,1,53,71,0,1,0,0,0,1,1
3521765,338260,4,61,79,86,90,84,9,98,95,1,0,93,41,0,1,0,1,0,1,1
588076,470806,88,45,89,62,50,33,32,45,4,1,0,13,91,1,0,0,1,1,1,1
3309244,881058,85,69,55,11,36,58,40,5,57,0,1,14,20,0,1,0,1,0,1,0
2398611,438603,91,37,18,10,97,42,50,67,72,1,1,72,46,1,1,0,0,1,0,1
2160826,676183,38,48,45,12,48,32,21,15,78,1,0,77,73,0,1,0,1,1,0,0
3044664,51015,22,74,14,34,58,18,15,86,62,0,0,9,27,0,1,1,1,1,0,0
2813275,107877,67,80,31,26,9,7,82,86,60,0,0,21,20,1,0,1,1,1,0,1
1578369,282483,51,38,48,88,29,30,74,28,51,0,0,94,27,1,0,1,0,0,1,1
2623970,528165,3,70,20,66,84,10,61,40,32,0,1,12,85,1,1,0,0,1,1,0
2290212,663851,46,29,64,88,20,7,52,67,21,1,1,80,18,1,1,1,1,1,1,1
4371774,398922,20,20,69,44,33,24,74,61,50,1,1,64,62,1,0,1,1,0,0,0
2441984,626781,55,0,26,73,72,19,13,39,10,1,1,13,51,0,1,0,0,0,0,0
352999,676088,65,88,22,80,97,37,58,61,57,0,1,43,37,0,1,1,1,1,1,1
4742923,929501,58,31,46,66,49,6,25,23,49,1,0,38,45,0,1,1,1,1,1,0
261367,501753,6,7,94,21,75,76,43,5,69,0,1,34,23,1,0,0,0,0,0,0
953315,720768,48,68,11,77,46,38,19,39,16,1,0,64,91,1,1,0,0,1,0,0
4800108,980601,15,29,84,90,84,73,83,69,45,0,1,26,44,1,0,0,1,1,1,1
3205334,396670,16,7,65,41,83,71,4,57,43,0,1,44,76,0,0,1,0,1,1,0
3054190,436739,83,18,4,19,5,19,64,13,56,1,0,56,8,1,1,0,1,1,0,0
1484382,650936,86,58,8,47,49,80,10,77,4,0,0,21,8,1,0,1,0,0,1,1
4053321,292307,97,54,19,17,99,10,46,44,38,1,0,33,20,0,0,1,0,0,0,0
2854837,678078,74,29,81,76,62,15,9,98,57,1,0,8,23,0,1,1,1,0,1,1
3684239,616796,33,78,62,69,11,41,60,5,8,1,0,49,94,1,0,1,0,1,1,0
1242377,744127,32,35,85,73,40,95,91,22,92,1,0,53,63,0,0,1,0,0,0,1
4777033,306763,25,54,71,92,30,89,44,61,22,0,1,57,92,0,1,1,1,0,1,1
3457181,279270,65,43,97,5,1,51,46,83,46,1,1,99,39,1,0,0,1,1,1,1
1123780,594214,62,26,72,38,15,36,33,16,35,1,1,95,73,0,1,1,1,1,0,1
3066451,45633,86,76,70,10,0,51,12,83,30,1,1,61,51,0,0,1,1,1,0,1
2668152,213726,40,77,29,24,3,8,88,69,83,0,1,37,3,1,1,1,0,1,1,0
4607871,8317,85,53,81,93,46,34,22,27,22,1,1,83,2,0,1,0,1,0,0,1
2142811,312124,57,47,90,54,64,66,35,12,55,0,1,26,12,0,0,1,1,1,1,1
498090,835547,97,29,15,83,51,94,62,28,70,1,1,63,20,0,0,0,0,1,1,1
517348,722006,78,38,84,57,46,6,75,44,45,1,0,2,7,1,1,0,1,0,0,0
1526283,834590,9,12,4,36,98,1,46,19,57,1,1,10,72,1,1,0,0,0,1,0
292324,716323,14,15,28,15,76,24,65,57,35,1,1,23,0,0,1,1,0,0,1,0
2520688,445847,41,43,46,94,49,75,83,80,67,1,0,28,13,1,1,1,0,0,0,1
2005808,709676,92,70,21,92,44,93,79,53,87,0,0,68,75,0,0,0,0,1,1,1
1520567,372508,56,26,77,69,41,93,13,98,59,0,1,96,35,0,0,0,1,0,0,1
4420459,457558,86,44,56,92,94,92,52,63,13,1,0,7,21,1,0,0,0,0,1,1
4736119,282648,16,34,82,95,83,40,65,51,24,1,0,18,35,1,0,0,1,0,0,0
4215470,728953,59,78,34,72,55,74,48,42,70,1,0,67,44,1,1,1,1,0,1,1
4854798,424876,8,27,87,36,70,51,15,86,78,0,0,98,15,1,0,0,0,0,1,1
3477419,828628,35,98,59,52,56,86,67,17,43,1,1,93,10,0,1,1,0,0,0,1
3822138,857370,72,6,69,86,32,80,42,99,45,0,0,68,66,0,0,0,1,1,0,1
2740476,931109,79,61,59,15,27,76,76,83,12,1,1,47,97,0,0,0,0,1,1,1
4429011,324532,35,50,57,17,43,96,64,53,61,1,0,39,24,1,0,1,0,0,0,1
1137841,217369,47,45,2,18,55,64,8,59,18,1,0,66,89,1,1,0,1,0,0,0
1767053,584789,50,19,33,43,43,76,20,70,11,0,0,15,66,1,0,0,0,0,0,0
2116545,713669,96,95,44,1,83,37,81,99,89,1,0,63,83,1,0,1,1,1,0,1
3043940,32043,94,37,49,57,95,66,95,0,47,0,0,7,30,0,0,1,0,0,1,0
4747603,38635,69,60,1,9,72,79,97,36,32,1,0,4,64,0,0,1,0,0,0,0
4132441,215387,73,31,14,75,33,41,83,48,78,0,0,98,89,1,1,0,1,0,1,1
1407068,85691,79,25,36,45,13,70,42,34,36,0,0,71,88,1,1,1,0,0,0,1
4564406,504730,67,57,14,81,67,53,65,66,5,1,0,99,10,0,0,1,1,0,0,1
594274,824564,21,38,59,18,28,66,3,34,88,0,1,24,79,1,1,1,0,1,0,0
4611589,806798,76,19,95,37,78,77,6,92,80,1,1,52,83,1,1,0,1,0,1,1
1586980,98944,79,81,84,36,16,63,85,8,42,1,1,48,37,0,1,1,0,1,0,1
1408052,732467,92,49,63,90,82,79,83,36,99,1,0,71,1,0,0,0,1,0,1,1
3055994,460796,5,78,80,77,8,3,57,59,49,1,0,20,53,0,0,1,1,0,0,0
3147762,906699,25,51,97,44,26,30,98,55,45,0,0,50,92,1,1,0,0,1,0,1
2593293,520578,74,85,95,33,48,12,3,88,72,1,1,45,6,1,1,0,1,1,0,1
3240267,980393,87,21,51,1,78,26,19,11,27,0,0,8,48,1,0,1,1,0,0,0
4042323,44236,92,52,22,43,36,58,34,70,98,1,1,63,39,1,0,0,0,0,0,1
1497076,271294,2,84,98,96,27,64,96,70,66,0,1,95,44,1,1,1,0,1,1,1
1380887,378513,51,65,36,82,49,63,58,3,10,1,0,76,53,0,1,0,1,1,0,1
2007610,810855,73,42,40,26,54,24,84,60,19,0,1,22,88,0,1,0,1,1,1,0
4639850,533425,59,81,56,47,3,36,44,44,86,1,0,59,60,0,0,0,1,1,0,1
2948385,559280,62,22,96,93,84,74,13,94,29,1,1,58,3,0,0,0,0,0,0,1
3915288,901972,64,76,24,6,97,72,94,49,35,1,0,7,33,1,1,0,0,0,0,0
2124401,120140,51,63,36,26,18,70,21,49,75,0,0,63,88,0,1,0,1,1,0,1
2096220,180993,89,8,39,84,36,13,47,73,99,1,0,98,7,0,1,1,0,0,0,1
3338744,650513,75,6,84,70,3,93,29,47,98,1,0,53,31,0,0,1,1,1,0,1
346470,477585,13,40,45,88,36,23,28,22,97,0,0,91,17,0,0,1,0,0,1,1
1567223,858349,88,53,59,17,50,66,35,89,67,0,1,14,39,1,1,0,0,1,0,1
1255146,340834,71,64,97,32,31,47,41,86,87,1,0,51,74,1,0,0,1,0,0,1
2628081,301379,67,1,18,32,44,90,28,92,35,0,0,92,55,0,0,1,0,1,1,1
3879126,215047,27,3,90,95,11,64,6,7,57,0,1,50,36,1,0,0,0,1,0,1
3844843,548410,70,77,8,24,40,37,31,82,27,1,1,3,54,0,0,1,0,1,0,0
4473445,291100,9,31,68,13,55,89,12,28,38,0,0,33,35,0,1,1,1,1,0,0
4406419,68879,56,99,4,37,79,69,12,42,65,0,1,23,9,0,0,1,0,0,1,1
3384790,587848,99,1,88,37,13,58,53,52,42,0,0,20,69,1,1,0,1,1,0,1
3106495,377454,65,63,25,3,53,11,13,5,4,1,0,1,79,0,1,1,0,0,0,0
4341363,729045,89,13,18,61,62,53,5,92,91,0,0,6,88,1,1,0,1,0,1,1
1774833,947164,49,19,29,81,64,50,15,23,12,1,1,55,62,1,0,1,0,1,1,0
3127337,242268,13,88,99,9,57,37,40,73,99,1,0,74,33,1,0,0,0,1,0,1
2248891,484280,15,48,47,34,95,45,51,13,8,0,0,75,94,1,1,0,0,0,1,0
1370439,512656,53,7,15,98,20,98,84,51,93,1,0,67,71,0,1,1,1,0,1,1
3846804,792600,42,91,70,22,3,9,15,69,56,1,0,34,16,1,1,0,0,0,1,1
847296,312268,41,62,17,88,72,8,4,3,26,1,0,25,60,0,1,0,1,0,0,0
1749302,696257,80,45,55,64,45,86,23,57,60,1,0,17,77,0,0,1,1,1,0,1
3322951,675392,21,20,20,81,85,93,42,78,76,0,0,63,93,1,0,1,1,0,0,1
1878687,319941,67,86,30,78,11,51,64,36,49,1,1,55,17,0,0,1,0,1,0,1
1000101,826726,18,31,0,24,29,50,9,47,91,1,0,79,60,0,0,0,0,0,0,0
4300612,442043,65,7,2,95,93,21,58,38,81,1,0,54,35,1,1,1,0,0,1,0
2159406,794948,38,94,94,52,95,72,34,91,33,0,0,11,84,1,0,0,0,0,1,1
1164918,155823,72,15,24,83,59,82,30,65,84,0,1,36,52,1,1,1,1,1,0,1
696758,559661,18,39,7,16,99,71,78,12,64,1,1,51,94,1,0,1,1,1,1,0
4842929,127026,15,26,64,56,70,67,10,65,44,1,0,18,32,0,0,1,0,0,0,0
228625,35270,53,17,61,74,80,4,8,59,86,0,0,14,22,0,1,1,1,0,1,0
3033552,932890,24,34,6,76,64,82,65,40,33,0,1,85,63,1,1,0,1,0,1,1
3631961,237931,17,51,6,88,13,81,43,31,99,0,0,83,37,1,1,0,1,1,0,1
1476647,725177,22,14,7,19,43,28,93,51,72,1,0,51,68,0,0,0,0,0,0,0
4242608,70184,84,62,18,24,25,82,15,4,7,0,0,76,78,0,1,1,1,1,0,0
4882315,512532,10,52,16,41,90,5,47,66,93,0,0,86,29,1,1,0,0,1,1,0
2727576,740053,38,90,10,44,15,68,52,65,47,1,1,94,15,1,0,0,0,0,0,1
516205,567167,67,80,48,30,6,57,64,77,35,1,0,25,53,1,1,0,0,0,0,1
3245315,316741,24,65,10,64,31,42,47,51,99,0,1,44,58,1,1,0,1,1,1,1
3344480,961636,62,30,40,51,88,68,69,48,81,1,0,95,92,1,0,0,1,1,1,1
4495680,8626,95,60,61,79,94,71,45,28,65,1,1,20,91,1,1,1,0,0,0,1
3770834,615224,29,63,51,91,15,90,74,37,10,1,0,80,5,1,1,0,1,1,0,1
3130639,500395,44,97,65,20,77,36,32,69,51,0,0,92,4,0,1,0,0,0,0,1
3064781,764161,89,33,67,29,88,57,51,97,35,1,1,52,88,0,1,1,0,0,1,1
4305519,610803,60,54,91,2,61,36,80,7,94,1,0,28,91,0,0,0,0,1,0,0
3817860,213137,99,58,96,97,29,81,54,58,30,1,1,47,0,0,1,1,0,0,1,1
4552360,584678,50,2,74,69,70,25,50,54,23,1,1,85,13,0,1,0,1,1,1,1
4140285,939149,97,16,66,42,11,41,97,1,20,1,0,18,82,0,0,0,0,1,1,0
4857089,752320,8,77,39,28,66,15,39,25,95,1,0,53,30,1,0,0,0,0,0,0
2827144,583432,75,77,4,2,90,21,24,62,29,1,1,77,50,1,0,1,1,0,0,0
3025896,149454,1,45,84,57,45,22,62,16,71,1,1,86,78,1,1,0,1,1,1,1
2238540,533313,4,37,21,32,82,46,21,58,96,1,1,1,18,1,0,1,1,1,1,0
2939956,441442,61,34,36,74,42,66,89,87,63,0,0,31,31,1,1,1,0,0,1,1
2819980,346524,68,0,10,44,54,2,90,94,38,1,0,61,56,0,0,0,0,1,1,0
921384,259043,51,28,43,68,44,11,37,15,0,1,0,96,30,0,1,0,0,1,1,0
719777,648198,85,3,85,31,59,22,8,57,96,1,1,6,57,0,1,0,1,0,1,1
3899181,467927,4,60,52,81,70,10,36,63,41,1,0,97,25,0,0,1,0,1,1,1
3087698,625343,58,96,76,83,79,51,4,49,76,1,1,67,47,0,0,0,1,0,1,1
4430625,393333,67,16,60,51,31,49,81,84,85,1,1,86,40,0,0,1,1,0,0,1
2632593,735070,8,27,66,63,7,56,21,25,4,0,1,83,24,0,0,1,0,1,0,0
4228812,925947,92,49,12,39,76,63,11,16,11,1,0,21,46,0,1,0,0,0,1,0
4231464,812827,21,89,91,91,61,45,59,45,28,1,0,28,53,1,0,1,1,0,0,1
3590742,802157,26,7,10,12,74,28,43,67,2,0,1,2,56,0,1,1,1,1,0,0
356498,562749,9,33,10,89,19,69,21,49,60,0,1,21,71,1,1,0,1,0,1,0
3087296,263072,79,58,84,79,17,45,5,42,50,0,1,83,60,1,0,0,0,1,1,1
4788887,570403,60,17,84,88,5,15,99,47,35,1,1,88,3,1,1,1,1,1,1,1
2936582,115084,50,94,6,73,83,97,26,67,74,1,0,97,30,0,0,0,1,0,0,1
1300500,350876,9,58,16,28,95,50,54,18,89,1,0,52,95,0,0,1,0,1,0,0
1776590,478006,5,26,47,62,28,10,14,24,1,1,1,92,97,0,0,1,1,1,0,0
2161977,346701,61,15,13,83,3,10,63,71,28,1,0,56,66,0,0,1,0,1,0,0
4232654,862692,4,9,62,25,70,62,16,17,40,1,0,9,40,0,1,1,1,0,1,0
864468,689050,69,75,63,95,42,52,2,50,28,0,0,39,25,0,0,1,1,0,0,1
3560160,792839,62,21,96,58,83,88,9,17,99,1,0,19,67,1,1,0,0,0,0,1
3485727,78568,55,15,74,48,33,57,62,57,63,1,1,86,65,0,1,0,0,1,0,1
1080112,63560,58,11,76,52,99,18,62,63,57,0,0,10,18,0,0,1,1,1,0,0
4752994,969844,62,74,64,87,70,31,88,70,82,1,1,7,86,0,0,0,0,1,0,1
3237099,153866,88,83,33,30,32,49,61,56,9,0,0,92,24,0,1,0,0,0,1,1
4474277,155953,58,50,8,11,14,71,84,16,10,0,1,35,46,0,1,0,1,0,1,0
4195609,746652,50,0,76,57,95,54,8,58,6,0,1,24,70,0,0,0,1,1,1,0
2242823,766058,49,26,36,35,85,75,23,66,76,0,0,38,7,1,1,1,1,1,1,1
1248173,231024,3,66,29,9,39,40,31,85,60,1,0,97,2,0,0,1,0,1,0,1
1702025,185775,47,11,40,5,92,98,2,14,65,1,0,95,86,0,1,0,0,0,0,0
2791661,966858,31,29,44,6,88,69,32,94,93,1,0,61,32,0,1,1,1,0,1,1
2112584,96288,50,8,46,30,4,20,42,99,85,1,1,86,27,1,1,1,0,0,0,1
3977538,476678,51,52,6,90,77,25,11,25,52,1,1,20,21,1,0,1,1,1,0,0
425049,386164,98,60,13,71,49,0,92,47,64,1,0,18,98,1,1,1,0,0,0,0
1517191,890733,73,53,47,2,98,80,84,13,26,0,1,24,97,1,0,1,1,1,1,0
3061509,779124,33,36,5,46,65,98,97,80,6,0,1,86,29,0,1,0,0,0,1,1
947419,19390,35,64,33,84,88,26,96,8,64,0,0,82,46,0,1,1,0,0,0,1
1279924,502619,69,41,79,0,53,49,31,6,57,0,0,4,35,0,1,1,1,0,0,0
2580932,223547,42,48,99,44,79,65,19,90,24,0,1,82,58,1,0,1,0,0,1,1
1854753,556595,15,3,45,53,45,99,66,91,47,1,0,98,13,0,0,0,0,1,1,1
604772,232436,58,63,58,49,79,64,67,54,3,1,0,11,72,0,0,0,1,1,0,0
1915499,230121,52,78,69,78,10,9,16,11,93,0,1,24,85,1,0,1,1,1,0,1
771107,256063,18,50,7,6,48,94,80,16,7,0,1,4,91,0,1,1,1,0,0,0
2275406,29502,97,90,23,62,98,36,18,72,84,1,0,75,13,1,1,0,0,1,1,1
2717334,551774,88,71,66,14,22,68,3,7,67,1,1,26,78,0,1,1,0,0,0,1
2286213,378957,94,59,3,88,54,40,92,90,59,1,1,3,55,1,1,0,0,1,1,1
3558509,698618,40,86,95,66,4,45,16,41,3,1,0,82,23,0,1,1,1,1,0,1
2979499,718076,80,78,0,29,63,76,63,75,7,1,1,44,97,1,0,1,1,0,0,1
2113722,233300,46,90,33,77,34,44,21,36,89,0,0,46,48,1,0,1,1,1,1,1
3010860,108920,93,30,8,67,92,87,65,19,92,0,0,87,42,1,0,1,0,0,1,1
748884,741854,53,71,62,35,68,26,41,0,15,0,1,27,2,1,1,0,1,1,0,0
2199254,349912,54,93,75,66,53,64,75,8,18,1,1,96,22,1,1,1,0,0,0,1
1187471,933252,94,57,9,4,2,83,44,23,0,0,0,34,19,0,0,0,0,0,1,0
4453486,592073,18,81,9,24,5,7,10,33,33,0,1,15,14,0,1,0,0,1,0,0
4356532,605338,61,3,49,94,86,66,52,35,92,0,1,11,42,0,0,0,1,1,0,1
1901667,552026,98,21,43,10,55,48,59,3,90,1,0,79,79,1,1,0,0,0,1,1
3817556,79231,92,2,47,71,1,95,28,28,44,1,1,74,70,1,0,0,0,0,1,1
3067340,78606,58,78,86,89,81,88,19,86,62,1,1,42,32,0,0,1,1,0,1,1
458517,491517,64,98,5,65,93,88,4,98,93,1,1,27,54,1,0,0,1,1,0,1
1557133,308806,67,46,87,27,37,13,24,15,5,0,0,86,82,0,1,0,1,1,0,0
905475,385457,27,37,23,59,55,61,33,7,35,0,1,80,81,0,0,1,1,1,0,0
4139311,232369,17,32,84,9,4,42,11,90,65,1,0,18,40,1,0,0,0,0,1,0
948013,806555,25,77,94,49,45,26,27,38,77,1,1,74,17,0,0,0,0,0,0,1
2988890,498896,18,47,57,38,10,95,97,57,7,1,1,67,2,1,1,1,1,0,1,1
1452078,161688,54,64,63,36,64,26,5,11,66,0,0,73,2,1,0,0,0,1,1,1
4538843,500898,56,25,93,62,9,67,18,43,98,1,1,54,99,1,1,0,1,1,0,1
624226,278326,5,7,55,60,40,74,11,3,26,0,1,82,15,0,0,1,0,0,0,0
3867591,881801,0,49,97,84,43,47,24,24,33,1,1,35,42,0,1,0,1,0,0,0
3467727,460229,7,79,81,91,89,66,12,69,27,1,0,61,22,1,1,0,1,0,1,1
4317923,167403,96,37,11,37,32,24,80,66,30,1,0,38,86,0,0,1,0,1,1,0
3803101,706458,50,9,34,32,90,63,75,38,16,0,0,40,14,1,0,1,0,1,1,0
898956,31128,84,41,70,74,55,23,2,23,82,1,1,59,72,0,1,0,0,1,1,1
4101529,36556,87,36,88,44,11,8,23,84,54,0,0,85,57,1,1,1,0,1,0,1
3603096,263470,24,25,5,43,1,7,7,5,74,0,1,65,39,1,1,0,1,1,0,0
4480669,682236,46,91,64,0,0,94,99,96,8,1,1,58,37,0,0,0,0,0,0,1
954950,145021,54,11,79,52,64,58,89,71,93,0,0,96,81,0,0,1,0,0,1,1
375211,581250,63,83,59,46,32,16,44,32,56,1,0,39,5,1,1,0,1,0,1,1
4292966,619342,82,48,67,32,85,42,71,47,44,1,1,90,45,0,0,1,0,1,0,1
4457950,522200,92,13,28,66,75,94,95,66,5,1,0,18,5,1,0,1,1,1,1,1
465798,207278,9,45,37,89,35,67,95,1,13,1,0,54,84,0,0,1,0,1,0,0
1730814,553387,55,34,91,14,20,3,0,37,30,0,1,45,93,0,1,1,0,1,0,0
2083376,240943,11,28,21,13,83,7,2,39,53,0,1,3,91,1,0,1,1,0,0,0
4091113,935220,32,11,7,22,35,41,64,55,10,1,1,82,19,0,0,0,1,1,1,0
3221097,188683,70,81,62,53,25,48,14,87,68,1,0,61,18,0,1,0,1,0,1,1
355683,699245,16,43,95,7,46,5,49,20,94,0,1,24,13,0,1,0,1,1,0,0
3203475,320288,60,65,96,53,94,72,19,81,1,0,0,62,64,0,1,1,0,0,0,1
4930741,201292,9,1,12,35,0,41,2,34,16,0,1,69,90,0,0,1,0,1,0,0
2187755,537125,30,58,26,83,37,71,60,74,35,0,0,12,95,0,0,1,0,0,1,1
2106039,185427,59,16,17,51,13,31,14,74,2,1,0,85,28,1,0,1,0,1,1,0
4961260,183371,69,9,17,5,89,14,58,66,62,0,1,3,30,0,1,1,1,0,0,0
1655465,941663,16,17,76,96,45,81,53,59,42,0,0,1,24,0,1,0,1,0,0,1
4392814,916644,49,21,85,27,41,86,59,22,92,1,0,66,70,1,0,1,1,0,0,1
1194170,908112,36,82,61,49,6,68,36,64,32,1,0,29,45,0,0,1,1,1,0,1
2909644,777291,81,57,13,37,54,26,20,62,77,0,1,3,51,1,0,1,0,0,0,0
411830,373946,61,52,10,29,55,96,22,22,28,1,0,47,15,0,1,0,0,0,1,0
3762613,631701,89,0,85,80,75,65,98,85,22,0,1,42,10,0,1,0,1,0,0,1
3529049,56012,79,87,99,72,62,58,17,41,58,1,1,92,17,0,0,0,0,1,1,1
4955976,135193,71,60,16,91,23,27,16,93,80,0,0,44,55,1,1,1,1,1,0,1
721998,981809,87,99,50,53,82,23,30,63,48,1,0,96,55,0,1,1,0,1,1,1
4260119,223168,76,88,95,70,72,50,63,65,54,0,1,12,56,1,0,1,1,1,1,1
3946169,153178,28,99,13,45,98,20,47,80,74,1,1,46,68,0,0,0,0,1,0,1
275388,63123,31,30,56,27,3,30,25,40,27,0,0,95,65,0,0,1,0,1,1,0
1975767,116825,87,30,92,16,41,74,21,19,70,1,1,27,73,1,0,1,0,0,1,1
2529753,538008,79,65,5,47,95,49,44,8,71,1,1,36,89,0,0,0,1,1,0,0
1697618,173733,10,18,56,43,69,91,35,56,92,1,1,27,87,1,0,0,1,1,1,1
4221080,775391,95,52,3,59,27,39,63,74,24,1,0,26,89,0,0,0,1,1,1,0
4628690,229970,5,75,10,59,91,67,34,16,6,1,0,88,15,1,0,0,0,1,0,0
3689443,229866,34,73,73,4,39,15,74,77,85,0,1,29,88,1,1,0,0,1,1,1
2758944,943624,32,94,91,68,50,75,90,81,72,1,0,5,5,1,0,0,0,0,1,1
701174,155862,17,21,10,77,28,85,97,17,74,1,0,93,51,0,1,0,0,1,1,1
3081777,587943,36,22,98,69,41,98,81,62,33,0,1,8,54,1,0,0,0,0,0,1
2948996,720003,12,86,78,6,68,62,26,71,90,0,1,5,75,1,1,1,0,1,0,1
395246,622736,73,14,7,52,4,55,67,92,21,1,0,28,72,0,0,0,0,0,0,0
3896176,183446,89,25,83,16,40,79,16,71,66,1,0,86,48,1,1,1,1,1,1,1
2543394,703267,80,2,58,58,60,23,69,25,49,1,0,69,71,0,0,0,1,1,0,0
711083,186143,63,86,20,8,54,98,10,91,47,0,0,85,55,1,0,1,1,1,0,1
1212384,649795,0,19,64,94,27,27,4,71,71,1,0,65,94,1,1,1,1,1,1,1
1066964,301956,62,39,92,21,40,92,57,83,69,0,0,94,40,1,1,1,0,0,0,1
249104,841002,88,38,23,44,8,84,81,71,56,0,0,52,95,1,1,1,0,0,0,1
3256277,318045,33,71,29,72,28,88,56,77,24,0,1,69,70,1,0,0,1,0,1,1
1063663,65186,9,17,98,58,77,30,88,12,65,1,0,4,95,1,1,0,0,1,0,0
4958982,127066,83,40,96,79,37,14,73,16,15,1,0,19,55,0,1,1,0,1,0,0
4600072,395508,6,69,83,99,61,41,79,25,57,1,0,11,88,0,0,1,0,1,1,1
1406861,710611,55,26,56,97,53,98,73,5,40,1,0,7,96,0,0,0,1,0,0,1
3319612,725531,79,99,79,12,51,49,73,80,50,0,1,57,62,0,0,0,1,1,0,1
3091005,41160,36,14,72,82,33,85,99,3,20,1,1,48,27,0,0,0,0,0,1,0
4936319,24156,28,36,94,11,36,4,84,88,78,0,1,63,74,0,1,1,1,1,1,1
457681,81208,11,57,16,35,48,47,13,6,55,1,0,49,30,1,0,1,0,1,0,0
294018,478196,16,4,58,9,41,12,71,16,97,0,0,96,54,1,0,0,0,1,1,0
2198197,470536,47,72,30,15,13,31,0,85,46,1,1,38,51,1,1,0,1,0,1,0
2254780,678289,83,6,63,91,81,66,15,91,42,1,1,39,73,0,0,1,1,1,0,1
3639782,464822,25,40,47,18,32,78,25,49,83,0,0,30,65,0,1,0,0,0,1,0
4623408,236226,82,83,22,5,97,90,48,5,30,1,0,2,45,1,1,0,0,0,1,0
1042186,460775,11,9,69,3,91,90,41,29,14,1,0,82,3,1,1,0,0,1,0,0
4587814,452421,20,61,29,29,99,29,69,73,47,0,1,71,21,0,1,1,0,1,1,0
1693293,771054,41,25,54,94,86,5,65,55,61,0,0,29,44,0,0,1,1,0,0,0
2751314,466691,60,67,6,45,16,24,52,38,91,0,1,94,27,1,0,0,1,0,0,1
1324905,724701,57,23,74,26,74,27,8,13,69,0,1,28,9,0,1,1,1,1,1,0
3305958,886809,53,77,97,44,31,61,68,53,2,1,1,69,65,0,1,0,1,1,0,1
3458084,310007,33,40,11,84,78,21,39,21,37,1,0,55,48,0,0,1,0,0,1,0
404451,742197,6,64,59,36,67,67,55,56,86,0,0,65,94,1,1,0,0,0,0,1
2180290,70439,34,16,51,8,38,14,4,40,57,1,1,86,86,0,0,1,1,0,0,0
3624328,667554,14,23,26,60,93,25,55,89,66,1,1,62,79,1,0,1,0,1,1,0
4949959,731747,64,26,11,34,9,62,71,9,44,0,1,29,72,1,1,1,1,1,1,0
603322,650649,89,6,12,46,86,17,4,1,43,0,0,52,50,0,0,0,0,1,1,0
4771843,217986,98,72,71,20,23,72,68,66,7,1,0,45,42,1,1,0,1,1,1,1
4510796,202286,24,98,79,16,99,62,51,47,65,1,0,8,5,1,1,1,1,0,0,1
4277716,887608,58,11,61,54,57,61,80,41,70,0,1,6,24,1,0,0,0,0,0,0
4559879,497508,78,84,28,87,68,67,72,10,60,0,0,62,3,1,1,0,1,1,1,1
2290545,34777,85,2,34,94,63,47,97,73,16,0,0,46,75,1,0,1,1,0,0,1
2108802,261427,5,78,59,5,18,49,32,11,70,1,0,43,23,1,0,0,1,0,1,0
1748075,686543,51,84,28,34,7,62,21,13,96,0,0,48,55,0,0,1,0,0,1,1
693948,425661,78,9,30,49,70,68,84,29,35,0,1,78,90,0,1,0,0,0,0,0
4368962,203110,87,32,76,36,39,5,14,59,67,1,0,78,54,0,0,1,1,1,0,1
3944085,354345,20,45,75,12,12,57,64,76,79,0,0,84,53,1,1,1,1,1,1,1
980641,938702,70,58,60,24,26,50,70,29,20,0,1,61,2,0,0,1,1,1,0,0
4666134,419627,92,51,1,95,81,11,22,37,81,0,1,58,75,0,0,0,0,0,1,1
1754205,710937,95,5,32,0,87,94,5,74,45,1,0,77,46,1,1,1,1,0,1,1
1904597,283011,31,1,71,48,1,46,83,64,45,1,0,74,29,1,1,1,0,0,1,1
3965689,591789,52,28,61,34,15,8,57,90,91,0,1,74,75,0,0,1,1,1,1,1
2751331,150338,58,39,58,82,13,6,25,46,15,1,1,83,40,0,1,1,0,0,0,1
3327748,830854,68,96,39,52,16,28,11,38,21,0,0,12,54,0,1,0,1,0,0,0
1035036,695568,61,60,48,51,59,77,76,48,5,1,0,29,58,1,1,0,1,0,0,1
2569822,506754,3,67,31,53,69,50,76,72,93,1,0,83,39,0,1,1,1,0,1,1
4201070,650832,85,67,37,75,98,83,1,57,55,0,1,42,44,0,1,0,1,0,1,1
2588278,429429,17,28,91,46,16,54,31,89,44,0,1,50,21,1,1,0,0,0,1,1
3083791,667727,98,61,78,42,44,95,49,88,57,1,0,7,14,1,0,0,1,1,1,1
4380413,784518,80,59,86,19,37,58,94,16,27,1,0,36,91,1,1,0,1,1,0,1
3696605,564650,55,83,87,32,63,55,60,5,16,1,1,96,16,0,1,1,0,0,1,1
1505487,255449,23,40,12,92,5,21,10,14,35,1,1,89,58,1,1,1,0,0,1,0
508623,318732,65,86,84,15,59,99,67,66,11,0,1,63,24,1,0,0,1,0,1,1
3847371,174357,12,81,53,77,48,17,33,94,49,1,1,38,42,1,1,1,0,0,0,1
3496903,655971,61,88,75,6,20,57,79,27,58,0,0,7,63,1,0,1,1,0,1,1
2468115,785445,53,64,12,69,98,39,94,72,11,0,0,61,50,1,1,0,0,1,0,1
1390402,210827,14,63,38,20,22,88,88,43,99,1,1,81,60,0,0,0,1,0,1,1
1347116,207918,68,78,22,35,75,30,7,17,61,1,1,38,44,0,0,1,0,0,0,0
3156566,303451,2,62,91,85,56,55,7,31,39,1,1,13,2,0,0,0,0,0,1,1
3972763,347424,36,97,13,53,63,34,97,82,92,0,1,51,35,0,0,1,1,1,0,1
510375,418083,36,47,16,18,28,25,14,68,1,0,0,81,94,0,0,1,0,0,0,0
2326453,847955,2,19,23,24,26,67,4,43,92,1,1,56,78,1,1,0,0,0,0,0
1471300,928882,62,36,57,66,5,83,18,69,93,1,0,20,63,0,1,0,1,0,1,1
3859731,745045,34,63,62,99,20,33,73,62,99,1,0,22,27,1,1,0,0,0,0,1
4588087,112669,51,90,33,52,70,75,8,75,24,0,0,3,94,0,0,0,1,0,0,1
4042411,737318,86,85,50,97,40,15,56,57,84,0,0,73,44,0,0,1,1,0,0,1
1215416,163998,27,4,85,74,79,41,53,46,85,1,0,42,83,0,1,0,0,0,0,1
2514181,632503,93,33,9,47,4,4,28,16,73,0,1,10,20,1,1,1,0,1,0,0
3604231,627995,17,38,71,41,14,60,18,38,30,0,0,83,26,0,1,0,1,1,0,1
3465696,411396,35,66,20,46,20,43,76,58,46,0,1,18,82,1,1,0,1,1,0,0
4772148,622125,32,80,36,90,57,34,45,6,59,0,1,64,99,0,1,0,0,1,0,1
4405003,909502,63,61,6,41,3,90,79,62,72,1,0,94,75,1,1,0,1,1,1,1
3541861,959435,25,87,89,1,68,0,61,56,97,1,1,1,34,0,0,0,0,0,0,0
4928307,946518,47,23,12,5,6,97,93,74,40,1,1,48,47,1,1,0,0,0,0,0
2815804,250847,39,2,79,45,34,42,59,33,49,0,1,68,96,1,0,1,0,0,0,0
4512717,232544,16,70,29,65,35,31,4,52,22,1,0,33,99,0,1,1,0,0,0,0
2182243,871304,39,88,30,80,14,62,32,65,11,1,0,3,22,0,0,0,1,1,0,1
1892128,981006,6,66,4,39,91,32,82,77,70,0,0,90,63,0,1,0,0,1,1,1
3613654,879168,56,78,31,57,1,94,54,81,95,0,1,38,12,0,0,0,1,1,1,1
3470209,272614,7,92,15,77,56,76,18,47,82,0,1,48,29,0,0,0,1,0,0,1
415400,232467,55,49,72,73,4,65,16,59,21,1,1,2,73,1,0,1,0,1,1,1
2857025,151025,30,28,21,32,70,29,87,42,55,1,1,25,19,0,0,1,0,0,1,0
3524664,764940,58,73,63,61,85,9,91,72,15,0,0,40,5,0,0,1,0,1,1,1
4786440,961011,57,31,43,11,94,22,41,3,57,1,0,64,94,0,0,1,0,1,1,0
3794058,517177,11,86,39,95,31,96,21,77,71,1,0,15,18,0,1,1,1,0,0,1
4784258,884401,47,38,36,48,71,38,38,74,93,0,1,57,66,1,0,0,0,0,1,1
2335219,620781,30,8,77,87,40,44,79,93,50,0,1,34,73,1,1,0,1,0,1,1
1946621,797955,82,13,15,77,41,28,98,90,5,1,1,82,9,1,0,1,1,0,0,1
4412377,222995,62,67,42,4,74,29,26,92,1,1,1,15,55,1,1,1,0,0,0,0
4430339,717550,73,63,83,50,64,33,75,51,61,0,0,32,20,1,1,0,0,1,0,1
1444625,970265,38,19,62,68,39,51,45,31,97,0,1,30,55,1,1,0,1,0,0,1
433782,298313,75,27,14,31,82,80,27,93,92,0,0,21,56,1,1,0,1,1,1,1
3935466,574929,19,13,43,48,37,21,51,89,41,0,0,60,1,1,0,1,1,0,1,0
1783246,159062,47,43,89,96,41,4,64,93,42,1,1,83,38,0,0,0,1,0,1,1
926331,558949,70,97,8,59,36,10,38,50,51,1,0,63,60,0,0,1,1,1,1,1
1994291,673779,53,76,64,45,55,85,17,9,57,1,0,69,44,0,0,1,0,0,1,1
4098606,805889,77,94,98,67,70,31,86,11,19,1,1,34,93,1,0,1,1,0,1,1
3182448,859032,74,96,43,93,54,23,21,96,55,1,0,38,27,1,1,1,1,1,0,1
3078117,632907,70,38,19,40,88,10,67,97,66,0,1,2,17,0,1,1,1,0,1,0
4681617,343246,28,27,69,80,53,10,10,81,58,0,1,95,13,0,0,1,0,0,0,1
4481772,562373,73,63,73,66,21,16,81,38,47,0,0,12,54,0,1,1,1,0,1,1
2243037,102064,92,88,32,12,26,31,63,79,34,0,1,13,58,1,1,1,0,0,0,1
4586007,711014,72,31,79,99,46,82,70,67,7,1,0,40,18,1,0,1,1,0,0,1
3933149,404346,99,8,99,17,37,26,84,9,75,1,0,7,99,1,0,1,0,1,0,0
3287821,635011,47,27,5,86,38,31,56,91,31,0,0,18,40,1,0,0,0,0,1,0
3004802,138114,73,94,82,98,14,60,34,81,92,1,0,13,11,1,0,0,0,0,1,1
4357263,861566,82,16,30,96,65,24,36,72,44,0,0,74,19,0,0,0,1,1,1,1
4688198,834414,55,86,65,50,60,63,49,85,84,1,0,49,33,1,0,0,1,1,1,1
1813325,496638,94,76,17,35,59,63,29,9,66,1,1,98,35,1,1,0,0,1,1,1
3812744,856617,16,54,27,80,7,27,16,22,26,1,0,60,20,1,0,0,0,0,0,0
1326798,562765,8,9,67,33,43,39,32,76,2,1,0,35,55,1,0,0,1,1,1,0
2933460,643449,96,79,64,11,42,90,15,87,56,1,1,66,82,0,1,1,0,1,0,1
4315362,844141,33,5,79,4,5,13,14,12,64,1,1,88,40,1,0,1,0,0,0,0
1903377,689076,44,47,44,47,83,41,12,47,19,1,0,76,40,0,0,1,0,0,1,0
1452557,345281,87,74,57,90,26,38,2,88,70,0,1,79,42,0,1,1,0,0,1,1
4498515,827450,8,66,46,39,44,1,23,43,40,0,0,91,98,0,0,1,0,0,0,0
3532049,144133,6,91,65,12,22,80,22,92,0,1,1,44,71,1,0,0,0,1,1,1
1690687,668969,15,40,51,25,80,0,58,79,73,0,1,90,85,0,0,0,0,0,0,0
4881993,302515,18,78,35,13,12,31,54,63,75,0,1,73,37,0,1,0,1,0,0,1
1123160,770710,5,59,0,95,67,82,64,39,3,0,0,81,17,1,0,0,0,1,1,0
4257025,350165,10,76,38,10,83,63,31,5,70,0,1,71,7,0,1,0,0,1,0,0
3802684,419021,75,41,86,37,63,77,96,71,9,0,1,6,65,1,0,0,0,0,1,1
3147893,275001,60,80,89,79,24,30,59,97,85,1,0,21,19,0,1,0,1,1,1,1
3988963,671980,41,70,74,56,85,57,29,81,88,1,0,8,68,0,1,1,1,1,0,1
4074910,537465,12,27,0,21,51,81,65,42,28,1,1,59,56,1,0,0,0,0,1,0
3351629,428327,11,12,74,15,47,77,17,31,14,0,1,41,93,1,0,1,0,0,0,0
2459776,256842,84,80,87,76,60,13,58,48,18,0,1,58,17,1,1,0,1,1,1,1
3568045,355722,73,14,73,75,16,87,52,73,57,1,0,39,59,1,1,1,0,1,0,1
4540092,619229,19,35,13,81,39,68,63,97,52,0,0,28,86,0,1,0,1,1,1,1
2832578,787409,49,91,77,28,74,15,29,86,45,1,1,54,1,0,0,0,0,1,1,1
1168616,541114,35,14,70,81,88,68,17,18,17,1,0,63,41,0,0,0,0,0,0,0
4417733,674250,91,74,22,1,68,53,4,83,2,0,1,41,63,1,1,0,1,1,1,0
1450956,349572,87,55,42,53,84,12,68,51,69,0,1,28,43,1,1,1,1,1,1,1
1690036,515283,68,94,21,1,25,79,7,51,21,0,0,91,50,1,0,1,1,0,0,1
3069729,655332,36,3,59,2,79,78,8,33,54,1,0,20,95,0,1,1,0,0,1,0
2009377,718391,11,98,99,92,55,30,31,58,63,1,0,96,64,0,0,1,0,0,1,1
1265923,517656,98,97,26,55,39,68,13,80,40,1,0,62,64,1,1,1,0,0,0,1
1920856,510350,39,51,55,71,84,20,12,4,94,1,1,62,53,0,0,1,0,1,1,1
756110,342164,53,90,1,10,95,29,17,65,84,0,1,89,94,1,1,0,0,1,1,1
1164163,534783,1,9,38,75,67,22,67,40,7,1,0,37,38,1,0,0,0,0,1,0
3212539,33481,49,93,50,31,7,37,21,33,64,0,1,78,7,1,0,1,0,0,1,1
4402271,671627,40,44,18,3,72,28,19,53,2,1,0,65,66,0,1,1,1,1,1,0
4242879,909329,44,83,61,8,44,76,14,19,28,1,0,11,75,0,1,1,0,1,1,0
3881887,766062,8,28,70,87,16,31,6,53,69,1,1,32,97,0,1,1,1,0,1,1
2522523,142815,61,52,75,55,40,61,76,65,96,1,0,78,48,1,0,0,0,1,0,1
4075358,977304,85,28,66,15,76,90,97,91,17,1,1,0,88,0,1,1,1,1,1,1
1413261,632763,46,22,62,80,8,97,29,17,57,1,0,96,35,0,0,0,1,1,0,1
4946771,709133,4,56,4,85,69,44,4,43,0,0,1,67,6,1,0,0,0,1,0,0
451537,324186,75,49,71,70,90,48,0,47,21,1,0,27,14,0,0,0,0,0,1,1
1956124,54476,0,20,77,9,23,32,59,34,94,0,1,61,84,0,0,0,0,0,0,0
1041531,752465,43,42,60,92,72,3,30,78,22,0,0,77,24,1,0,1,0,0,0,1
1064645,295696,21,9,99,35,10,17,19,38,7,1,0,58,56,0,0,0,0,1,0,0
1628127,725602,37,75,70,23,34,69,82,2,28,1,0,48,37,0,0,1,1,0,1,0
671082,443988,18,29,6,63,28,63,63,18,43,1,1,44,36,1,0,1,0,1,0,0
2121277,966234,79,50,49,55,7,27,63,86,61,0,0,75,15,0,1,1,0,1,0,1
4454849,689308,30,32,45,77,16,57,28,82,18,0,0,5,0,0,1,0,1,0,1,0
3647794,212383,66,17,95,77,70,90,9,17,58,0,0,19,46,1,1,1,0,1,0,1
1815777,74093,86,77,71,88,11,89,28,93,79,0,0,84,51,0,1,1,1,1,0,1
3704905,598411,41,21,75,21,78,55,30,82,18,1,0,15,36,0,1,1,1,0,0,0
3712664,21535,81,63,73,51,92,19,74,4,21,0,1,11,44,0,0,0,0,0,0,0
1173181,333634,25,20,13,49,49,76,86,54,82,0,1,51,13,0,1,1,1,0,0,0
3316810,575850,12,0,72,46,23,91,29,12,67,0,1,19,56,0,1,0,0,0,1,0
1691633,386186,57,14,93,22,36,33,24,33,4,0,0,57,33,0,0,1,1,0,1,0
1733854,261323,17,35,68,95,77,86,79,87,4,1,1,44,65,1,0,0,1,1,1,1
2261774,880512,66,46,64,89,10,9,57,17,24,1,0,96,30,1,1,0,1,0,1,1
2990358,263916,86,53,64,90,98,93,56,67,23,1,1,1,82,0,1,1,0,1,0,1
4060562,718895,2,85,56,75,80,21,86,99,0,1,1,33,82,0,1,0,0,0,1,0
3390664,235063,54,31,61,82,58,4,62,71,27,1,1,25,43,0,1,1,0,1,1,0
1965524,46269,88,57,19,18,54,43,96,42,46,0,0,32,22,1,0,1,1,1,1,0
1450632,85674,90,45,74,51,26,8,36,64,84,0,0,41,93,0,1,1,1,0,1,1
2522621,833894,57,53,25,33,66,42,57,40,59,0,0,93,80,1,1,1,1,1,0,1
337478,925631,62,32,43,95,59,3,27,37,18,0,1,64,65,0,0,1,0,0,1,0
3443087,290291,90,38,66,28,1,41,26,99,86,0,0,7,10,1,1,1,1,1,1,1
1109711,443744,51,22,69,60,67,64,69,37,13,1,0,64,48,0,0,1,0,1,1,1
3911584,606383,88,42,61,84,17,97,36,12,69,0,1,9,77,1,0,0,1,1,0,1
1819715,773460,23,54,44,34,19,40,5,21,95,1,1,31,57,0,0,1,1,0,1,0
2790310,729291,71,1,10,4,84,63,88,28,95,1,0,50,28,1,0,1,1,0,0,0
1827687,95925,8,65,71,75,62,54,76,8,7,1,1,56,82,0,0,0,1,1,1,0
1160612,595669,36,37,92,6,77,89,61,90,36,0,0,39,91,0,1,0,1,0,1,1
627387,628756,93,28,73,40,71,17,96,67,85,0,1,65,50,0,1,0,0,1,0,1
3846259,247330,82,66,33,1,1,15,32,16,71,0,0,30,0,0,0,0,1,0,0,0
1744613,855181,52,70,87,88,89,86,88,36,9,1,0,62,4,1,1,0,1,1,1,1
1497638,961176,79,35,45,9,82,45,77,63,66,1,1,67,33,0,0,1,1,0,1,1
4829988,18731,23,28,80,43,41,35,39,66,12,0,1,55,77,1,0,1,1,0,1,0
2354174,391791,20,36,31,69,27,89,40,3,38,1,0,11,18,1,1,1,1,0,0,0
2630525,977016,99,99,74,90,28,65,41,39,63,1,1,30,87,1,1,1,0,1,0,1
3295010,496874,39,86,97,34,68,43,8,15,29,1,0,22,39,0,1,0,0,1,0,0
2656070,580312,61,44,87,61,27,4,17,10,3,0,1,32,80,0,1,0,0,1,0,0
689626,646000,69,15,4,73,59,28,14,90,44,1,0,7,65,1,1,1,1,0,0,0
488859,106121,68,30,62,72,89,3,3,25,5,0,1,61,94,0,0,1,0,1,0,0
4949766,270976,13,33,28,19,4,98,33,94,15,0,0,79,80,1,1,1,1,0,1,1
1746236,561620,41,49,47,34,14,85,61,97,21,1,1,14,63,1,1,1,1,0,1,1
4201412,17467,49,64,97,36,72,48,37,71,90,1,0,40,71,1,1,0,1,0,1,1
2490870,46025,60,81,15,71,31,71,80,64,20,1,0,51,16,1,1,0,0,0,0,1
794305,149179,3,61,24,53,51,84,70,1,92,0,1,25,37,1,1,1,1,1,1,0
4457341,82994,71,42,71,94,89,7,95,90,64,0,1,77,89,0,1,0,0,0,1,1
3959834,99202,87,55,28,79,36,51,22,44,29,1,0,11,42,1,0,1,0,0,0,1
2827988,572769,74,14,51,27,14,68,19,42,23,1,0,26,39,0,0,0,1,1,1,0
404366,400797,16,47,45,69,40,20,55,2,63,0,1,94,44,1,0,0,1,1,0,0
702420,604406,84,48,24,31,3,26,52,33,12,1,1,67,39,0,0,0,1,1,0,0
2451401,391154,56,80,22,91,52,37,1,79,93,0,0,29,70,1,0,0,1,1,1,1
1879161,449854,89,43,33,10,99,4,20,64,25,1,0,3,87,0,1,1,0,0,1,0
1238199,653002,47,9,66,41,83,84,75,63,97,1,0,53,93,0,0,1,0,0,1,1
860902,930922,43,19,93,22,26,60,41,6,19,1,1,94,89,0,1,1,1,1,1,0
1738112,753987,44,69,33,29,20,7,56,34,60,0,1,33,29,1,0,1,0,0,0,0
1926676,165185,90,7,31,8,59,85,48,21,5,1,0,67,34,1,0,0,1,1,0,0
1570073,89363,79,44,28,91,85,17,90,47,42,1,1,83,65,1,1,1,0,1,0,1
4353585,915039,89,33,8,87,63,3,9,31,48,0,0,55,43,0,1,1,0,1,1,0
1885996,330188,32,95,65,58,70,3,71,25,8,0,0,17,3,0,0,1,0,1,1,0
3446417,216027,30,50,56,27,46,36,60,5,36,0,1,46,63,0,0,1,0,1,0,0
902436,983534,46,3,38,87,53,14,20,45,15,0,1,71,4,1,0,0,0,1,0,0
2743788,278958,5,38,6,78,30,37,59,54,3,0,1,59,47,1,1,1,1,1,1,0
1552144,366484,71,83,68,32,16,26,85,74,31,0,0,58,65,1,0,0,0,0,1,1
1751330,277168,70,23,7,46,49,84,12,94,83,0,1,1,94,1,1,0,1,1,1,1
1171248,723648,33,87,95,97,6,47,47,54,92,0,1,72,26,1,1,0,0,0,1,1
4857851,900668,52,54,17,21,82,45,39,84,94,1,1,15,23,1,1,0,0,1,0,1
2807411,587124,13,25,81,28,27,45,62,56,16,1,0,85,55,1,1,0,1,1,0,0
1893439,274579,15,24,48,33,9,47,75,85,40,1,0,57,44,1,1,1,1,0,0,0
2031094,989588,42,35,15,41,26,58,80,62,88,1,0,11,67,1,1,0,0,0,1,0
3637172,260095,72,70,20,51,12,3,8,0,44,0,1,4,27,0,0,0,1,1,0,0
1259325,862033,73,73,9,46,65,74,56,20,15,0,0,38,4,0,1,0,1,0,0,0
2163571,486632,80,57,3,73,85,18,50,19,19,0,0,14,90,1,0,1,0,0,1,0
4619323,266176,11,11,43,50,83,56,39,72,41,0,0,71,46,1,1,0,1,0,1,0
797218,388015,69,0,7,44,59,18,75,90,9,0,1,87,4,0,0,1,0,1,1,0
4015144,254717,18,49,54,93,42,90,72,28,51,1,0,18,4,1,1,0,0,0,1,1
3636252,663767,40,24,18,74,68,41,63,42,59,1,0,81,47,0,1,1,1,0,1,1
1017052,890375,52,79,63,33,62,91,93,96,47,0,0,84,72,0,0,0,1,1,0,1
2185957,37940,28,4,39,20,69,4,69,44,22,1,1,48,46,0,1,1,0,1,1,0
1628080,534954,69,82,50,12,98,47,63,64,32,0,0,38,61,0,0,1,1,1,0,1
1301928,304266,58,67,8,53,64,24,24,2,76,0,0,77,26,1,1,1,0,1,0,0
2721279,910079,88,5,29,24,98,66,27,95,24,1,0,14,3,1,0,1,0,1,1,0
2300343,161164,63,25,55,20,66,25,9,19,49,1,1,54,48,1,0,0,1,1,1,0
4296392,921185,23,54,80,0,53,73,27,80,99,0,1,66,87,1,1,1,0,1,1,1
2926016,914834,88,38,43,57,35,87,92,36,87,1,0,55,90,1,1,1,0,0,0,1
1444289,211717,15,8,58,68,70,61,35,37,69,0,0,44,64,1,0,0,0,0,0,0
642939,368334,51,44,14,85,92,92,10,73,78,0,0,74,95,1,1,0,0,0,1,1
1252207,367612,79,13,67,70,14,6,20,44,54,1,1,56,79,0,0,1,0,0,0,1
3482972,920639,5,54,69,12,74,43,25,92,97,0,1,66,86,0,0,0,0,1,1,1
504224,31505,36,8,60,51,17,86,17,41,67,0,1,93,91,0,0,1,1,0,1,1
4614473,566001,84,14,79,22,3,26,67,45,77,1,1,5,60,1,0,1,1,1,0,0
2911793,452603,3,36,89,20,87,41,40,59,3,0,0,69,19,0,1,1,1,1,1,0
4947263,834601,97,49,22,5,10,72,14,95,27,0,0,30,80,1,1,0,0,0,0,1
2519124,209354,91,83,76,19,5,55,22,12,28,1,1,21,99,1,1,0,0,0,1,1
4123227,606799,37,71,46,75,50,2,40,30,81,1,1,84,7,1,1,1,1,1,1,1
2273290,974246,40,95,16,39,57,12,5,67,83,1,1,37,81,0,0,1,0,0,0,1
2718970,831954,91,20,56,8,59,69,70,61,47,0,0,57,12,0,0,1,0,1,1,1
4089877,217204,80,56,53,49,17,58,59,48,95,0,1,69,72,1,0,0,1,1,1,1
1927408,255694,13,18,90,27,78,37,78,17,71,1,1,28,36,0,1,0,0,1,1,0
3001742,254836,70,92,51,10,66,84,51,74,12,1,1,55,93,0,0,0,1,1,0,1
3288272,763849,85,57,21,95,16,82,8,52,42,0,1,10,42,0,0,0,0,1,1,1
1255675,890829,50,94,82,74,96,88,29,17,8,1,1,47,91,0,0,1,1,1,0,1
3764375,533168,64,5,38,87,33,67,43,50,39,0,0,85,55,1,1,1,1,0,1,1
1165188,441670,92,3,98,55,29,85,61,40,45,0,1,59,49,1,1,1,0,0,1,1
4948703,978215,51,42,12,78,18,68,42,96,57,1,1,50,81,0,1,1,0,1,0,1
2361088,572827,94,92,77,34,8,0,27,66,96,0,0,38,19,1,1,0,1,0,0,1
2520484,245056,29,41,94,80,39,49,93,64,55,1,1,5,47,1,0,1,0,1,0,1
4305223,990825,56,2,65,24,43,80,7,82,11,0,1,29,99,1,1,0,1,1,1,0
3022988,224057,78,0,51,98,94,72,98,5,24,0,1,88,18,1,0,0,1,1,1,1
4119047,544087,81,54,13,18,58,8,50,73,88,0,0,99,68,1,1,0,0,0,1,1
3668792,512800,98,14,72,30,90,52,98,36,15,1,1,0,97,1,0,1,1,0,1,0
687510,109843,29,46,73,80,24,87,89,11,50,0,0,85,16,0,0,1,1,0,0,1
3775168,982606,97,84,62,49,70,9,29,80,79,0,0,8,27,1,1,1,0,0,0,1
4255447,448942,41,45,70,86,52,83,98,90,98,1,1,44,35,1,1,1,0,1,1,1
1873879,53784,10,57,27,62,47,80,10,1,86,1,0,7,37,0,0,1,1,1,0,0
1980752,118034,26,94,88,46,70,76,19,52,71,0,1,33,93,0,0,0,1,1,0,1
3493331,965837,23,70,45,0,83,28,30,24,52,1,0,79,81,0,0,1,0,0,1,0
3964455,439044,98,80,27,57,52,35,33,27,51,0,0,82,69,1,1,1,1,0,0,1
4535518,729886,38,82,1,9,48,86,11,44,66,0,0,7,25,0,1,1,0,0,0,0
603082,59362,71,38,16,7,42,26,47,36,23,0,1,11,78,1,1,1,1,0,0,0
401139,58997,17,2,58,25,99,17,27,16,85,0,1,42,0,1,1,0,1,1,1,0
4104722,186413,76,29,51,33,18,17,66,68,13,0,0,55,80,1,0,0,0,1,0,0
2946866,417289,44,34,3,18,65,8,62,55,21,0,1,30,94,0,1,0,1,0,1,0
1407786,369543,87,56,76,77,33,66,47,57,97,1,0,41,1,1,1,1,1,0,1,1
292601,805981,86,28,81,71,80,6,41,82,99,0,1,32,35,0,1,0,0,0,1,1
3375684,848352,11,49,2,0,87,57,51,3,30,0,0,18,55,1,0,1,1,1,0,0
3584068,745686,48,61,36,47,72,78,4,54,84,1,1,90,34,1,1,0,1,0,0,1
829085,473731,93,51,96,24,53,29,76,48,57,0,0,87,26,0,1,1,0,0,0,1
2159925,789752,30,13,23,23,0,72,11,37,68,0,1,91,66,1,0,1,1,0,0,0
3209887,418532,91,34,71,46,91,60,58,44,18,0,1,54,55,1,0,0,0,0,0,1
1718087,162255,21,27,34,83,54,90,64,29,52,0,1,3,45,1,1,0,1,0,0,0
2213321,885292,43,57,1,93,14,99,51,95,84,1,1,11,19,1,1,0,1,1,0,1
2718638,553912,91,29,32,68,84,81,42,36,1,0,1,86,7,0,1,1,1,1,0,1
803103,722875,63,89,75,66,14,94,82,55,52,1,0,83,92,1,1,1,0,0,0,1
4433583,764072,76,6,85,31,22,16,92,26,66,1,0,27,71,0,1,1,1,0,0,0
4766235,483997,24,38,76,16,65,52,62,31,46,1,1,57,90,1,1,1,1,0,0,0
2189968,575993,50,94,9,60,45,5,49,10,52,0,1,47,25,1,0,1,1,0,1,0
2445854,618614,6,68,80,68,99,38,38,57,56,0,0,0,73,0,1,0,1,0,0,0
4839681,424972,5,34,61,10,8,24,41,76,93,1,1,74,61,0,0,1,1,1,0,1
2816241,851822,23,51,42,37,65,41,88,34,97,1,1,43,93,1,0,1,1,0,1,0
3043586,73369,18,13,68,67,65,41,79,16,24,0,1,62,32,0,1,0,0,0,1,0
1457008,206893,82,62,58,18,17,58,16,29,34,0,1,94,60,0,0,0,0,0,0,1
4270211,276733,99,35,8,86,16,37,91,17,28,0,0,37,99,1,0,1,1,0,0,0
4043688,642300,8,90,76,16,71,30,42,29,75,0,1,8,19,1,0,1,0,1,1,0
3816984,936620,35,23,59,12,97,28,48,89,86,0,0,5,67,0,0,1,0,1,0,0
4517561,864613,39,39,62,90,33,8,4,15,91,1,0,69,86,0,0,1,1,0,1,1
4218365,705146,92,28,51,0,68,0,0,74,16,1,0,51,28,0,1,1,1,0,1,0
1203171,755046,23,52,22,1,63,79,66,53,79,1,0,66,45,0,1,0,1,0,1,0
3100737,652999,47,21,29,81,43,86,23,3,48,0,1,95,95,1,0,1,0,0,1,1
1570485,81425,62,71,42,99,28,71,28,14,55,1,0,98,36,1,0,0,1,0,0,1
1881076,952790,68,14,67,96,61,46,14,75,72,0,1,15,89,1,1,0,0,0,1,1
1811935,501297,52,68,20,99,91,75,3,26,2,1,1,1,52,1,1,1,1,0,1,0
312990,545282,53,63,42,65,15,9,43,3,21,0,0,35,4,1,1,0,1,1,0,0
1181883,116915,41,3,72,67,77,15,64,34,94,1,0,70,87,1,1,1,1,1,1,1
1868321,390105,44,74,6,15,51,46,78,84,13,1,1,34,65,0,0,1,1,0,1,0
3493705,488414,89,17,15,3,1,42,87,62,2,0,1,29,14,0,0,0,1,1,1,0
1818702,109672,13,41,22,56,60,23,30,99,37,0,0,44,45,1,1,0,1,0,1,0
1700071,818071,28,29,57,72,3,7,19,65,86,1,0,45,56,1,0,0,1,0,1,1
3959505,284349,5,14,86,84,51,74,9,38,20,1,1,92,7,1,0,1,0,0,0,1
226806,323821,6,69,30,22,40,25,10,27,50,0,0,64,36,0,1,0,1,0,0,0
4809688,37930,36,54,68,1,51,6,81,33,23,0,0,0,56,0,1,0,0,0,1,0
4464423,78313,52,52,5,66,30,78,97,32,95,0,1,56,13,0,0,0,1,0,0,1
2073722,754211,17,15,64,86,25,14,27,49,44,1,1,70,4,0,1,0,0,0,0,0
1719603,118153,86,72,58,25,26,47,37,59,68,1,1,66,72,0,0,0,0,0,1,1
2168541,490725,37,33,27,6,50,2,79,71,96,0,1,99,85,1,1,0,1,0,1,0
2704659,809748,58,26,17,99,97,15,23,71,43,1,1,30,42,1,0,0,0,0,1,0
1950740,949808,0,12,87,43,94,78,38,41,46,0,1,24,48,1,1,0,1,1,1,0
1063403,237911,67,99,76,32,47,88,50,85,56,1,0,46,43,0,0,1,1,0,1,1
1079903,101058,43,26,96,63,10,96,75,90,18,0,1,55,55,0,1,1,0,1,1,1
1085421,92876,46,72,9,35,7,13,49,27,33,0,1,87,47,0,1,0,0,0,0,0
4478384,614654,34,68,6,3,11,87,6,74,2,1,1,0,29,0,0,1,0,0,0,0
1178836,542691,86,85,36,22,98,74,99,26,38,0,0,94,32,0,1,1,1,0,0,1
3423522,347196,90,30,95,24,44,2,80,0,91,0,0,36,36,1,0,1,0,0,1,0
2417181,777838,59,2,44,89,33,72,67,91,74,1,1,74,49,1,1,0,1,0,1,1
379830,266420,89,29,85,91,76,69,52,90,59,1,1,66,6,0,0,1,0,1,1,1
1756518,482843,51,20,15,91,90,30,36,7,9,1,0,11,66,1,1,1,1,1,1,0
3684144,340639,7,98,87,84,71,79,96,45,39,1,0,19,42,0,1,0,1,0,1,1
2859083,168004,79,5,13,73,46,74,82,23,1,0,1,29,39,0,0,0,1,1,0,0
4313640,363234,40,91,10,26,20,16,53,39,44,0,0,73,31,0,0,1,0,0,0,0
4700398,303845,2,31,82,50,40,48,89,50,26,0,0,63,99,0,0,1,1,1,1,0
1436497,401601,95,41,86,78,74,2,54,99,52,0,0,78,54,0,1,1,0,0,0,1
1747261,781684,68,61,33,80,21,82,74,23,8,0,1,84,82,1,0,0,0,1,0,1
1066183,586529,83,88,59,98,20,87,30,21,0,1,0,63,94,1,1,0,1,1,0,1
822893,670727,13,31,12,68,27,54,64,73,32,1,0,17,93,1,0,1,1,1,0,0
4739014,70030,95,98,38,79,66,71,99,67,37,0,1,31,88,1,0,1,0,1,0,1
4095958,706865,25,85,43,22,70,99,92,7,56,1,0,18,76,0,1,0,1,0,0,0
651157,169404,69,87,27,8,13,39,88,57,32,1,0,93,75,1,1,0,0,0,1,1
1465898,212397,57,38,39,32,78,65,58,14,47,1,0,32,8,0,0,0,1,0,0,0
2320539,957772,99,63,15,34,72,86,46,7,2,1,1,61,8,0,0,1,1,0,1,0
1080412,484702,39,29,49,49,51,39,48,92,31,1,1,21,63,0,1,1,1,0,0,0
3431185,423779,50,62,27,23,42,29,17,41,76,0,1,28,44,1,1,0,1,1,1,0
2441281,110185,4,95,67,87,70,24,2,38,20,1,0,87,90,0,0,0,1,0,1,1
3934044,41404,76,30,91,23,75,6,17,34,67,0,0,3,60,1,1,1,1,0,1,0
517875,60182,31,86,59,18,18,91,57,40,16,0,0,49,94,0,1,1,1,1,0,1
1428337,300135,79,39,11,38,26,49,70,47,41,0,1,75,69,0,0,1,0,0,0,1
2866078,633889,0,32,15,60,17,80,91,77,67,0,1,99,92,0,1,1,1,0,1,1
684814,708023,76,62,52,24,12,95,80,95,83,0,0,3,93,1,0,1,1,0,1,1
1426134,857318,53,24,53,94,0,0,24,70,11,1,1,4,37,0,1,1,0,1,0,0
3890583,651290,10,35,48,24,84,90,17,43,89,0,1,82,74,1,0,0,0,0,1,1
2720107,350992,52,23,35,26,33,43,51,96,44,0,0,38,45,1,1,0,1,1,0,0
1830668,946631,7,94,61,31,12,99,42,34,35,0,0,56,69,0,0,0,0,1,1,1
1799908,849124,24,57,83,10,50,48,66,26,79,1,1,30,63,0,1,1,0,1,0,0
2364412,230461,39,38,25,68,86,6,88,64,50,1,1,6,94,1,1,1,0,1,0,0
2553847,828932,31,45,55,32,0,2,6,69,6,1,1,11,34,1,0,0,0,0,0,0
2830146,825217,87,76,89,18,86,93,73,65,32,1,0,9,11,0,1,1,1,0,1,1
3092478,613434,27,9,21,15,27,0,43,70,47,0,1,28,47,1,0,0,1,0,0,0
2184117,493195,77,86,72,98,31,50,43,71,65,0,0,84,62,0,1,0,1,0,1,1
2643282,577285,2,81,68,10,71,97,50,62,32,0,1,12,44,0,1,0,1,1,1,0
229725,536458,99,31,80,74,54,37,82,92,77,0,1,86,5,0,0,0,0,0,0,1
1385574,149375,90,96,48,73,25,42,78,79,83,0,0,69,44,0,1,0,0,0,1,1
4498859,338887,83,35,97,97,13,54,84,28,26,1,0,30,89,0,0,1,0,1,1,1
995928,476068,78,27,1,68,87,56,20,30,46,0,1,8,31,1,0,0,0,1,1,0
1088036,40187,61,15,52,86,92,52,36,63,84,1,1,50,67,0,0,1,1,0,1,1
3171783,725394,26,15,6,54,67,99,27,85,65,0,0,87,2,1,0,1,1,0,1,1
2862761,994280,44,17,99,24,62,32,31,52,42,1,1,15,1,0,0,0,1,1,1,0
2713024,662253,91,7,76,92,81,79,56,73,79,1,0,58,19,0,1,1,0,1,0,1
2740034,674113,24,79,19,76,13,61,40,67,18,1,0,57,82,1,1,0,1,1,1,1
2598083,43090,60,74,93,95,26,10,53,24,67,0,1,10,38,1,1,1,0,1,1,1
2753314,987426,43,69,29,33,40,71,26,12,9,1,0,35,11,1,0,1,1,1,0,0
4940319,474984,96,0,74,11,2,51,86,80,21,0,0,0,60,0,0,1,0,0,0,0
4109439,850844,45,61,94,87,93,0,73,39,75,0,1,20,35,1,1,0,0,1,1,1
4111146,782766,13,75,66,20,58,13,39,71,65,1,1,43,91,1,0,1,0,0,1,0
1840920,323174,7,37,58,28,99,93,40,86,1,1,1,99,8,1,0,0,1,0,0,1
1907017,546797,47,91,65,50,22,84,69,6,97,1,1,36,43,1,1,1,1,0,0,1
889556,73653,13,44,2,22,17,20,23,31,17,1,1,5,74,1,0,1,0,1,0,0
2989247,697289,64,57,55,32,73,33,17,23,79,0,1,13,52,0,0,1,0,0,1,0
3057261,396770,79,80,78,7,75,89,73,0,18,0,1,92,29,1,1,0,0,0,0,1
3425830,970795,81,0,16,41,40,13,55,46,88,0,1,0,65,0,0,1,0,1,1,0
2453722,271186,6,31,51,76,7,39,14,50,29,1,1,7,37,0,0,1,0,0,0,0
1849729,198646,78,7,6,68,31,34,97,35,5,1,0,43,37,1,0,0,0,0,1,0
1316271,304345,87,39,4,40,80,41,71,26,26,1,1,82,32,1,1,1,1,0,0,0
2728268,752642,48,55,97,73,40,81,34,69,14,1,0,86,70,0,0,0,1,0,0,1
3299555,543304,54,62,96,62,44,19,26,41,30,0,1,74,84,0,1,1,0,1,1,1
1881641,292166,12,87,53,13,77,59,88,94,43,0,1,26,54,1,0,1,1,1,0,1
716409,761322,72,73,60,87,8,8,2,75,85,0,0,35,75,0,0,0,1,0,1,1
866165,557226,55,73,15,61,89,32,20,89,75,1,0,41,84,0,1,1,1,1,0,1
2988363,179750,55,35,66,74,47,48,38,88,9,1,0,19,22,0,1,0,1,0,1,1
4676321,909603,14,88,58,45,23,67,31,67,20,1,0,7,69,0,0,1,1,0,1,0
3910388,265710,56,56,46,66,86,3,49,69,46,1,1,45,13,0,1,0,1,1,1,1
3435192,237320,57,73,47,92,94,47,84,12,54,1,1,99,95,1,1,0,1,1,1,1
2967891,853152,34,82,63,52,43,15,8,24,94,0,1,51,48,0,1,0,0,0,1,1
3463050,372658,87,44,49,51,57,46,49,94,35,1,1,25,44,0,0,1,1,0,0,1
1940687,717165,96,78,84,93,65,25,0,21,73,0,1,34,76,1,0,1,0,0,1,1
2135090,996827,15,79,40,6,17,69,3,98,57,1,1,59,26,1,0,0,1,0,1,1
945182,662346,7,1,71,80,79,36,3,20,18,0,0,2,74,0,0,0,1,0,0,0
4137270,81478,92,92,21,83,28,21,89,14,86,1,1,3,95,0,1,1,0,1,0,1
616978,410377,86,67,53,53,74,6,33,66,63,1,0,92,66,0,1,1,0,0,1,1
1233316,943193,44,49,4,10,1,41,26,36,9,0,1,61,48,1,0,1,1,1,0,0
2821038,132101,94,28,16,24,77,29,14,44,48,1,1,63,1,0,1,1,1,1,1,0
3580355,361843,39,94,77,58,67,73,31,25,53,1,0,49,93,0,1,0,0,0,0,1
4936905,721284,53,80,40,87,97,78,40,80,60,1,1,91,59,0,1,0,1,1,0,1
1970485,499527,13,9,91,65,38,5,70,54,58,0,1,18,65,1,1,1,1,1,1,0
4942297,366417,58,26,94,26,72,23,60,49,90,1,0,42,58,1,0,0,1,0,1,1
4068452,734668,93,14,80,82,40,65,62,34,1,1,0,91,92,1,1,0,0,1,0,1
4205605,761488,52,59,34,57,70,39,60,40,74,1,1,81,59,1,1,0,1,1,1,1
2401044,593033,26,30,39,92,80,14,13,71,7,1,0,13,21,1,1,1,1,0,0,0
1512743,137283,46,20,21,10,86,52,22,10,18,1,0,13,88,0,1,1,0,0,1,0
2941094,398445,79,59,47,54,74,84,64,87,79,0,0,53,45,1,0,1,1,1,0,1
2127205,386116,5,57,52,18,21,81,31,7,67,0,1,28,52,1,0,0,1,0,1,0
3934445,446758,54,40,92,91,81,4,40,53,13,0,0,2,18,0,0,1,1,1,1,0
304195,936849,96,45,9,38,48,88,25,93,21,0,1,97,48,0,0,1,1,1,0,1
4301036,106489,43,44,17,84,27,35,47,0,16,1,0,72,79,0,0,0,1,1,1,0
1538486,561107,17,25,98,89,15,73,72,97,62,1,0,4,16,0,1,1,0,0,0,1
2365251,52779,15,50,79,85,67,45,15,19,25,0,0,92,26,0,1,0,0,0,1,1
1677852,742781,11,35,48,69,61,22,30,99,98,0,0,4,18,0,1,0,0,0,0,1
3414850,359388,19,51,70,10,35,87,65,33,35,0,1,44,29,1,0,1,0,0,1,0
1920023,594872,44,80,29,13,21,44,31,56,44,0,1,63,77,1,0,1,1,1,1,0
2870308,418166,63,50,18,59,10,9,9,97,29,0,1,63,45,1,1,1,1,0,0,1
3762169,675533,58,2,54,35,84,53,24,12,20,1,0,42,63,0,0,0,1,0,0,0
4227446,253815,92,13,59,40,79,69,81,53,19,0,0,42,31,0,1,0,1,0,1,1
686275,849464,93,48,86,1,41,76,97,52,41,1,0,50,52,1,1,1,1,1,0,1
498871,382218,89,76,71,56,54,84,92,51,89,1,1,12,22,1,0,1,0,1,1,1
1357655,366417,21,90,80,59,72,31,44,5,55,0,0,89,35,0,1,1,1,1,0,1
3149281,819468,96,0,20,19,34,42,23,35,11,1,0,72,9,1,1,0,1,0,1,0
1494929,259957,46,56,25,21,56,14,2,24,7,1,1,67,58,0,1,0,1,1,0,0
2704594,600644,28,16,27,3,33,65,61,90,98,1,0,94,28,0,0,0,0,1,1,1
1443294,150364,85,49,38,55,72,14,78,57,92,1,1,68,10,0,0,0,1,0,0,1
3767675,532340,44,97,32,92,76,80,66,54,62,0,1,6,37,0,0,0,0,1,1,1
1096816,311521,76,13,39,57,69,19,54,94,55,1,1,91,78,1,1,0,0,1,0,1
4007085,203910,8,58,82,87,3,49,94,2,6,1,0,77,31,1,0,1,1,1,0,0
2614802,334963,23,80,28,64,45,5,9,27,61,0,0,87,90,1,1,1,1,1,0,0
643031,905121,14,2,19,87,91,78,54,67,60,0,0,41,51,1,1,1,0,0,1,0
1290668,151692,35,97,19,57,10,16,21,80,9,0,1,4,0,0,0,0,0,0,0,0
2990373,35461,12,39,73,29,97,25,13,37,49,1,0,46,13,1,0,0,1,1,0,0
3883444,812182,90,88,11,75,60,21,72,33,19,0,1,47,2,1,1,1,1,0,0,1
4116643,14472,43,65,96,18,34,72,81,83,27,1,1,97,29,0,0,0,0,1,1,1
3487058,860695,70,33,24,61,68,63,7,12,13,0,0,91,30,0,0,0,0,0,1,0
3403503,117036,71,89,24,67,56,75,14,4,75,1,0,46,0,1,1,0,1,1,0,1
1985516,193674,77,94,3,78,10,85,14,59,7,0,1,7,45,0,0,1,1,1,1,1
4358179,292667,75,8,3,83,11,57,51,87,6,0,1,20,13,0,1,1,0,0,0,0
490998,691126,35,93,8,43,42,86,69,16,4,1,0,87,35,0,0,1,0,1,0,0
2028022,894694,60,83,14,83,18,36,53,56,0,0,0,23,45,0,0,0,0,0,1,0
3248593,595348,80,20,25,60,76,77,75,30,72,0,1,12,54,0,1,1,0,0,0,0
1609854,276223,39,92,78,20,67,87,41,91,81,1,1,14,35,0,1,0,1,1,0,1
381360,668759,92,24,89,9,77,71,18,64,9,0,0,88,42,0,1,1,1,0,0,1
2644026,327870,26,43,91,29,58,89,39,65,57,0,1,52,42,0,1,1,1,0,1,1
2715419,360050,0,24,70,23,1,95,68,32,64,1,0,91,14,1,0,1,0,1,1,1
4338286,283676,33,8,31,47,7,27,26,92,59,1,0,71,37,1,0,0,1,1,0,0
1491210,914121,67,61,75,54,21,95,73,3,19,0,1,30,88,0,0,0,1,0,0,1
2843061,480573,87,25,98,51,76,85,42,81,57,0,1,70,43,1,1,0,0,1,1,1
3784197,48162,20,56,51,37,20,48,51,54,42,1,0,50,54,0,0,0,0,0,1,0
511955,926253,32,36,31,66,84,72,45,23,28,1,1,46,54,0,1,0,0,1,1,0
2327599,278497,6,15,8,92,91,66,13,31,1,0,0,38,77,1,1,0,0,1,1,0
2425198,117313,64,36,77,7,96,88,63,72,25,1,1,80,87,1,1,1,0,1,0,1
1765070,33477,2,75,12,28,28,75,60,46,74,0,1,56,57,0,0,0,1,1,1,0
4031342,684930,50,23,55,9,85,92,97,15,88,0,1,49,56,0,0,1,0,0,0,1
4582794,91373,78,25,43,68,89,66,57,20,97,1,1,56,55,0,1,1,1,1,0,1
4898713,933941,94,19,96,74,74,40,48,93,58,1,0,34,1,0,1,1,1,1,0,1
3990328,698464,53,8,95,67,74,45,78,66,0,1,0,85,33,1,1,1,0,1,1,1
4910899,723730,79,86,82,48,97,86,28,96,30,1,0,6,48,1,0,1,1,0,1,1
4096892,533839,73,28,29,57,82,86,25,30,37,0,1,52,63,1,1,0,0,1,1,1
2463089,73359,92,30,15,34,36,54,26,13,21,1,0,9,86,1,1,0,1,0,1,0
3662092,453096,58,18,11,49,77,81,66,5,65,0,1,91,7,0,1,1,1,1,1,1
4637610,148988,5,19,73,39,28,10,66,68,46,0,1,38,68,1,0,0,1,0,0,0
3439536,131150,28,86,65,11,82,99,34,28,0,0,0,57,57,1,0,0,0,0,1,0
2526133,478919,16,26,17,84,36,25,59,54,87,0,0,92,92,1,1,0,1,0,0,1
1939461,701805,59,93,12,15,20,71,60,36,49,0,1,34,42,0,1,1,1,0,0,0
2350224,314780,21,84,92,77,87,91,98,58,35,1,1,58,61,0,1,0,1,0,1,1
4202713,472143,23,43,23,84,89,81,69,35,44,1,1,21,51,0,0,1,1,0,1,0
787100,821117,80,34,11,47,11,12,77,84,35,0,1,8,32,0,0,1,1,1,0,0
3615871,842566,84,70,59,90,47,35,89,75,33,1,1,99,19,0,1,1,0,1,1,1
2581732,356060,50,21,59,99,82,63,2,58,8,1,1,7,79,1,0,0,0,0,0,0
2077971,112967,49,73,92,0,46,50,32,86,75,0,0,93,58,1,1,1,1,1,0,1
2549316,99455,10,86,85,64,93,75,41,77,83,0,0,93,59,1,0,0,1,0,1,1
4241059,788123,55,14,99,21,14,21,12,63,3,1,1,57,62,1,1,0,1,0,0,0
3066757,466063,70,93,0,14,66,59,28,42,78,0,0,94,55,0,0,1,1,1,0,1
1536921,962497,41,97,42,83,12,1,8,41,62,1,0,21,36,0,1,1,1,0,1,1
2447939,180405,38,12,54,66,58,55,31,73,3,1,0,94,59,0,1,1,0,1,0,1
4554685,244646,68,3,39,13,72,39,21,59,4,0,0,39,87,0,1,1,1,1,1,0
1777969,194937,47,81,63,72,12,27,85,61,9,1,0,27,50,1,0,0,0,1,1,1
4134999,477312,56,55,33,18,79,76,57,63,43,1,0,45,28,0,1,1,0,0,0,1
4463224,841188,20,22,33,39,77,96,56,90,39,0,0,68,98,1,1,0,0,0,0,1
2947176,390007,81,96,47,97,71,2,97,57,35,0,0,80,8,0,1,1,1,1,1,1
3228149,66192,98,97,32,3,18,62,9,1,34,1,1,51,85,1,1,1,0,0,0,1
2838509,196758,19,33,67,32,56,97,24,77,58,0,0,10,83,0,0,0,1,1,1,1
3851387,840165,14,99,29,42,31,22,61,70,64,1,1,21,39,1,0,0,0,1,0,0
2304683,240161,68,98,83,36,98,54,62,80,81,0,0,46,67,1,1,0,1,0,0,1
2727419,817425,76,16,89,65,86,31,75,83,30,0,1,88,42,1,0,0,0,0,1,1
1911672,690852,50,27,78,26,20,83,2,7,45,1,1,12,99,0,1,1,0,1,0,0
3412883,681341,75,13,70,44,81,27,82,55,48,1,0,99,75,0,0,1,1,1,1,1
3228631,291287,61,33,70,80,13,7,96,83,5,1,1,44,22,0,1,1,1,0,1,1
2771165,720637,84,74,28,49,79,2,46,35,69,0,0,74,7,1,1,0,0,1,1,1
1978539,112044,36,56,22,94,23,93,54,68,18,1,0,68,73,1,1,1,1,0,0,1
4224733,510173,5,76,33,62,48,88,25,12,95,0,0,77,63,1,1,0,0,1,1,1
1614022,186062,70,96,83,5,31,52,12,38,41,0,0,21,22,1,1,0,0,1,0,1
4001250,657694,25,54,14,94,74,93,6,80,29,1,1,66,92,0,1,1,1,1,0,1
1152246,461104,7,65,96,66,10,28,33,5,25,1,0,34,95,1,0,0,1,1,0,0
219675,74351,72,97,52,66,59,93,21,18,2,0,1,31,55,0,0,0,1,1,1,1
273997,495588,90,92,16,96,67,97,83,24,32,1,1,37,13,1,0,0,1,1,1,1
1167561,710359,3,36,63,58,60,88,22,2,49,0,0,57,79,0,1,0,0,1,0,0
2198671,239085,20,67,83,12,89,80,47,52,30,0,1,39,16,1,0,0,0,0,0,1
686799,763171,30,75,60,20,4,58,13,27,83,0,1,87,19,1,1,0,0,1,0,1
2438057,503095,20,25,56,63,35,23,93,25,67,1,1,91,11,0,0,1,1,0,1,0
4664344,75309,24,60,76,36,96,37,86,46,95,0,0,20,72,0,1,0,0,1,1,1
2609029,934950,14,91,87,79,63,27,51,7,81,0,1,48,71,1,0,1,1,1,1,1
4121451,691093,34,66,36,84,77,96,82,56,9,1,0,96,40,1,1,0,0,1,0,1
766088,124156,48,83,6,47,31,61,38,54,21,1,0,91,84,1,0,1,1,1,0,1
1962999,343144,42,73,7,55,70,99,40,78,62,1,0,38,31,0,1,1,0,0,0,1
858003,446848,40,51,86,43,73,50,35,0,53,0,0,60,36,0,0,1,1,0,0,1
2600081,26576,36,17,77,12,65,6,5,39,50,1,1,99,17,0,1,0,1,1,1,0
1005113,532608,56,52,67,3,9,22,22,22,80,0,1,9,28,0,0,1,0,0,1,0
2663160,671110,41,62,20,94,98,45,9,99,3,0,1,39,6,0,0,1,1,0,1,1
1133396,632290,46,52,60,72,20,89,98,53,36,0,0,57,39,1,0,1,1,0,0,1
3362801,189535,91,26,73,32,39,77,84,41,70,1,0,88,5,1,0,1,0,1,0,1
4234464,31572,60,30,85,36,41,27,95,79,62,0,0,44,19,0,0,1,0,1,0,1
1803546,285092,13,90,93,52,71,23,59,49,50,0,1,16,54,1,0,0,1,0,1,1
2292101,525114,67,0,93,23,45,6,29,3,7,1,0,67,55,0,1,0,0,1,0,0
2159310,645816,52,5,79,88,81,99,96,7,0,0,1,9,72,0,0,0,0,1,0,0
1656081,699186,83,10,74,50,72,78,69,35,7,1,1,61,52,0,1,1,1,1,0,1
315359,94051,33,33,85,40,40,48,4,9,82,1,0,88,72,0,0,1,0,0,0,1
2363859,819299,75,83,28,28,93,2,78,29,80,1,0,31,71,0,1,0,0,0,0,0
4645655,196303,96,62,24,58,3,1,56,99,54,1,1,71,80,1,0,1,0,0,1,1
3935444,988766,23,52,57,39,98,6,42,15,8,0,1,41,87,1,1,1,0,1,0,0
3741483,751716,19,84,13,50,13,79,51,29,50,0,0,44,86,1,1,1,1,1,0,0
2792631,786700,68,84,77,49,13,20,88,63,15,0,0,75,32,1,1,1,0,1,0,1
1884351,208305,29,17,65,35,52,8,76,73,52,0,0,20,21,0,0,1,1,1,0,0
1712760,311822,87,20,53,78,83,11,5,10,58,1,0,26,49,1,0,1,0,1,1,0
1662436,898993,6,18,76,59,28,92,1,33,44,0,1,29,85,1,0,0,0,1,0,0
3757689,804395,35,3,66,17,22,23,16,79,36,1,0,73,26,0,1,1,1,1,1,0
4646228,462576,37,76,29,19,84,32,87,54,90,0,1,84,47,1,0,1,0,1,1,1
3080593,578722,79,81,17,4,30,77,11,82,65,0,0,0,65,1,1,0,0,0,1,1
2063236,71617,51,28,53,17,95,42,43,3,63,1,0,8,94,1,0,0,1,0,1,0
2546582,942773,14,24,99,39,70,81,53,48,35,0,1,2,12,1,1,0,0,1,1,0
3773465,646857,45,55,20,0,76,4,77,43,75,0,0,52,1,0,0,0,0,1,1,0
3967255,736672,22,76,52,18,60,78,6,30,49,1,1,41,45,0,0,0,1,1,0,0
1799792,888784,11,62,82,86,22,70,89,47,98,0,0,18,70,1,0,0,0,1,0,1
4674770,871164,92,26,15,25,7,88,31,98,94,0,1,5,10,0,1,0,0,1,1,1
650930,515874,43,59,27,28,75,13,28,97,52,0,1,6,25,1,1,1,0,0,1,0
4947647,374792,14,82,3,58,99,35,45,25,56,1,1,42,62,1,0,0,1,0,1,0
2602187,86494,92,48,54,62,15,34,72,69,18,1,0,79,48,1,0,0,0,0,0,1
3698408,749265,48,64,14,97,25,49,77,96,25,0,1,35,62,0,1,0,1,1,0,1
2565600,606513,20,37,63,82,28,87,52,90,99,0,1,67,20,0,1,0,1,1,1,1
3877361,87867,14,82,64,61,92,78,80,11,67,0,0,81,48,1,0,1,1,1,1,1
3238915,173600,13,51,15,47,5,10,24,44,42,1,1,95,78,0,0,1,1,1,0,0
291006,784957,41,0,19,61,36,23,52,7,94,0,1,95,79,0,0,1,1,1,0,0
4351785,870404,79,39,63,17,32,74,93,8,57,1,0,81,8,0,1,1,0,0,1,1
4278584,463818,14,80,32,65,94,43,28,0,76,1,0,38,20,0,1,0,1,1,1,0
4523654,887693,62,20,80,26,45,50,92,4,58,0,0,42,52,1,0,1,1,0,1,0
888725,620036,67,85,68,5,60,16,81,70,45,1,1,36,54,1,1,0,0,1,0,1
3103030,259265,26,14,68,69,40,69,94,81,67,1,1,27,40,1,0,1,0,0,0,1
988768,524493,86,49,57,58,17,84,82,53,39,1,1,49,5,1,0,1,1,0,0,1
406487,169404,92,47,38,5,94,7,80,23,12,1,0,38,0,1,1,0,1,1,0,0
3837820,915913,52,31,76,30,15,78,5,25,8,1,0,1,94,0,0,0,1,0,1,0
3484321,658817,51,48,35,93,50,95,75,9,65,0,1,36,63,0,0,1,0,1,0,1
878841,991710,62,67,93,55,36,73,37,60,98,1,1,65,4,1,0,1,0,0,1,1
3139302,489353,72,44,67,53,13,27,2,39,52,1,0,18,25,1,1,1,1,0,1,0
3652501,269395,52,31,86,84,67,78,34,43,75,1,1,68,0,1,0,1,1,1,1,1
245232,968221,56,3,20,40,29,11,54,11,80,1,1,43,0,1,1,1,0,0,1,0
2645840,890540,51,64,62,17,59,42,46,21,3,1,0,12,92,0,1,0,1,0,1,0
1579904,687387,42,96,84,86,52,81,32,26,13,0,1,21,85,0,0,1,0,0,0,1
4049033,102382,6,70,5,22,96,36,92,66,84,0,0,6,37,1,1,1,1,0,0,0
1637188,484767,41,72,23,91,35,87,2,81,7,1,1,1,40,1,0,1,1,1,1,1
1856321,14583,3,64,52,35,29,62,68,68,96,0,1,61,82,0,1,0,1,1,1,1
738645,579675,68,79,94,24,63,92,58,13,61,1,1,77,27,1,1,1,0,0,0,1
1771951,290248,4,17,82,6,13,62,77,24,44,0,1,88,4,1,0,0,0,1,0,0
4725121,541512,74,53,75,81,22,9,99,51,91,0,0,89,20,1,0,0,1,1,1,1
3029455,852056,91,46,77,19,47,77,91,94,66,1,0,4,62,1,1,0,1,1,0,1
2703292,454274,79,5,49,4,27,79,95,84,61,1,1,19,85,0,1,1,0,1,1,1
2390421,895752,40,65,11,17,6,36,17,58,77,1,1,53,83,1,0,0,1,1,1,0
3566823,232444,93,8,55,32,41,10,76,37,82,1,1,75,11,0,0,1,1,0,0,1
2810469,951803,3,67,14,78,9,89,65,19,69,0,0,62,5,0,1,1,0,1,1,1
2367354,345716,1,22,82,34,67,18,24,77,35,1,1,35,28,1,1,1,1,0,0,0
1297353,876901,66,42,91,64,43,51,19,19,83,0,0,94,60,1,0,1,1,0,0,1
4585010,869360,20,50,39,62,12,17,70,55,0,1,0,80,34,1,0,0,0,0,1,0
1024255,471690,69,71,40,84,84,93,74,29,59,1,1,15,74,1,1,0,0,1,1,1
3671750,271285,42,24,68,71,32,31,68,40,73,0,0,56,51,0,0,1,1,1,1,1
4675156,683710,81,79,68,70,91,22,28,83,12,1,0,63,32,1,1,1,0,0,0,1
2965331,473298,68,34,5,40,86,11,17,70,11,1,0,9,24,1,0,0,0,0,1,0
788158,862303,8,16,86,49,31,57,71,62,74,0,0,98,13,0,1,0,0,0,0,1
2830723,141149,83,17,66,29,47,76,26,68,99,0,0,96,92,1,0,1,0,0,0,1
4031661,575303,27,26,32,37,4,20,41,94,16,1,0,98,52,1,1,1,0,0,1,0
1065139,993651,25,14,42,34,60,20,65,28,46,0,0,50,60,0,1,0,1,1,0,0
1778638,981684,81,80,20,65,89,92,98,78,52,1,0,26,12,1,0,1,1,1,1,1
3966484,176929,82,68,83,45,89,92,25,88,92,0,0,6,14,0,1,0,0,0,1,1
3101717,761556,2,79,64,7,2,90,22,76,66,1,0,90,54,1,0,1,0,1,0,1
2411738,195912,72,14,16,67,23,28,4,43,92,0,0,40,52,0,0,1,1,0,1,0
489768,851334,99,41,92,36,97,78,79,87,9,0,1,75,71,0,0,1,1,0,1,1
2839929,10577,94,33,7,84,33,46,10,78,45,0,0,96,46,1,0,1,1,1,1,1
3333211,811434,48,47,63,12,83,11,18,87,82,1,1,12,44,0,0,1,0,1,1,0
2468185,55711,16,82,89,72,93,57,79,89,3,1,1,65,96,1,1,1,1,1,1,1
3427544,568739,62,7,27,44,41,40,95,82,56,1,1,2,74,1,0,1,1,0,1,0
1926199,498027,54,9,97,28,19,18,11,56,37,0,1,10,63,1,0,1,0,1,1,0
4670013,709463,22,4,89,40,40,11,1,23,11,0,0,4,14,1,0,0,0,1,0,0
4568327,426863,33,47,12,55,81,22,42,18,30,0,0,59,20,1,1,1,1,0,1,0
643945,564119,68,25,12,87,19,4,21,16,1,0,0,1,35,1,0,0,0,1,1,0
221253,254402,14,85,37,15,5,25,25,68,0,1,1,91,69,1,0,0,0,0,0,0
3803110,760664,46,22,24,11,56,62,32,60,80,0,0,76,24,1,1,1,0,0,1,1
2476787,887930,2,61,61,65,41,51,23,3,24,0,1,98,43,0,0,1,1,0,1,0
2454614,920381,82,12,22,61,24,9,68,21,4,1,1,63,0,1,0,0,1,1,0,0
4052666,249942,27,8,85,18,40,85,20,73,47,1,1,12,41,0,1,1,1,0,1,0
1150162,100119,2,19,20,29,40,38,45,84,13,0,1,53,58,0,1,0,1,0,0,0
1474634,858262,3,91,53,15,2,22,17,88,51,0,0,11,32,0,1,0,1,0,1,0
2955063,347776,87,56,62,87,42,10,4,5,73,0,1,17,31,0,1,0,1,1,0,1
1428807,828265,30,23,29,12,45,91,7,29,20,1,0,17,65,1,0,0,0,1,1,0
322775,772754,44,32,74,68,56,94,84,92,24,0,0,16,24,1,1,0,1,0,0,1
4714276,753224,58,19,67,22,82,71,56,74,98,0,1,38,39,0,1,1,1,0,0,1
4663158,815830,44,59,96,61,73,47,4,10,66,0,0,85,57,0,1,0,1,1,0,1
614600,590842,74,47,75,30,50,91,12,47,81,1,1,12,96,0,1,0,0,0,1,1
2469070,55755,36,63,72,52,4,15,82,45,49,0,1,44,74,1,0,1,0,0,0,0
4613359,940210,64,29,31,16,85,45,92,26,99,1,0,18,63,1,0,0,1,1,1,0
2233901,158412,8,72,74,48,72,46,65,18,32,1,0,87,18,1,0,1,0,1,0,1
3031569,856426,16,16,23,48,96,94,36,85,16,1,0,18,88,1,0,1,0,0,1,0
1648763,593172,64,99,6,66,14,47,89,91,69,1,0,20,27,1,0,0,1,0,0,1
2719507,875793,2,13,71,25,87,79,28,58,33,1,0,23,73,0,0,1,0,0,0,0
1456715,546770,25,18,96,12,93,68,68,67,25,0,1,29,94,1,1,0,0,0,0,0
280257,59225,52,70,88,37,99,98,31,53,41,0,0,91,79,0,0,1,1,0,0,1
1726534,194921,30,58,0,21,38,24,47,82,30,1,0,47,41,0,1,1,0,0,1,0
1024143,604142,25,66,2,84,69,76,1,16,50,1,1,34,81,0,0,1,0,1,1,0
3214938,570544,22,96,27,28,78,92,68,49,91,0,1,58,85,0,0,0,1,0,0,1
4002986,245617,29,43,42,44,37,90,96,39,35,1,1,16,49,1,1,1,1,0,0,0
4922727,113721,9,31,96,45,38,80,50,99,12,0,0,47,98,1,0,0,0,1,1,1
571616,610398,71,10,45,38,51,36,34,86,84,0,1,97,75,1,0,0,0,1,1,1
2160155,118606,88,1,0,68,85,62,82,91,89,1,1,54,91,1,1,0,1,0,1,1
3824064,543938,63,89,37,77,2,28,14,10,94,0,1,8,47,1,0,1,0,0,0,1
975158,182190,21,67,90,81,28,57,98,13,79,0,0,76,56,0,0,1,0,1,1,1
2910527,33930,14,16,34,67,92,97,71,12,94,0,0,13,8,1,0,1,0,0,0,0
1968967,746067,55,80,73,96,30,93,64,87,12,1,1,25,29,1,1,1,0,1,1,1
1116383,265102,73,91,75,38,65,30,37,79,93,0,0,51,17,1,1,1,1,0,0,1
479215,367544,19,93,73,19,98,85,85,27,31,0,0,84,44,0,0,1,1,1,1,1
3043236,278945,46,39,53,76,44,88,16,93,4,0,0,43,87,0,1,1,1,1,0,1
3937859,580648,86,86,97,99,72,67,79,43,11,1,1,83,82,1,1,1,0,1,0,1
473349,879340,52,45,23,67,21,98,44,62,58,1,1,10,77,0,1,1,0,0,1,1
4318893,152631,52,87,27,34,82,40,0,60,40,1,1,50,65,0,0,1,1,1,1,1
2160584,299478,0,92,21,7,9,49,2,90,36,1,1,41,10,0,1,0,0,0,0,0
3933003,241545,1,3,15,51,20,43,69,16,67,0,1,61,89,0,0,1,1,0,1,0
1616207,18288,57,37,12,39,16,8,51,49,47,0,0,34,71,1,1,1,1,1,0,0
778688,682758,18,62,99,35,66,58,52,25,42,0,0,63,66,1,0,0,0,0,0,1
4426156,212302,61,28,99,5,6,89,2,6,92,0,1,94,14,0,0,0,0,1,0,1
2674653,803623,77,18,61,85,35,90,93,98,40,1,0,17,39,0,1,1,1,1,1,1
3402209,285195,71,90,42,69,66,26,46,78,55,1,1,13,12,0,1,0,0,1,1,1
4427995,66715,11,28,86,99,76,81,74,15,68,1,0,48,79,0,0,1,1,1,0,1
4788645,15737,25,99,77,72,29,93,90,84,10,0,0,68,85,0,0,0,0,0,0,1
732726,594428,26,34,31,15,86,58,85,16,93,1,1,16,32,0,1,0,1,0,0,0
4152255,685611,28,69,66,45,70,94,5,89,8,1,1,20,1,1,1,1,0,0,1,1
4017242,187047,14,22,90,58,93,2,45,34,27,0,0,13,92,0,0,0,0,1,0,0
439968,272291,45,45,82,37,28,92,94,83,21,0,0,2,33,1,1,1,0,0,0,1
488963,579796,0,43,85,96,71,6,60,83,74,0,1,30,15,1,1,1,1,0,0,1
2792536,319368,59,47,56,17,73,81,42,22,84,1,0,88,13,1,1,0,1,1,0,1
3175635,286787,91,51,64,11,32,15,55,68,5,0,1,46,45,0,0,1,0,1,1,0
3501017,306111,56,7,68,53,58,48,69,8,25,1,1,43,49,0,0,0,0,1,0,0
719165,108535,2,54,48,90,19,31,19,86,15,1,1,16,4,1,0,1,0,0,0,0
4614084,832165,17,65,32,46,92,88,46,17,13,0,0,89,42,1,0,1,0,1,0,0
3640866,301952,51,76,18,0,28,43,53,92,34,1,1,80,17,0,1,0,1,0,0,1
4078363,517438,59,39,35,14,52,95,40,74,41,1,1,55,47,0,1,1,0,1,1,1
3443484,727648,33,84,69,90,84,18,74,47,52,0,1,82,63,0,0,0,0,1,0,1
3224243,588247,95,30,14,79,0,2,65,71,99,1,1,26,25,0,0,0,1,0,1,1
1227557,400065,92,47,99,20,33,59,30,90,21,1,0,70,73,0,0,1,0,0,0,1
2196170,335322,88,99,96,0,43,34,63,65,52,1,1,89,69,1,1,0,0,0,1,1
4088577,727496,59,60,23,92,95,28,89,22,65,0,1,68,13,0,0,1,0,1,0,1
1406123,196812,25,51,26,66,13,74,90,84,12,1,0,1,65,1,1,1,1,0,1,0
1816596,117255,71,37,48,11,36,69,57,9,10,0,1,79,60,1,0,0,0,0,1,0
1985559,615610,18,90,74,27,34,82,54,37,11,0,1,61,90,1,1,0,0,1,1,1
508449,835997,21,35,22,38,58,44,45,58,96,1,1,74,72,1,1,1,1,0,1,1
4047125,942687,92,86,32,36,23,26,94,67,85,0,1,86,76,0,1,1,1,1,0,1
733634,513522,32,54,40,94,64,68,23,84,52,1,0,98,20,1,0,1,0,1,1,1
4132747,6132,37,84,55,59,5,89,76,42,8,0,0,5,54,1,0,1,1,1,0,1
390237,698619,34,12,28,30,67,34,88,11,70,0,0,64,1,0,0,0,1,0,0,0
1056047,756972,66,36,30,57,37,18,36,52,16,1,0,96,2,0,0,0,1,0,0,0
4823636,855100,82,46,64,96,0,16,40,13,60,0,0,17,12,1,0,1,0,1,0,1
4615677,264427,9,89,97,96,40,34,24,51,9,1,0,54,20,0,1,0,0,0,0,1
1606368,436779,90,70,17,10,30,76,28,83,37,1,1,66,32,0,1,0,1,1,1,1
1045474,490443,14,21,81,28,35,77,30,71,38,1,0,56,19,0,0,1,1,1,0,1
4765537,638123,10,38,5,88,72,29,1,90,88,1,1,18,99,0,0,0,0,1,1,0
1424744,147003,89,86,51,12,53,47,11,60,90,1,1,73,17,0,1,1,0,1,0,1
3547769,787516,23,57,39,50,86,56,4,40,93,0,0,83,88,1,1,0,0,0,0,1
2331018,602457,76,29,64,53,30,16,60,20,29,1,1,10,37,0,0,1,0,1,1,0
3451128,265529,95,17,41,18,28,14,90,47,33,1,1,95,24,0,0,0,1,0,0,0
4829375,448855,3,17,93,57,84,81,55,55,32,1,1,83,37,0,0,1,1,1,1,1
3689429,258608,12,73,67,35,2,13,97,34,31,1,0,54,14,0,0,1,0,1,0,0
2708426,763673,72,38,31,27,57,13,77,43,11,0,1,95,80,1,1,1,0,1,1,0
2731086,719261,56,93,9,67,89,44,70,38,86,0,0,36,99,0,0,1,1,1,0,1
494746,629705,97,25,68,2,60,96,36,14,92,0,0,85,28,1,1,1,0,1,1,1
4552892,530332,36,70,8,88,5,37,35,11,64,0,1,3,96,0,0,0,1,1,1,0
1902159,182763,47,6,68,40,19,62,73,97,83,1,0,12,63,1,1,0,0,0,1,1
3957985,236807,70,68,60,34,60,74,28,7,9,1,1,69,31,0,0,0,0,0,0,1
4002177,29363,0,64,10,92,45,10,79,93,18,1,0,92,71,0,0,0,0,0,1,1
2203426,313838,59,45,98,92,12,47,37,66,22,1,0,57,42,1,1,1,1,0,0,1
3551463,399798,11,17,90,75,22,25,84,93,84,1,0,1,12,0,1,1,1,0,1,1
323950,989348,20,12,67,98,78,66,40,92,56,1,0,59,80,1,1,0,1,1,0,1
4723942,812733,10,24,73,83,30,24,32,0,98,1,1,88,84,0,1,1,1,0,0,1
4994821,341473,43,7,96,80,3,80,92,79,58,1,0,31,77,1,0,0,0,0,0,1
1353224,6620,57,73,7,75,74,60,80,41,95,1,1,62,24,1,1,0,0,1,0,1
4432851,329368,43,31,48,49,65,85,12,30,53,1,1,59,48,0,0,1,1,1,1,1
2850235,454871,77,16,23,99,15,92,5,73,73,0,1,25,87,1,0,0,1,1,1,1
4940039,100419,97,78,32,73,30,25,65,29,1,0,1,89,96,0,0,0,1,1,1,1
1940534,697894,33,78,18,81,47,33,7,42,99,1,0,21,7,1,0,0,0,0,1,1
4091839,911482,24,47,1,29,42,89,63,25,47,1,0,73,27,0,0,1,0,0,0,0
1504766,501712,3,62,54,71,3,8,95,11,5,0,1,86,82,1,0,0,1,0,1,0
2503554,961894,63,39,10,76,61,39,99,58,42,1,1,3,10,1,1,0,1,0,0,0
3598147,731989,89,83,98,94,47,74,8,68,16,1,1,15,54,0,0,1,1,1,1,1
4220120,847288,15,14,16,69,27,6,22,72,78,1,0,62,9,1,0,1,0,0,0,0
3146862,185324,9,98,41,53,15,29,70,10,35,1,0,41,58,0,1,1,0,1,0,0
2876517,322953,65,5,60,70,88,65,94,46,23,1,1,32,64,0,0,1,0,0,0,0
4507086,551547,34,93,2,84,76,29,20,22,60,0,0,12,4,0,1,1,1,1,0,0
827220,25655,82,62,85,50,68,67,0,80,28,1,0,45,79,0,0,1,0,1,0,1
643316,955509,5,7,34,27,29,57,45,42,77,0,0,12,83,0,0,1,0,0,0,0
3717741,954133,18,94,84,63,64,54,61,76,57,1,0,32,19,0,1,0,0,0,0,1
3656653,946114,58,31,88,84,68,13,1,80,65,1,1,13,91,0,1,1,0,0,0,1
675595,455400,52,44,65,20,13,76,74,86,85,1,0,7,4,0,0,0,1,1,1,1
1665744,26602,7,51,0,87,74,88,81,38,52,0,1,89,66,0,1,0,0,0,0,1
2088806,877377,77,78,6,26,33,76,43,72,69,0,1,85,29,0,0,1,0,1,1,1
3444424,671470,9,81,19,26,55,76,87,81,8,1,0,45,86,0,1,0,1,0,1,0
2348091,928577,66,12,42,76,28,36,82,54,75,0,1,0,33,1,1,0,0,0,0,0
4161676,892278,37,23,5,49,81,43,4,17,41,0,0,58,91,0,0,1,1,1,1,0
1960462,347962,28,39,54,28,78,5,92,93,38,0,0,59,0,0,1,0,1,0,1,0
2438673,932699,14,13,99,38,24,25,38,41,68,1,1,48,26,0,0,0,0,0,1,0
1823154,530825,86,91,20,56,93,13,65,25,39,0,1,79,62,1,0,0,0,0,0,1
4258848,415354,22,74,50,91,65,7,80,17,58,0,0,92,33,0,1,1,0,0,1,1
3680826,966832,81,69,45,36,39,23,44,84,43,0,1,60,94,0,1,1,1,0,0,1
1009178,785498,45,61,34,92,90,85,74,40,64,1,1,22,31,0,0,1,1,1,0,1
4977402,706562,82,88,99,63,14,38,12,41,73,0,0,4,70,1,1,0,1,1,1,1
4870817,176236,27,60,7,47,31,48,92,32,10,0,0,84,97,0,0,0,1,0,0,0
2762605,917977,25,0,67,21,19,84,31,42,90,1,1,49,45,1,1,1,0,0,1,1
921037,94743,9,88,15,99,52,62,42,13,86,1,1,35,67,0,1,1,0,1,0,1
3432244,452875,46,65,66,29,77,25,7,54,83,1,0,19,82,0,1,0,1,1,1,1
2999250,91155,3,31,70,27,90,9,73,57,4,0,0,42,56,1,1,0,0,1,0,0
1221469,972196,54,12,63,22,66,76,88,9,76,1,0,7,21,1,1,0,1,1,1,0
2581306,911630,65,32,1,96,48,57,58,27,73,1,0,89,28,1,0,0,0,0,1,1
3092371,947349,66,31,0,3,66,13,10,13,48,0,1,40,97,0,0,0,1,1,0,0
2012336,94846,6,55,57,2,76,72,27,82,50,1,0,24,97,1,1,1,1,1,1,0
4533848,763795,54,23,0,60,88,70,96,25,35,0,0,6,44,1,0,1,1,0,0,0
663001,297706,79,90,6,95,81,38,38,73,15,1,0,85,44,0,0,0,0,0,0,1
3380246,819468,30,3,87,3,0,30,25,16,6,1,0,60,66,0,0,0,0,0,0,0
2351061,721112,73,87,68,64,38,49,71,33,95,0,0,32,20,0,0,0,1,0,0,1
4150511,865665,18,22,84,11,60,15,25,13,88,0,0,68,20,1,0,1,1,1,1,0
3022136,612337,27,28,91,12,54,71,31,25,43,0,0,37,59,0,1,1,1,1,1,0
715693,244647,80,97,17,33,68,50,45,33,25,0,1,11,80,0,1,0,0,1,1,0
2836722,335825,27,20,87,58,1,14,27,82,35,1,0,43,28,1,1,0,1,1,1,0
439017,294962,18,29,31,92,93,88,6,23,52,1,0,52,32,0,0,0,0,1,0,1
614994,953048,86,89,44,72,16,37,34,94,91,0,1,13,38,0,0,1,0,0,0,1
1141768,853964,19,19,32,30,28,78,65,69,43,1,1,70,61,1,1,1,1,0,0,0
2040083,324849,12,15,73,70,3,88,21,19,11,0,1,91,89,1,1,1,0,1,1,1
1276941,549392,76,66,72,12,72,70,21,38,89,1,1,51,70,1,0,0,1,1,1,1
665982,391480,42,48,48,53,63,89,2,44,67,0,0,51,44,1,0,0,1,1,0,1
2738568,657192,10,57,32,1,84,71,45,33,22,0,1,45,57,1,0,1,0,0,0,0
473146,861035,47,43,96,32,42,81,49,21,87,0,1,79,72,0,0,1,0,1,0,1
1364795,631787,14,24,70,49,75,20,7,70,94,0,1,40,81,1,0,1,0,1,0,1
1589330,850457,16,22,67,6,11,15,3,32,29,1,0,1,0,1,0,1,0,1,0,0
2877747,756624,53,58,27,17,49,66,14,5,62,0,0,48,10,0,1,0,0,0,0,0
2609381,823749,49,0,86,50,67,64,43,15,2,0,0,94,85,1,1,0,0,0,1,0
4952820,429632,27,96,52,7,60,12,38,71,79,1,1,99,31,1,1,0,0,1,1,1
3770599,178084,82,14,95,54,91,63,75,22,33,1,0,77,73,0,1,0,1,1,0,1
3143295,529156,3,80,43,75,72,60,28,17,91,0,0,27,48,0,0,1,0,0,1,1
3483616,897017,21,97,79,42,50,31,72,13,48,1,0,31,90,0,0,0,1,0,1,0
277175,466261,85,80,54,58,95,11,61,49,43,1,1,91,75,0,1,1,0,0,1,1
2885747,681760,38,51,9,29,76,94,83,60,40,0,0,75,29,0,0,1,0,0,1,1
2278808,315414,33,57,13,58,97,40,33,35,47,0,0,76,59,0,1,0,1,1,0,0
1557453,208141,96,40,35,8,82,65,25,14,70,0,1,21,9,1,1,1,1,0,0,0
3211786,648703,43,43,33,91,77,7,84,4,7,1,0,41,75,0,1,1,1,0,1,0
295028,448049,41,3,87,67,4,58,86,52,6,1,1,28,20,0,1,0,1,0,0,0
1758242,199716,39,76,17,38,90,24,17,47,36,1,0,93,90,0,1,0,0,0,1,0
4885754,609494,96,67,15,80,27,4,62,78,54,0,1,78,5,0,0,0,0,0,0,1
4519453,336612,11,6,36,10,89,44,51,10,70,0,0,67,37,1,0,0,1,1,0,0
363834,195545,1,45,40,1,9,1,53,1,49,1,1,32,57,0,1,1,0,1,1,0
2567555,968313,27,8,24,22,87,41,87,86,81,0,1,45,7,1,1,0,0,0,0,0
1429787,436544,73,86,7,62,80,37,41,23,20,1,1,8,69,1,0,0,1,1,0,0
3212359,435000,85,32,87,21,51,2,92,81,33,1,1,37,62,0,1,0,1,0,0,1
1525569,28723,80,32,83,60,79,45,53,67,48,0,0,79,33,1,0,1,0,1,1,1
1616828,852078,89,83,93,25,16,21,51,78,26,0,1,25,48,0,0,0,1,1,1,1
2614165,726615,66,3,83,11,64,32,12,11,7,1,1,42,39,1,1,1,0,1,1,0
3408823,529362,70,64,17,31,20,31,31,58,33,0,0,52,85,1,0,1,1,1,0,0
3825654,784533,71,33,67,8,53,16,82,66,17,0,1,26,28,1,1,1,0,1,0,0
485711,293642,83,90,47,68,48,81,80,31,50,0,1,10,8,1,0,1,1,0,1,1
1323389,725882,75,84,99,89,21,55,65,35,11,0,1,25,20,0,0,1,1,0,1,1
775919,626169,98,87,69,70,68,2,81,20,85,0,0,77,31,1,1,0,1,1,1,1
3531106,418757,80,78,66,92,63,69,57,69,50,0,0,56,71,0,0,0,1,1,1,1
1052746,575217,91,98,17,32,35,48,38,65,62,1,0,0,54,1,1,1,0,1,0,1
622381,128199,9,63,17,23,20,54,26,8,39,0,0,10,42,0,1,1,0,0,0,0
1176433,236525,85,24,55,88,55,76,77,75,21,1,1,29,9,1,1,1,0,1,0,1
4854548,293172,56,54,22,94,72,30,53,43,7,1,1,87,48,0,1,0,0,1,0,1
2871252,34545,96,8,34,92,90,80,78,58,27,1,0,3,86,1,1,0,1,0,1,1
1720943,608857,85,16,5,68,47,20,71,23,49,0,1,85,83,0,0,1,0,0,1,0
601067,36673,36,20,25,37,75,15,72,62,46,1,0,71,12,0,0,1,1,0,1,0
660796,429190,76,59,84,10,17,16,84,77,55,0,1,79,85,1,0,1,0,0,0,1
1204001,457115,90,12,60,31,98,95,42,40,31,1,0,32,40,1,1,0,1,0,1,1
512023,421313,63,2,87,63,14,0,98,75,10,1,0,32,78,1,0,1,0,1,1,0
3405599,893943,78,67,14,71,43,71,51,90,20,1,0,73,30,1,0,1,1,0,1,1
4886166,360288,85,3,90,19,93,64,13,73,25,0,0,65,31,1,1,1,0,0,0,1
3377902,331968,93,91,31,33,44,65,90,1,13,1,1,3,44,0,1,0,1,0,1,0
955111,28525,39,6,11,41,96,36,7,94,78,1,0,86,12,0,1,1,1,0,1,1
2520715,587092,97,25,4,7,35,23,34,27,13,0,0,50,24,1,1,1,0,1,0,0
2434805,151115,59,74,63,65,39,90,17,15,75,1,1,26,84,1,0,1,0,1,0,1
4504459,571134,97,23,70,20,50,83,54,58,99,1,0,32,67,1,0,1,1,1,1,1
2099054,82261,47,9,85,78,29,61,77,0,2,1,0,96,14,1,0,0,0,0,1,1
3657550,762600,98,12,26,69,25,20,51,85,56,1,1,83,63,1,0,1,0,0,1,1
1750184,505827,18,43,78,4,84,36,71,0,6,1,1,76,84,0,0,1,1,1,0,0
4374482,972731,71,38,44,66,30,34,48,30,38,1,0,74,59,0,1,1,1,1,0,1
3473523,189100,32,18,34,42,55,37,7,21,56,0,1,82,7,0,0,0,1,1,1,0
288668,959887,43,50,25,15,60,52,36,97,64,1,0,31,94,1,1,1,0,0,0,1
3034837,820915,91,18,22,98,16,14,65,75,24,0,0,66,73,1,0,1,0,1,0,1
3819348,12265,36,75,12,72,80,41,80,58,30,0,1,76,84,1,1,1,1,0,0,1
2124914,814195,88,51,89,34,97,93,76,86,85,0,0,27,16,0,0,0,0,0,1,1
4210162,211724,35,85,2,82,23,3,77,27,9,0,1,85,4,1,0,0,0,0,0,0
4947395,20733,80,46,28,42,96,38,40,75,81,1,1,56,12,1,1,0,0,0,0,1
2970742,903628,87,29,65,97,3,78,72,26,76,1,1,18,20,1,1,0,1,1,1,1
2970374,620326,20,45,63,38,8,22,26,86,71,0,0,30,43,0,1,1,0,0,0,0
3782299,304564,1,75,27,9,1,14,19,0,8,0,0,83,75,0,1,1,0,0,1,0
3245915,669607,30,92,86,73,34,89,37,1,78,1,1,52,88,0,0,1,1,0,0,1
470914,946344,96,20,35,19,37,11,11,94,7,1,1,87,52,0,0,0,0,0,1,0
4309803,463365,29,74,5,0,44,81,41,65,96,1,1,31,27,0,1,0,1,1,0,1
562455,26058,75,47,10,5,14,69,85,48,98,0,1,8,65,0,0,0,0,1,0,0
4674017,251301,43,61,37,52,41,81,49,88,18,0,0,50,20,1,1,0,0,0,0,1
1234586,302073,11,57,33,45,2,53,30,18,29,0,0,82,85,1,0,0,1,1,0,0
1946688,167434,50,17,80,65,30,87,76,27,8,1,1,22,56,1,1,1,1,1,1,0
3300581,615777,48,58,66,37,51,37,64,69,82,0,0,24,54,0,1,0,1,0,0,1
2861637,613952,23,90,45,32,40,27,52,38,46,0,1,96,1,0,0,1,0,1,0,1
3872277,707716,23,47,97,66,56,78,39,18,45,1,1,45,93,0,0,0,0,0,0,1
2284504,82597,59,62,85,99,41,18,72,63,89,1,0,43,64,0,0,0,1,0,1,1
4357137,797473,10,11,28,76,52,68,38,57,0,1,1,65,76,1,1,1,1,1,0,0
2454736,83209,12,86,59,34,55,63,9,16,2,1,1,66,2,1,0,1,0,0,0,0
3221372,787397,90,33,53,78,86,3,28,69,33,1,0,27,58,0,0,1,0,1,0,1
2588229,984458,71,60,92,44,75,80,39,78,24,0,1,98,83,0,1,1,1,1,1,1
3321881,197941,73,86,68,21,71,9,29,85,29,0,1,77,62,0,0,0,0,0,0,1
2671378,681419,71,52,73,67,52,11,1,40,0,1,0,23,4,1,1,0,1,1,1,0
4030121,629152,63,24,73,16,84,68,81,97,17,0,0,55,65,0,0,0,0,1,0,1
3762944,967226,19,61,8,4,84,6,27,4,32,1,0,49,89,1,1,0,0,1,0,0
1553324,153620,71,3,84,84,31,43,46,22,8,0,0,2,92,1,1,0,0,0,1,0
3572455,413294,72,93,76,56,80,22,31,68,6,1,0,22,17,0,0,0,0,1,0,1
4468173,403635,70,93,9,87,53,1,87,9,29,1,1,33,8,0,0,0,0,1,1,0
1069807,171562,77,12,74,94,36,93,77,67,76,0,1,8,21,0,0,1,1,0,1,1
4596720,212158,27,41,67,39,87,36,88,11,80,1,0,81,27,1,1,0,1,1,1,1
4270028,644446,1,48,57,29,7,68,88,9,12,1,0,58,59,1,0,1,1,1,0,0
2864496,981264,42,77,94,41,81,19,31,59,12,1,0,65,11,1,1,1,1,1,0,1
3072176,952841,7,55,51,6,10,89,26,29,41,0,0,21,36,1,0,1,1,1,1,0
1569277,6468,12,46,33,70,53,43,53,23,73,0,0,34,81,1,1,0,1,1,0,0
949971,291453,84,7,34,90,59,69,95,68,77,1,1,30,97,1,0,1,0,0,1,1
2793659,988848,91,54,32,87,9,92,55,12,62,0,0,89,41,0,0,0,1,1,0,1
4366233,77255,34,87,71,18,89,73,30,99,68,0,0,77,53,0,0,1,0,0,1,1
4660276,787366,22,17,31,40,69,50,23,8,35,1,1,47,41,0,1,1,1,0,1,0
4275837,873331,45,34,54,33,80,79,34,17,34,0,0,52,66,1,1,1,1,0,0,0
1542057,558006,14,88,96,21,86,97,29,34,45,1,1,91,55,0,1,1,1,1,1,1
2433706,230409,1,80,7,51,41,30,96,94,44,1,0,74,45,0,1,0,0,1,1,1
685757,244967,60,31,45,90,36,99,54,87,55,1,1,31,4,0,0,1,0,0,0,1
2254376,698201,75,23,13,5,91,40,63,3,86,1,0,84,55,1,1,0,0,1,0,0
2479176,996052,63,6,97,73,79,57,32,40,4,0,0,86,22,0,0,1,1,1,0,1
1385111,743925,51,12,7,94,75,4,45,25,43,1,1,87,61,0,0,1,1,0,1,0
2592919,969164,35,90,70,24,57,32,90,43,27,0,1,11,12,1,1,0,0,0,0,0
1700948,373697,66,68,76,65,84,42,96,41,86,0,0,61,58,0,0,1,1,1,1,1
4307834,841713,68,99,53,9,58,18,32,9,41,0,1,2,87,0,0,1,1,0,0,0
2608630,380595,66,89,20,73,23,31,67,72,97,1,0,5,27,1,0,1,1,1,0,1
1794918,252113,46,41,95,25,27,86,63,0,30,1,1,11,80,0,0,0,1,0,0,0
4868170,792199,82,30,74,4,36,2,29,53,6,1,1,52,5,1,0,0,1,1,1,0
2902994,402111,1,73,13,85,20,0,78,15,6,1,0,19,60,1,1,0,0,1,0,0
2904716,587314,43,25,74,67,32,99,28,45,3,1,0,5,60,0,1,1,0,1,1,0
392512,909574,63,85,1,97,1,40,61,12,31,1,1,83,90,1,1,1,1,0,0,1
3914379,572256,80,75,97,70,82,91,91,63,27,1,0,13,44,0,0,0,1,1,0,1
4585724,700457,77,31,60,49,27,47,95,77,55,0,1,55,92,0,0,1,0,1,0,1
1749420,413548,27,90,16,16,14,38,99,86,3,0,0,40,11,0,1,0,1,1,0,0
2275915,150693,90,96,77,10,0,4,29,54,7,1,0,48,34,0,0,0,1,0,0,1
3548924,606158,53,51,88,52,27,76,11,62,13,1,1,64,61,0,1,1,1,0,0,1
3545647,547462,73,19,47,49,49,10,66,17,29,0,0,83,4,1,0,0,1,0,1,0
4100379,915789,66,39,90,7,34,21,14,60,2,1,1,85,65,1,0,1,1,0,1,0
4004409,890621,35,58,7,91,95,86,9,91,1,0,1,94,74,0,1,1,1,0,1,1
3164932,569790,62,76,55,96,27,63,85,19,9,0,0,30,67,1,0,0,0,1,1,1
847341,303818,24,13,16,61,8,11,60,64,69,1,0,27,85,0,0,0,0,0,1,0
1720982,566548,85,43,68,88,23,52,22,63,70,1,1,11,64,0,1,0,1,0,1,1
3529693,965002,47,85,11,84,62,54,10,75,15,0,1,15,79,0,1,1,0,0,0,1
4198422,727969,38,81,37,75,3,52,15,90,69,0,1,96,65,0,1,0,1,0,0,1
1401838,709824,46,47,17,89,55,20,48,63,79,1,1,34,40,1,1,1,0,1,0,1
2364563,601093,93,92,25,28,40,18,79,12,90,0,1,43,26,0,1,0,1,1,1,1
4679825,200991,20,42,94,98,66,68,13,67,75,1,0,67,75,0,1,0,0,0,1,1
3785681,788924,29,15,36,43,47,87,5,88,85,1,1,9,4,0,0,0,1,1,0,1
4608285,190541,91,34,69,44,85,93,41,69,78,1,1,97,4,0,0,0,0,1,1,1
2584291,22194,30,52,40,28,57,71,16,56,21,1,1,2,85,1,1,1,1,1,1,0
2295588,687171,25,33,78,87,38,65,94,44,34,0,1,30,12,0,0,1,1,1,0,1
2855982,863809,21,2,41,58,24,58,41,85,78,1,1,51,79,1,0,0,1,0,1,1
4404955,660152,20,67,89,14,59,48,9,37,86,1,1,94,89,1,1,0,0,1,1,1
3444967,523953,0,4,75,69,85,97,45,53,48,0,1,64,8,1,0,0,1,1,0,1
3185696,573011,36,9,40,95,46,58,83,35,1,0,1,4,47,1,0,0,1,1,0,0
637625,236408,76,51,46,43,97,22,48,66,65,0,1,4,31,0,0,0,1,0,0,0
3501106,473451,84,28,13,97,60,2,8,78,18,1,1,65,82,1,1,0,0,0,1,1
1572070,247113,45,95,0,35,83,55,78,10,68,0,0,14,35,1,0,0,1,0,1,0
2630721,81298,8,30,16,83,99,57,38,97,3,0,0,64,91,1,1,0,0,0,1,0
2793726,588526,16,65,96,56,26,87,1,26,91,1,0,20,14,1,1,0,0,1,1,1
4218280,264425,46,75,54,63,95,61,67,86,81,0,1,70,8,1,0,0,1,0,0,1
2742017,634721,84,90,92,75,41,17,51,16,40,0,1,10,15,0,0,1,1,1,0,1
4650252,515609,94,68,52,98,51,60,87,86,55,0,1,89,5,0,1,0,1,0,1,1
1770057,112092,58,36,30,37,92,36,81,97,54,0,1,41,71,1,1,0,1,0,0,1
1061069,269291,53,26,61,16,47,53,10,84,30,1,1,65,32,1,1,0,0,1,1,1
1056626,234991,85,86,7,26,31,94,36,32,21,1,0,93,95,0,0,0,0,1,0,1
2361352,305589,11,32,29,16,23,77,89,4,74,1,1,60,99,1,1,1,1,1,0,0
306022,714163,63,67,76,62,2,64,71,80,47,0,1,59,41,0,1,1,1,0,1,1
2999131,197180,5,58,79,10,26,13,21,61,79,0,1,13,58,1,1,1,0,0,1,0
3407796,635458,52,63,65,63,72,4,51,64,3,0,1,4,35,1,1,1,1,1,1,0
670529,924517,15,84,44,38,39,94,4,70,20,1,1,30,33,0,1,1,0,1,1,1
3183516,352761,89,87,17,1,22,94,1,66,40,0,1,47,1,1,0,1,0,0,1,1
361445,218482,4,43,98,65,6,93,4,89,44,1,0,31,12,1,0,1,0,1,0,1
4034242,844934,72,94,44,53,80,99,98,79,88,1,1,56,42,0,0,0,0,0,0,1
3482831,646404,45,87,18,28,36,61,31,79,83,0,0,33,73,1,1,0,0,0,0,1
4618909,829187,13,48,76,44,6,0,18,43,7,0,1,73,56,0,1,1,0,0,1,0
884029,669093,43,52,67,87,93,62,3,13,8,0,1,94,6,1,0,0,1,1,1,1
710370,800911,62,73,82,87,76,66,86,89,17,1,1,26,58,0,0,0,1,0,1,1
1952374,604649,93,48,49,79,81,19,45,90,30,0,0,81,58,1,0,1,1,0,0,1
4615276,681664,51,65,24,30,94,42,82,56,34,0,1,4,50,0,1,1,1,0,0,0
4199694,433910,25,94,37,48,21,84,25,47,29,0,0,16,2,0,1,0,1,0,1,1
3508505,129232,52,62,94,8,77,93,49,16,17,0,1,74,26,0,0,1,0,0,1,1
408944,897018,28,24,35,26,81,41,25,43,82,0,1,68,77,1,0,1,0,0,0,0
3025494,86171,18,3,67,55,98,93,70,3,40,1,1,55,53,1,1,0,0,0,1,0
1561303,381295,46,50,55,77,16,68,31,80,23,0,1,37,93,0,1,1,1,1,1,1
4401765,91296,7,10,38,44,18,73,96,96,85,1,0,53,63,1,1,1,0,0,0,1
3094100,145562,22,16,62,88,94,87,43,29,47,1,1,47,33,0,0,1,0,0,1,1
4866805,157324,34,65,6,42,38,38,25,84,13,0,0,84,22,1,0,0,1,0,1,0
1397162,503506,94,69,57,21,35,61,60,80,18,1,0,87,47,0,1,0,0,1,1,1
1246161,667222,52,72,79,98,14,47,87,74,59,1,1,93,54,1,0,1,1,1,1,1
4888482,246535,98,68,58,32,62,5,50,54,92,0,0,79,16,1,0,1,0,0,1,1
1979685,337103,95,83,47,26,28,73,58,29,21,1,0,48,78,1,1,0,1,0,0,1
2097501,408666,57,28,4,39,59,41,86,17,29,1,1,40,61,1,1,1,0,1,0,0
4954619,323166,4,84,86,25,55,57,37,83,14,1,0,21,60,1,0,0,1,0,1,0
873218,788258,15,72,35,82,39,42,25,97,20,1,0,56,60,1,1,0,1,0,1,1
4085250,853423,16,91,95,44,15,9,44,91,25,0,1,65,43,1,0,0,0,0,0,1
803291,176999,31,71,87,44,32,88,30,72,99,1,1,18,70,1,0,0,1,0,0,1
2861198,760737,95,94,24,25,88,77,69,43,11,0,0,1,2,0,1,0,1,0,1,0
2379431,316997,51,19,44,69,15,38,44,61,6,1,0,74,72,0,0,0,0,1,1,0
4409738,36826,19,26,91,66,29,12,30,30,74,1,0,32,66,0,0,0,0,0,0,0
919407,834311,65,7,18,5,97,74,60,15,83,0,0,72,98,1,1,0,0,0,1,0
2738143,717625,83,84,6,27,65,38,47,94,34,1,0,58,7,1,1,0,0,1,1,1
537913,601649,81,60,57,66,43,10,44,92,67,1,1,88,25,0,1,1,0,1,0,1
4115770,245028,0,27,80,12,37,15,59,76,1,0,0,5,14,0,1,1,0,1,1,0
528821,345134,57,86,65,62,50,32,60,22,19,0,0,10,4,0,0,0,1,0,0,0
2380707,356931,92,69,79,12,59,59,51,13,46,0,1,26,12,0,0,1,0,1,0,1
1901243,222256,92,2,38,76,17,95,51,1,83,0,1,71,78,0,0,1,0,1,1,1
4087008,45736,82,68,17,0,4,58,75,11,11,0,0,44,11,0,0,0,0,1,0,0
2012375,291674,43,72,0,39,39,73,80,57,52,0,1,30,98,0,0,0,1,0,1,0
3827447,214124,5,6,62,36,5,50,61,91,16,0,0,90,62,0,1,0,0,0,0,0
3815652,183130,49,59,2,30,75,14,25,95,17,0,1,62,7,0,1,1,1,0,1,0
268803,635368,71,3,20,16,11,79,66,55,23,1,1,43,73,0,1,0,0,0,0,0
1007744,472310,87,4,29,8,11,42,78,23,71,0,1,40,33,1,0,0,1,0,0,0
948736,341399,19,10,10,63,72,26,48,36,36,1,1,46,71,1,1,1,0,0,1,0
899539,665246,13,14,21,56,21,55,87,28,29,1,1,68,21,1,0,1,0,0,0,0
445404,393742,4,63,56,12,48,59,93,41,83,1,0,78,49,0,1,1,1,0,1,1
217297,229793,40,97,88,36,49,95,43,17,51,0,0,1,11,0,1,0,0,0,0,1
988443,647911,39,12,2,13,79,69,35,2,22,0,1,14,21,1,1,1,0,0,1,0
3855074,304531,33,6,29,74,3,46,52,76,36,1,1,94,90,1,1,0,1,1,0,1
3465962,681935,79,5,87,24,49,99,43,12,73,0,1,19,57,0,1,1,0,1,1,1
4962606,641548,44,55,44,94,2,7,90,28,96,0,1,2,81,1,0,1,1,0,0,0
3226394,437859,70,63,35,77,15,62,21,65,23,0,0,38,18,1,0,1,0,0,1,1
1427146,932604,79,49,86,56,13,88,1,58,99,0,1,73,4,1,0,1,0,0,0,1
3080304,458572,70,29,71,70,63,6,6,91,79,1,1,89,15,1,0,0,1,1,1,1
1533572,406072,26,21,63,87,40,80,15,47,49,0,0,9,40,1,0,1,0,0,1,1
4905907,436385,77,24,53,99,67,93,87,3,91,1,1,39,73,1,0,0,1,1,0,1
815863,951308,77,27,67,41,58,1,93,50,75,0,0,12,18,1,1,0,0,1,1,0
4901669,696150,43,83,49,41,1,16,43,4,19,1,1,84,64,1,1,0,1,0,0,0
3965056,298132,32,38,30,46,9,3,64,38,46,1,1,97,21,1,1,0,0,1,1,0
3525315,508195,32,66,28,43,74,25,90,40,17,0,0,43,16,0,0,0,1,0,1,0
1028791,343592,43,4,58,40,89,77,72,4,25,0,1,31,34,1,0,0,0,0,1,0
4020887,961010,19,64,35,2,25,71,70,7,70,1,0,72,38,0,0,1,0,1,1,0
3046274,380574,35,14,76,89,3,68,68,97,42,1,0,29,72,0,1,0,1,1,0,1
4595564,748264,6,89,72,89,89,4,60,55,46,0,0,0,54,0,1,1,1,1,1,0
576794,465522,31,66,84,0,27,4,29,24,84,0,0,52,4,1,1,1,0,1,1,0
4078450,934809,66,39,66,78,1,90,41,90,42,0,1,75,72,1,1,0,1,0,1,1
3233349,670329,38,97,88,10,65,68,90,51,31,0,1,43,10,1,1,1,1,1,1,1
1721466,279548,92,68,88,6,15,2,73,51,6,1,0,34,77,1,1,0,1,1,0,0
2680252,407205,23,94,75,11,56,37,24,6,86,0,0,87,39,1,0,1,1,0,1,1
982877,463521,85,76,92,37,22,93,81,60,83,0,0,39,87,1,0,0,0,1,0,1
4085180,434199,69,42,10,53,22,0,70,99,83,0,0,44,83,1,1,0,1,1,0,1
3810793,770644,87,0,10,66,76,7,56,95,31,1,0,59,96,1,1,1,0,0,1,0
3499973,175534,86,21,25,52,20,12,94,84,89,0,1,62,3,1,0,0,1,0,1,1
3280977,286504,53,61,52,89,24,83,31,46,99,1,1,9,79,0,1,0,0,1,1,1
2499899,877089,37,78,13,93,57,69,49,81,87,0,0,46,88,1,0,1,1,1,1,1
2172424,424503,73,25,63,31,36,49,74,65,64,1,1,23,57,1,1,0,0,0,1,1
1536092,201544,79,17,79,99,48,7,9,58,57,1,1,56,64,1,1,1,0,1,0,1
1050350,251512,74,47,9,44,76,29,21,4,52,0,0,17,87,0,1,0,0,1,1,0
3679027,769325,31,8,30,50,14,39,94,43,91,1,1,56,63,1,1,1,1,1,1,0
3405228,983817,44,0,94,36,27,78,40,41,89,1,0,71,66,1,0,0,1,1,1,1
367647,39160,60,8,35,58,66,73,46,60,33,0,0,45,95,0,0,1,1,1,0,0
2533679,273933,69,22,9,53,86,32,13,62,89,1,1,42,33,1,1,0,1,1,1,1
635477,163253,87,44,25,17,3,72,2,49,99,0,1,76,88,0,0,0,0,1,0,1
1883523,674745,96,1,19,0,46,51,87,37,68,0,0,15,57,0,1,0,1,1,0,0
4396656,874029,52,13,43,20,49,32,77,91,55,0,1,13,66,1,0,1,0,0,0,0
4527308,70641,50,37,61,27,59,72,52,94,65,1,0,8,6,1,0,0,1,1,0,1
3160033,835679,75,39,72,15,61,77,15,53,31,1,0,72,34,0,1,0,0,0,0,1
1781420,615961,55,62,78,47,66,95,60,43,97,1,0,68,28,1,0,1,0,0,0,1
986261,236322,26,81,8,27,71,36,27,23,49,1,0,60,24,0,1,1,0,1,1,0
3694708,272688,37,15,70,21,42,69,34,62,93,0,0,10,27,1,0,0,1,1,1,1
3028630,776143,61,92,89,82,88,68,1,96,23,1,0,18,87,0,1,1,0,0,0,1
4444402,411491,17,74,23,0,57,3,60,38,91,0,0,63,68,1,0,0,0,1,1,0
3279042,765649,63,5,11,94,51,59,55,11,45,1,1,37,26,0,1,1,1,0,1,0
2962081,592536,76,2,59,41,75,79,97,62,2,1,1,9,73,0,0,1,1,0,1,0
326060,301694,29,13,83,97,68,73,54,8,9,1,0,15,75,0,1,1,0,1,0,0
4524848,845125,48,65,77,69,96,30,17,78,5,0,1,92,81,1,1,0,1,1,1,1
2996461,920356,40,95,85,91,45,94,70,86,97,0,1,68,7,0,0,0,0,0,0,1
3277099,417857,12,94,15,2,24,13,48,21,94,0,0,81,37,1,0,0,1,1,0,0
3044180,207821,33,74,28,94,24,76,41,35,51,0,0,41,93,1,0,0,0,1,1,1
2821578,785237,99,85,31,79,34,59,6,73,49,1,1,43,8,0,1,1,1,0,0,1
4787878,871453,93,66,82,80,60,67,3,27,57,1,0,52,42,0,1,0,0,1,1,1
1872795,282749,24,30,34,43,14,25,42,55,51,1,1,34,24,1,0,0,1,1,1,0
4293886,501389,65,32,42,26,89,23,79,98,12,1,0,35,93,0,0,0,1,0,1,0
2454103,55713,99,87,95,50,73,55,58,28,58,0,0,21,65,0,0,1,1,1,0,1
3139362,418606,17,0,52,23,87,8,48,4,38,0,0,23,16,1,1,1,1,1,0,0
762060,342547,4,43,19,19,34,34,59,3,52,0,0,75,6,0,0,0,1,0,1,0
1706145,849898,18,14,83,31,28,78,5,50,57,1,1,11,21,1,1,1,1,1,0,0
2848202,533269,41,36,7,98,37,23,19,14,19,1,0,34,9,0,1,1,0,1,1,0
1392931,931997,17,26,98,12,68,30,30,93,62,1,0,49,89,0,1,1,0,0,1,1
1071522,993722,31,47,41,42,23,82,82,59,95,1,0,82,12,1,1,1,0,0,1,1
1742247,993822,20,26,76,19,18,65,21,25,9,1,1,77,41,0,1,1,0,1,0,0
4572216,907063,9,11,69,1,45,65,84,22,25,1,1,86,27,1,1,0,0,1,1,0
2381906,386382,36,66,15,67,48,40,81,28,18,1,0,39,99,0,1,1,0,1,0,0
802276,100335,48,29,68,90,43,35,31,85,92,0,0,21,58,0,1,1,0,0,1,1
1700134,112441,85,95,52,59,72,33,46,98,60,0,0,46,10,1,1,1,1,1,1,1
2804884,21984,12,86,44,88,25,38,33,56,76,1,0,74,8,1,0,0,0,1,1,1
1905243,654868,54,65,50,3,24,82,26,61,33,1,1,65,79,1,0,1,1,0,1,1
4474692,902748,16,6,97,95,34,22,43,58,83,1,1,9,80,1,1,1,1,1,1,1
4222928,420976,8,33,5,16,35,79,29,47,43,1,0,42,54,1,0,1,1,0,1,0
439779,661884,87,31,32,0,13,43,32,81,17,0,0,68,4,0,0,1,0,0,1,0
3175605,647742,43,38,78,32,55,69,26,34,97,0,1,93,68,1,0,0,1,1,0,1
988140,54402,77,95,14,29,5,57,55,45,71,1,0,84,37,1,1,0,1,0,1,1
3758539,96656,45,42,13,4,31,58,22,32,15,0,0,96,94,1,1,0,1,0,1,0
3946037,70614,7,42,38,11,25,25,42,70,86,0,1,24,65,1,0,0,0,0,1,0
2323238,171963,36,77,62,31,14,21,82,97,95,1,0,46,90,1,1,1,0,0,1,1
4926276,358153,18,2,4,37,48,87,53,9,76,0,1,6,82,1,1,0,1,0,1,0
4788727,438048,62,45,89,16,94,39,94,87,25,1,0,27,63,1,1,0,1,1,1,1
1818963,312980,91,31,80,57,55,84,67,88,64,1,0,79,24,0,1,0,1,0,1,1
790381,996457,45,42,51,39,36,93,52,47,65,1,1,44,51,1,0,1,1,0,1,1
3132235,935866,93,99,15,95,52,10,82,43,76,1,1,66,37,0,0,0,0,1,0,1
3883909,989249,70,80,98,23,57,8,39,90,26,0,1,82,76,0,0,1,1,0,1,1
1739600,960425,25,2,37,11,82,11,59,69,3,1,1,11,92,0,0,1,1,1,0,0
2427503,992938,45,73,52,94,77,25,85,62,50,1,1,82,18,0,1,1,1,0,0,1
4432939,788077,45,62,86,18,35,37,8,48,83,0,1,10,98,1,1,0,0,1,0,1
3270771,941066,74,39,76,28,10,2,94,71,2,1,0,2,24,1,1,0,1,1,0,0
1343647,987014,13,17,96,84,26,96,9,84,86,0,0,60,47,0,1,0,0,1,1,1
3811646,660337,84,66,92,89,1,14,9,40,65,0,1,65,72,1,1,0,0,1,1,1
1616953,867839,62,61,52,51,21,46,29,82,15,1,0,55,60,0,1,1,1,0,0,1
2894245,799042,71,9,45,91,65,4,9,97,73,1,0,25,34,0,1,0,1,0,1,1
4322186,638669,2,51,97,16,83,53,57,38,27,0,1,85,50,0,1,0,0,0,0,0
621280,491134,27,72,97,72,16,23,35,22,43,0,0,80,14,0,1,0,1,0,0,1
1109245,20791,28,45,90,20,3,10,81,12,17,1,1,33,85,0,1,1,1,1,0,0
541207,63047,86,54,14,59,13,32,43,52,1,1,1,54,76,1,0,1,0,0,0,0
1430746,499064,17,45,58,97,6,86,56,91,77,1,1,78,48,1,0,1,0,1,0,1
3489791,239898,34,74,49,74,78,73,42,69,43,1,1,75,29,1,1,1,0,0,1,1
792632,466122,76,59,8,19,93,56,82,56,19,1,1,15,20,1,1,0,0,1,0,0
4237106,680025,75,96,25,52,15,51,22,75,55,1,1,79,88,1,1,1,1,0,1,1
4955185,75246,46,99,2,79,65,63,3,66,22,1,1,38,88,0,0,1,1,0,0,1
4954896,201936,4,25,99,62,18,42,11,47,59,1,1,5,85,1,1,0,1,0,0,0
1672178,968955,74,26,46,56,0,91,48,19,70,0,0,71,40,0,0,0,0,0,0,1
1362189,239955,58,37,4,28,30,80,23,61,44,0,1,51,2,1,1,0,1,0,1,0
4070426,353292,74,21,61,0,3,43,12,44,46,0,0,24,72,0,0,1,0,0,1,0
614299,575178,58,25,83,81,90,89,67,62,77,0,1,55,23,0,1,1,1,0,1,1
2581486,405010,46,85,83,58,57,88,90,7,36,1,0,82,95,0,0,0,0,1,0,1
3876158,562176,94,68,4,63,55,35,71,25,7,1,1,18,16,0,1,1,0,0,1,0
4361900,142821,94,34,9,85,52,11,89,37,4,1,1,75,87,0,0,0,0,1,0,0
325438,575819,12,65,79,71,88,55,33,91,22,0,0,72,7,0,1,0,1,1,1,1
3970183,907084,77,98,62,70,85,2,8,98,9,0,0,92,5,1,1,1,0,1,0,1
2117043,812040,88,72,24,88,42,49,9,40,26,1,1,26,8,1,1,0,0,1,1,1
2399391,348130,32,50,43,93,73,28,64,1,98,0,1,4,14,0,0,0,0,0,0,0
835719,991715,96,17,24,97,96,87,71,6,0,1,0,25,63,0,0,1,1,1,1,0
3001445,351140,61,42,29,43,48,82,73,24,70,1,1,29,87,1,0,1,0,1,0,1
1008258,585305,78,11,13,47,59,76,53,50,7,0,0,77,49,0,0,1,1,1,0,0
4724474,502163,15,2,85,74,93,15,42,49,10,0,1,96,10,1,1,1,0,1,1,0
3064140,62676,43,81,42,14,93,39,58,95,97,1,1,34,94,0,1,0,0,0,1,1
3764462,540848,57,6,27,34,15,26,88,63,27,0,0,74,45,1,1,1,1,0,1,0
381948,452617,5,96,93,22,72,69,94,11,33,1,1,52,44,0,0,1,1,0,1,1
2782814,55468,88,5,18,52,80,41,58,52,42,1,1,67,76,1,1,0,0,1,0,0
3969457,692823,14,81,41,44,98,56,66,74,83,1,1,32,93,1,0,0,1,1,0,1
1406751,954167,3,44,19,84,59,9,60,9,27,1,0,69,58,1,0,0,1,0,1,0
1153692,991210,55,85,98,91,46,37,37,60,48,0,1,27,24,0,0,0,0,0,0,1
417770,456989,63,38,85,12,14,7,98,54,60,1,0,73,11,1,1,1,1,1,1,1
4299906,824555,67,50,78,33,62,17,7,98,36,0,0,35,84,1,0,1,0,1,1,1
2637245,623634,93,8,10,37,27,95,64,67,2,1,0,48,87,0,0,1,1,1,0,0
2902882,670078,33,98,53,69,19,16,4,41,8,0,0,89,25,0,0,0,1,1,1,1
1990008,722997,90,22,97,67,96,57,90,65,85,1,1,93,75,0,0,0,1,0,1,1
2026525,791460,94,11,23,4,62,65,89,43,88,1,0,85,36,1,0,0,1,1,0,1
4713070,984874,55,87,69,39,32,43,42,27,1,0,0,52,84,0,1,0,1,0,1,0
1538530,52599,31,61,16,69,35,83,59,77,22,1,1,68,22,1,0,0,1,0,0,1
4666951,153469,8,72,27,20,12,73,25,57,50,1,1,1,64,1,0,1,0,0,1,0
2381913,245270,62,76,49,27,61,8,10,92,16,1,0,96,44,1,0,1,0,1,0,1
1678768,50406,71,39,94,2,67,47,33,1,24,1,0,79,73,1,0,0,1,0,1,0
1765213,839089,77,53,99,22,22,38,1,54,75,0,1,70,34,1,1,0,1,1,0,1
2963398,72560,32,80,54,71,71,88,20,33,26,0,1,63,47,0,0,1,1,1,1,1
888152,521394,86,6,72,18,12,88,25,96,19,1,1,20,27,0,1,1,1,1,0,1
602980,633431,20,16,9,74,87,87,75,19,72,1,0,34,0,0,0,1,1,0,1,0
1238336,525112,54,49,20,49,39,5,72,46,86,1,0,45,71,0,0,0,0,0,1,0
3078350,149575,75,23,57,73,29,29,86,93,35,0,0,85,40,0,0,0,1,0,1,1
1368932,59943,56,1,33,57,93,73,4,25,27,1,1,47,22,0,1,0,0,1,0,0
1649087,80839,1,98,94,91,24,94,8,83,28,0,0,21,83,0,1,1,0,0,0,1
2731528,611962,12,91,92,19,96,17,49,0,41,0,0,5,31,1,0,1,1,0,0,0
2308542,554633,3,82,42,91,72,42,9,64,57,0,1,32,86,1,1,1,0,1,1,1
1137635,254495,83,32,10,92,25,32,57,88,31,0,0,38,6,1,1,0,0,0,1,1
3702626,55390,49,20,32,71,23,52,9,96,11,1,1,42,74,1,1,1,0,0,0,0
1586689,755401,47,73,57,82,96,55,77,86,29,1,1,24,54,1,0,0,0,0,0,1
4016126,326701,77,52,45,52,38,18,35,74,59,0,1,17,71,0,1,0,1,1,0,1
3266983,987558,29,45,60,84,88,86,73,14,10,0,1,40,42,0,1,0,1,0,0,0
3046230,6906,28,44,61,81,78,68,55,13,83,1,0,34,13,0,1,0,0,1,1,1
2318433,962671,7,8,0,8,60,25,61,54,10,1,0,23,13,1,1,1,1,1,0,0
4656397,537249,11,5,20,3,48,28,36,0,79,1,1,54,99,0,1,0,1,0,1,0
3878621,162212,40,50,61,40,40,23,40,32,98,1,0,39,40,1,1,1,0,0,1,1
4756766,910721,25,34,63,24,69,5,47,69,49,0,0,86,90,1,0,0,1,0,0,0
1497991,194773,49,81,86,33,19,53,21,55,0,1,1,96,83,0,0,1,1,0,0,1
3931404,344711,1,52,72,72,43,38,86,22,88,0,0,28,88,1,1,1,0,0,1,0
2014188,347808,54,18,55,8,15,3,79,53,26,1,1,9,92,1,1,0,1,1,0,0
2307359,86199,55,68,0,81,20,57,60,89,31,0,0,78,13,0,0,0,1,0,0,1
418401,790216,13,24,20,74,14,47,74,2,5,1,0,9,27,0,1,0,1,1,0,0
1185132,104764,5,10,21,12,38,59,98,45,40,1,1,89,29,0,0,1,0,0,1,0
359292,127357,94,73,53,8,41,25,47,5,35,1,1,63,78,0,1,1,1,0,0,0
4891066,347873,80,16,3,79,60,78,63,24,38,1,1,28,53,1,0,0,1,0,1,0
3367759,426777,88,35,64,3,3,76,83,16,86,0,0,97,58,0,0,0,1,1,0,1
663937,317712,60,89,50,33,23,39,36,27,92,1,0,17,84,0,1,1,1,0,1,1
3164391,900781,95,94,73,6,2,85,40,31,29,1,0,1,11,0,1,0,0,0,1,1
2881206,864734,11,95,62,14,0,76,4,92,85,0,1,24,74,0,1,0,0,1,0,1
1392097,624256,12,20,14,37,93,55,99,22,56,0,0,84,38,1,0,0,0,0,0,0
387771,165576,18,17,35,74,12,38,76,15,10,0,1,50,69,1,0,0,0,1,0,0
437199,907548,43,59,28,95,53,80,51,95,89,0,1,94,66,1,0,1,0,0,0,1
3057281,828578,88,17,51,90,81,99,16,25,86,1,1,21,14,0,0,1,0,0,0,1
2932481,569585,94,0,45,93,39,38,89,32,2,1,0,8,97,0,0,0,0,0,1,0
2474316,615682,58,13,68,51,10,47,61,57,47,1,1,90,3,1,1,0,1,1,1,1
3802615,918605,36,7,28,80,41,24,51,47,5,1,0,88,97,1,0,1,0,0,1,0
1783214,917374,24,65,46,99,92,33,19,82,6,0,1,88,43,0,0,0,0,1,0,1
951518,466823,15,50,90,82,3,20,96,54,43,1,1,90,38,1,1,0,1,0,1,1
713313,21939,37,78,24,6,24,24,93,40,60,0,0,73,69,0,1,1,0,1,1,0
4131586,448931,42,59,79,44,99,88,15,61,53,1,1,93,85,0,0,1,0,1,0,1
3414215,311604,86,33,15,58,35,21,6,16,50,0,0,3,36,1,0,1,1,0,0,0
3660989,989080,13,35,99,20,63,22,93,58,85,0,1,20,57,1,1,1,1,0,0,0
2532214,204294,5,61,88,27,43,24,65,13,47,0,0,29,31,0,1,1,1,0,0,0
2530229,935170,88,0,40,2,39,77,11,81,60,0,1,32,27,0,0,1,0,0,0,1
2063462,67119,22,84,64,13,91,77,42,20,96,0,1,42,89,1,0,1,1,0,0,1
854224,695681,59,41,68,1,44,25,39,62,39,0,1,89,3,1,1,0,0,1,1,1
2450397,924283,11,0,19,28,7,29,0,45,2,0,0,1,9,1,1,0,1,1,0,0
2199284,149258,12,95,68,17,84,89,57,54,29,0,1,86,26,0,1,1,1,1,1,1
2201676,414675,99,83,35,36,34,37,2,61,23,1,1,30,83,1,0,0,0,1,1,1
1884532,223827,97,53,92,44,43,85,7,38,66,0,0,3,35,1,0,1,1,0,1,1
654418,272201,5,46,97,44,17,33,89,41,1,1,0,46,4,1,0,1,0,1,1,0
1672542,983167,62,99,57,23,46,88,74,47,43,0,0,83,80,0,1,1,1,1,1,1
4673014,154805,37,38,47,45,24,99,60,27,39,1,0,88,49,0,0,0,0,0,0,1
762621,810589,49,29,81,11,40,76,84,83,18,1,1,44,31,0,0,1,0,1,0,1
3729801,826462,51,6,1,52,4,92,4,5,62,0,1,64,98,0,1,1,1,1,1,0
1798099,155685,39,21,79,44,63,72,25,58,23,1,1,65,22,0,0,0,0,0,0,1
4394463,637900,7,49,28,31,61,14,84,89,49,1,1,5,76,1,0,1,1,1,0,0
4013233,382224,60,44,96,17,71,94,72,69,19,1,1,6,60,0,1,0,0,1,0,1
1411569,874460,7,73,15,12,86,43,16,38,56,0,0,50,0,1,1,0,0,1,1,0
4761307,484498,96,71,34,3,2,90,65,56,49,0,1,67,30,0,1,1,1,0,1,1
1395885,141260,33,90,61,22,36,94,50,53,94,0,0,17,18,0,0,1,1,0,0,1
1356083,243178,78,9,80,61,94,9,46,59,57,0,1,40,86,0,0,0,1,0,1,1
2174324,264418,99,13,3,53,92,36,39,89,30,1,1,68,53,1,0,1,1,1,1,1
4098190,34680,59,45,67,73,40,6,91,16,36,1,0,24,33,0,0,1,0,1,0,0
3588445,239433,56,74,50,54,19,31,26,39,92,1,0,55,3,1,1,1,0,1,0,1
2942974,982623,98,5,88,68,66,10,39,65,3,1,1,0,47,1,0,0,1,0,0,0
3692099,369446,45,20,32,39,86,47,0,84,57,0,1,97,47,0,1,1,0,1,0,1
1479180,472616,21,61,77,13,39,91,45,53,9,0,1,54,48,1,0,1,1,0,1,1
3533178,453934,86,96,23,97,84,67,10,70,62,0,0,2,59,1,1,1,0,0,0,1
4731211,565733,39,18,74,27,76,47,38,43,35,0,1,53,43,0,1,0,1,0,1,0
2784182,535084,44,87,24,71,7,44,17,83,54,1,0,80,33,1,0,1,0,1,0,1
2008286,838650,54,81,27,79,4,94,90,66,98,1,0,31,93,0,0,0,0,0,0,1
4799757,699491,50,98,6,94,24,92,46,56,56,1,0,87,55,0,1,0,0,1,1,1
4563089,406339,85,61,35,70,38,32,73,35,84,0,0,1,73,1,1,0,1,1,0,1
2997921,668582,4,82,9,66,36,3,99,56,42,1,0,64,5,1,0,0,0,1,0,0
4574142,815506,94,52,35,28,4,46,20,42,64,1,0,97,75,1,1,0,1,1,0,1
469160,907520,12,23,94,99,7,89,27,43,11,1,0,7,75,1,0,0,0,1,0,1
2769931,428041,27,55,82,60,3,52,0,61,61,1,1,57,81,0,0,0,0,1,0,1
641904,828271,83,61,17,67,40,30,13,82,23,1,0,52,35,0,0,0,0,1,0,1
778526,898544,96,33,5,8,59,30,19,60,1,1,0,43,34,1,0,0,0,0,0,0
1037393,918946,79,21,91,16,53,26,72,93,46,0,1,72,24,0,1,1,1,0,1,1
3545503,597610,61,67,6,48,21,88,44,10,55,1,1,27,48,1,1,0,1,0,0,0
1014422,847753,92,56,11,62,77,47,60,76,83,0,0,18,54,0,1,0,0,1,1,1
934983,759534,86,9,40,83,18,35,26,32,15,0,1,55,40,1,1,1,1,0,0,0
2463429,639388,23,65,62,77,76,48,55,65,33,0,1,19,56,1,1,1,1,0,1,1
3335812,528321,97,7,97,45,98,30,51,22,76,1,0,70,21,1,1,0,0,0,1,1
4475115,424204,6,96,24,92,67,43,67,48,17,1,1,55,93,1,0,1,0,1,1,1
3076280,826939,37,37,80,12,32,58,36,19,28,0,0,34,43,0,0,1,0,0,0,0
3138687,104244,36,61,52,99,21,22,81,93,53,1,1,18,28,0,1,0,0,0,0,1
1616842,496860,67,27,32,44,64,98,30,14,50,1,0,80,70,1,0,0,1,1,1,1
2531256,392932,97,9,86,52,10,67,48,65,13,1,1,62,47,1,0,0,0,1,1,1
3889024,362395,41,44,72,16,15,91,52,29,93,0,0,81,2,0,1,0,0,1,0,1
4596650,815238,85,64,5,46,67,41,38,88,57,1,0,6,84,1,0,0,1,0,1,1
3902418,135364,4,97,61,61,92,41,9,3,34,1,0,26,44,0,0,0,0,1,1,0
2481608,828333,63,66,65,49,43,12,8,63,8,0,0,38,19,1,0,0,0,0,0,0
4130010,415259,49,8,8,42,87,0,91,64,36,0,1,29,72,1,0,0,1,1,1,0
3841771,473977,86,4,66,67,8,75,91,7,11,1,0,22,35,0,0,0,1,1,1,0
4279441,407968,14,9,15,83,71,52,12,51,84,1,1,83,59,0,0,1,0,0,1,1
1160652,205065,94,11,88,74,77,39,17,13,81,0,1,22,77,0,1,1,1,0,1,1
2388370,702976,72,81,87,85,78,89,11,57,10,0,0,89,17,0,0,1,0,1,0,1
1748485,57127,52,57,92,71,61,45,71,10,26,0,0,46,96,1,1,1,1,1,0,1
1767343,997281,24,20,54,27,85,86,86,58,87,1,1,77,65,1,0,1,1,0,1,1
3525495,791885,88,20,39,44,14,21,4,23,42,1,1,47,30,0,0,0,0,0,0,0
3585744,866864,84,64,25,40,5,51,6,87,49,1,0,94,85,0,1,0,0,1,1,1
955612,914304,8,2,37,93,0,27,14,31,97,1,0,90,8,1,0,0,0,0,0,1
4194528,616650,37,68,34,96,19,52,66,88,19,1,0,62,19,1,1,0,0,0,0,1
2276475,278120,21,88,86,96,35,62,17,45,12,1,0,8,19,1,0,1,1,0,0,1
2341912,643464,86,63,67,35,1,16,37,27,46,0,1,22,46,0,1,0,0,0,0,0
3344311,104122,48,48,58,90,69,63,25,15,7,1,0,62,0,0,1,0,0,0,0,1
485622,337548,67,71,13,83,1,5,37,41,68,1,0,73,93,1,0,1,0,0,0,1
2162889,349076,92,16,46,32,2,13,58,15,70,0,1,46,82,0,0,0,1,0,1,0
2106862,626458,14,72,70,24,6,16,51,99,63,0,0,86,99,1,1,1,0,1,0,1
4226390,344851,64,31,71,18,83,37,32,11,43,0,1,73,13,1,1,0,1,1,1,0
1596436,487863,53,69,41,46,63,68,20,75,11,0,0,65,0,0,0,1,0,0,1,1
867540,956192,29,20,50,84,40,12,16,61,3,0,0,36,68,1,0,1,1,0,0,0
2395690,222912,92,6,18,32,53,52,61,33,39,0,0,37,9,0,0,0,1,0,1,0
1788236,777466,19,6,65,66,40,8,58,37,18,0,1,0,72,1,1,0,1,0,1,0
4905815,240851,32,26,46,13,4,43,1,83,53,0,0,47,48,1,0,0,1,0,0,0
3182410,360933,99,7,64,78,88,25,63,46,0,0,1,81,13,0,1,0,1,0,0,1
1604355,625804,85,72,41,32,81,76,24,78,12,1,0,34,59,1,1,0,0,1,0,1
2875480,924521,76,27,37,41,62,18,40,21,49,1,0,70,81,1,0,1,1,0,1,0
3624083,537245,6,78,12,85,0,47,18,79,52,1,0,85,41,1,1,1,1,0,1,1
2664722,512750,7,65,43,64,24,80,37,87,41,0,1,52,58,1,1,1,1,0,1,1
3101092,112724,27,70,23,94,80,79,24,2,24,1,0,24,24,1,1,1,0,0,0,0
2450229,403008,44,46,95,46,45,29,38,0,43,0,0,41,35,1,0,0,0,0,1,0
1722534,978486,72,81,29,34,14,31,3,52,97,0,0,22,94,1,1,1,1,0,1,1
1922907,280381,88,85,69,83,68,77,2,63,98,0,1,8,34,0,0,0,0,0,0,1
2715967,843018,79,9,37,31,16,78,33,43,60,0,1,26,90,1,0,1,0,0,1,0
4875112,810684,73,32,96,54,20,75,9,46,80,1,0,74,85,0,1,0,0,0,1,1
3070574,408923,10,6,22,53,52,74,26,37,89,1,1,50,10,1,0,0,0,1,0,0
3088939,694566,30,2,73,75,54,68,89,62,20,0,1,90,9,0,0,0,0,0,1,1
4186280,532831,11,13,56,50,86,10,90,80,50,1,0,91,7,1,0,0,0,1,1,0
2244940,704495,94,43,78,79,9,97,0,40,75,1,1,56,91,0,0,1,0,0,0,1
2299409,252541,77,45,22,58,80,82,43,20,79,0,1,81,22,1,0,1,1,0,0,1
3372382,633935,50,60,35,71,56,25,83,44,51,1,1,35,5,0,1,1,0,1,0,0
4081857,564319,43,35,56,13,64,25,51,12,62,1,1,33,77,1,0,1,1,1,0,0
4737871,179001,95,12,0,17,36,16,24,65,83,1,0,12,87,1,0,1,1,1,0,0
491464,332891,49,15,71,54,6,94,73,65,53,0,1,54,63,1,0,1,0,0,0,1
4939400,456067,16,79,2,93,75,82,64,42,9,1,0,45,72,1,1,0,0,0,1,0
2873829,322455,34,4,13,96,39,43,79,61,86,1,0,51,45,1,0,1,0,0,0,1
318581,510329,0,88,80,97,49,83,10,88,93,0,0,93,37,1,0,0,0,0,0,1
4052256,765691,28,37,33,55,0,22,67,91,58,1,0,27,24,1,1,0,1,1,1,0
538540,70867,50,49,69,48,19,24,98,47,7,1,1,85,93,0,0,0,0,1,1,1
701590,93780,63,37,68,97,30,91,76,25,50,0,1,87,85,0,1,1,1,1,1,1
1618412,62196,3,55,50,59,67,36,84,98,4,0,0,29,1,1,0,0,0,1,1,0
3560492,602993,86,62,28,52,89,75,14,91,75,1,1,44,88,0,0,1,0,0,0,1
1830369,849326,27,47,98,70,11,64,56,60,41,0,1,37,23,0,0,1,1,0,1,1
1072328,879072,15,89,81,5,21,1,73,61,77,1,0,19,66,1,1,1,1,1,0,0
3310691,505653,62,58,47,69,0,73,63,96,11,0,0,69,89,0,1,0,1,1,1,1
1558097,281735,75,76,93,85,0,97,10,81,23,0,0,96,93,1,1,0,0,1,0,1
3500354,626535,52,43,78,7,2,31,95,13,44,0,1,46,92,1,0,1,1,1,0,0
1494315,709253,84,89,78,14,75,88,96,53,52,1,0,58,70,1,1,1,1,1,0,1
2775508,5727,16,54,15,25,20,73,19,40,52,1,0,78,60,0,1,0,1,0,0,0
2576219,943863,39,54,56,38,12,54,99,59,16,0,1,78,8,1,1,1,0,0,0,1
1558311,48822,12,0,96,2,60,49,29,8,64,0,0,95,44,0,0,1,1,0,0,0
4710784,370543,51,7,9,56,12,64,9,43,57,1,1,13,93,1,1,0,1,0,0,0
1489467,117113,57,3,18,9,81,31,53,55,36,0,1,41,15,1,1,1,0,1,0,0
364074,224606,95,84,66,2,32,36,57,93,74,0,0,60,13,0,1,1,1,1,0,1
2770466,397575,36,85,35,93,5,75,78,2,41,0,0,58,25,1,1,1,1,0,1,1
3855180,933433,78,52,3,45,24,81,28,97,69,1,0,7,45,1,0,1,1,1,0,1
4683120,395732,75,57,74,21,22,93,0,96,78,1,0,99,57,1,1,1,1,0,0,1
990645,589379,60,36,32,66,87,12,57,90,39,0,1,56,73,0,1,1,0,1,1,1
3487093,478594,78,48,27,64,25,53,20,58,22,0,0,21,29,1,0,1,1,0,0,0
1217481,159591,33,66,95,96,3,2,14,72,22,1,0,83,85,0,1,0,0,1,1,1
3794804,415609,69,18,79,18,34,84,66,12,48,1,1,87,55,1,1,0,1,1,1,1
262507,956822,16,0,8,99,74,41,32,29,75,0,0,20,93,0,0,1,0,0,0,0
1305710,210603,19,28,74,61,99,77,37,52,6,0,0,27,31,0,0,0,0,1,0,0
2538377,885624,72,86,5,97,24,39,18,79,36,0,1,48,77,1,1,1,0,0,0,1
4587373,184006,58,32,48,56,19,73,3,50,15,1,0,22,22,0,0,1,0,0,0,0
1006564,377949,68,51,90,94,0,65,75,41,37,0,1,87,16,1,1,0,1,1,0,1
4118949,164912,86,40,75,87,93,59,88,25,98,1,0,53,99,1,0,0,0,0,1,1
1809473,909521,32,22,21,75,67,10,97,58,39,0,0,22,92,1,1,1,0,1,1,0
1911952,618655,77,4,47,12,22,0,80,68,28,0,1,67,23,0,0,0,1,1,0,0
937954,18265,16,70,20,15,98,25,57,90,16,0,1,45,46,0,0,0,0,1,0,0
3108056,403640,56,56,32,15,21,41,69,78,89,1,0,67,10,0,0,0,1,1,1,1
907173,418841,82,5,80,51,94,61,11,91,19,1,0,93,40,1,1,1,0,1,0,1
4710579,608910,96,48,55,83,61,60,78,2,24,0,1,27,14,1,0,1,1,0,1,1
879447,689547,0,21,28,40,0,76,16,40,59,0,0,94,85,1,1,0,1,1,0,0
1261404,303073,12,76,52,47,58,91,0,0,37,0,0,96,90,1,1,1,0,0,0,1
3180248,329036,26,75,39,90,67,99,13,64,62,1,0,49,51,0,0,1,1,0,0,1
2813987,680899,69,3,73,38,18,84,1,69,38,0,0,82,33,0,1,0,0,1,0,1
2953913,323774,58,71,17,12,29,61,3,74,63,0,0,62,59,0,1,1,0,0,1,1
2735232,226711,5,63,46,3,0,73,65,49,82,1,0,9,56,0,1,0,0,1,0,0
2578907,491626,96,36,12,95,47,11,89,79,20,1,1,88,32,0,1,0,1,0,0,1
4732688,931719,93,30,26,97,18,26,45,96,31,0,0,36,20,0,1,0,1,0,0,1
3029915,175457,98,36,61,42,51,66,49,87,27,1,0,12,23,0,1,1,0,0,0,1
2563162,660313,22,44,73,80,84,27,59,58,11,1,0,69,19,0,0,1,1,0,0,1
1115113,616868,9,89,95,87,21,65,51,95,78,1,0,29,67,1,1,1,1,1,0,1
2892794,344606,50,7,44,92,49,27,96,73,91,1,1,86,59,1,1,1,0,0,1,1
2411549,642684,18,39,2,45,65,94,47,62,84,1,0,99,45,0,0,1,1,1,0,1
2545704,364181,50,96,21,91,5,20,38,24,79,1,0,79,32,0,0,0,1,0,0,1
4781025,100310,91,92,26,46,63,6,69,9,22,1,0,71,30,0,0,0,0,1,0,0
623332,161080,86,4,54,85,20,94,59,76,89,1,1,79,33,1,1,1,0,0,1,1
492575,316072,67,27,66,91,96,13,29,0,14,0,0,10,21,0,0,1,1,1,1,0
1659700,743456,83,80,32,52,18,38,85,98,11,0,0,0,29,0,1,1,1,1,1,1
229336,94876,82,86,1,24,90,72,26,13,3,1,1,85,4,0,0,0,1,1,0,0
3401078,554264,41,8,74,40,36,86,82,20,34,1,1,17,40,0,1,1,0,1,1,0
1842425,774302,90,1,45,2,62,61,73,57,94,0,1,99,44,0,1,1,1,1,1,1
2807622,392128,56,62,73,76,28,11,54,37,60,0,1,10,86,0,0,1,1,1,1,1
2086963,687986,97,95,32,94,59,92,69,0,26,0,1,83,60,1,1,1,1,0,1,1
2972605,365400,67,50,57,12,91,37,25,83,95,0,0,9,12,1,0,0,0,0,0,1
1647947,367681,37,30,6,17,33,57,41,4,32,0,0,47,8,1,1,1,1,1,1,0
4376426,195861,61,6,14,36,0,55,66,43,12,1,0,60,77,1,0,1,1,1,0,0
4056756,927204,6,29,25,42,47,38,66,95,36,1,1,9,80,1,1,1,0,0,1,0
1698339,638619,70,57,10,33,88,85,51,64,43,0,1,59,34,1,0,0,1,1,1,1
876296,724005,49,2,37,80,20,3,5,56,1,1,0,21,17,0,0,1,1,0,0,0
579039,256666,51,50,26,54,33,47,9,44,37,0,1,74,11,1,0,0,0,1,1,1
728714,995900,25,55,6,51,25,6,37,59,36,0,1,98,40,0,1,1,1,1,1,0
3111190,274670,25,72,0,84,35,59,76,65,58,1,1,8,15,1,1,1,1,0,0,0
4835352,633151,18,9,73,35,98,39,11,94,68,1,0,14,93,0,0,1,0,1,1,0
752439,962004,8,60,20,53,22,7,45,46,17,1,1,82,12,1,1,1,1,0,1,0
4342535,204121,60,49,78,58,80,57,48,25,47,1,0,36,17,0,1,1,1,1,1,1
473452,340510,19,46,29,51,46,56,90,8,80,0,0,69,75,1,0,0,1,1,0,0
978883,457333,49,89,93,18,75,34,71,50,65,1,1,99,97,1,0,1,1,1,1,1
4571047,61096,79,0,7,11,43,72,62,93,48,0,0,43,50,0,0,0,1,0,0,0
2389921,668270,80,93,87,91,19,12,68,7,57,1,1,68,32,1,1,1,1,1,0,1
3398156,862617,21,56,82,10,26,38,99,4,34,1,1,2,69,1,1,1,0,0,1,0
962371,55248,12,37,2,47,60,83,42,38,77,0,0,9,81,1,0,1,0,0,0,0
3457945,210728,11,61,54,91,36,20,93,67,75,0,1,76,66,0,0,1,0,0,1,1
3968950,924455,9,78,14,98,83,46,59,39,57,0,0,3,53,0,1,1,0,0,0,0
342980,987716,64,88,35,78,51,82,28,35,96,1,1,55,5,0,0,1,1,1,1,1
4896671,998205,95,69,5,15,74,1,85,20,6,0,0,39,35,0,1,0,0,0,0,0
2634003,84888,29,81,41,70,91,43,77,96,8,1,0,32,54,1,0,1,0,0,1,1
457354,211354,7,64,49,46,61,29,73,25,68,0,1,97,49,0,0,1,0,1,1,1
3406943,245346,20,61,17,66,65,86,10,74,3,0,0,99,85,1,0,0,0,1,0,1
2117160,623821,21,55,82,30,23,54,34,84,31,1,0,32,70,1,0,1,1,1,1,1
3515258,46954,17,66,49,75,79,39,22,85,4,1,0,59,93,1,0,1,1,1,0,1
4571545,356863,65,16,29,7,11,76,71,55,55,0,1,20,65,1,1,1,1,0,1,0
2435883,669164,47,7,76,88,15,96,20,56,55,0,0,68,95,0,0,0,0,0,0,1
2750982,753065,43,59,38,60,35,95,36,58,43,1,1,44,14,1,0,0,0,0,1,1
964265,267739,8,39,11,43,1,91,27,6,71,1,1,56,21,1,1,1,0,1,0,0
508617,296736,66,80,97,49,88,23,94,41,12,0,0,76,48,1,0,1,0,1,0,1
3180346,569931,53,88,58,34,61,41,57,12,3,0,1,39,37,0,0,1,1,0,0,0
944748,259793,25,61,75,75,63,27,52,83,51,1,1,80,7,1,0,1,1,1,1,1
3836562,329809,84,40,43,60,28,93,27,78,74,0,0,63,7,1,0,0,0,0,1,1
2254410,943327,93,11,87,84,91,92,41,33,14,0,1,9,99,1,0,1,1,1,1,1
2677748,273116,91,92,3,89,73,97,90,99,81,1,1,73,83,1,1,0,0,1,1,1
934275,283026,99,88,35,54,86,50,84,52,83,0,1,65,36,1,1,0,0,1,1,1
1497819,726754,25,99,47,65,95,21,72,45,0,1,0,84,71,0,0,0,1,0,1,1
1234186,469271,33,53,13,13,30,88,92,56,64,1,1,64,77,0,1,0,1,1,0,1
798506,684129,7,88,80,3,82,77,60,60,10,0,0,29,83,1,0,0,0,1,0,0
756718,554308,9,92,48,16,14,73,78,88,92,1,0,81,98,1,1,1,0,0,1,1
1796853,965252,47,10,66,68,54,73,32,55,60,1,0,34,24,1,0,1,1,0,0,1
552414,369765,54,59,86,23,32,7,54,28,92,1,0,52,81,0,0,1,1,0,1,1
3163944,876806,53,67,76,48,80,13,36,91,87,0,1,38,53,1,0,1,0,1,1,1
2547693,49912,77,77,8,54,51,44,46,13,83,0,0,21,20,1,1,0,0,1,1,1
2963545,17879,39,45,20,70,99,37,35,67,93,0,1,66,58,1,1,1,1,0,1,1
3716144,563086,14,37,71,22,19,31,27,70,62,1,1,69,30,1,1,1,1,1,0,0
4148401,637079,80,60,80,80,72,61,9,12,37,1,0,99,5,1,1,1,0,0,0,1
324932,488042,17,16,15,11,37,95,22,16,68,0,0,79,41,1,1,0,1,1,1,0
468083,706433,95,65,15,10,2,66,91,28,44,0,1,66,51,0,1,1,0,1,0,1
1951498,342935,22,71,27,74,53,83,97,80,73,1,0,99,46,1,0,1,1,1,0,1
4077809,858415,61,35,50,97,65,60,4,99,69,0,0,74,83,1,0,1,0,0,0,1
1758426,965509,45,73,55,28,17,12,81,82,67,1,0,16,27,1,1,0,1,0,1,1
3430431,492947,86,6,79,61,86,86,5,89,3,0,1,18,35,0,0,0,0,1,1,1
2792316,663210,98,99,56,52,82,82,41,72,70,0,1,59,39,1,0,1,1,0,0,1
489220,164472,38,15,51,47,6,79,46,1,47,0,1,71,89,0,0,1,0,0,0,0
4176765,803385,14,13,45,99,34,99,86,61,96,0,1,77,12,0,1,1,1,1,1,1
1595285,635698,52,79,77,90,83,98,27,19,8,1,0,89,48,0,1,0,1,1,1,1
4876029,654443,87,24,37,85,83,46,12,86,89,0,1,88,3,1,1,1,1,0,1,1
3122705,159607,63,3,83,65,82,53,24,81,46,1,1,50,97,1,0,0,1,0,1,1
2864749,735896,62,28,47,99,79,70,6,55,84,1,1,47,63,0,1,1,1,1,0,1
4199453,473255,91,55,40,47,84,51,65,89,59,0,1,56,97,1,0,0,1,1,1,1
1606978,257712,79,5,97,93,92,71,79,51,51,1,1,9,79,1,0,1,0,1,1,1
3121989,872461,15,0,58,58,59,24,57,24,85,1,0,31,22,1,0,0,0,1,1,0
1184156,9055,69,38,92,70,23,22,65,61,32,0,1,78,57,0,0,0,0,1,1,1
3913543,305314,65,0,66,56,92,73,35,16,57,0,0,67,86,0,0,0,1,0,1,1
1063659,234016,12,62,73,75,94,29,1,38,96,0,1,27,14,1,0,1,0,0,0,1
2437035,767945,46,56,83,2,38,96,37,9,47,0,1,3,88,1,1,0,1,0,1,0
1403920,891408,8,66,65,80,11,10,73,58,4,0,0,60,92,1,0,1,0,0,1,0
3308591,295395,62,64,26,31,93,34,13,24,84,0,1,76,99,0,0,1,0,0,1,1
3810954,927036,33,64,31,7,52,26,26,27,26,1,0,11,78,1,0,0,1,1,0,0
947852,665284,80,20,55,86,63,66,14,89,40,1,1,14,98,0,0,0,1,1,0,1
1356618,53037,90,29,9,29,3,46,84,75,0,0,0,28,45,0,1,0,1,1,1,0
4111147,97115,28,95,39,14,93,49,11,60,50,1,1,86,38,0,0,1,1,1,0,1
1307810,994125,36,32,16,73,4,7,42,57,15,1,0,12,46,1,1,1,1,0,1,0
1012283,869358,42,47,57,54,15,54,96,43,98,1,1,37,36,1,0,0,1,0,0,1
3114863,477032,85,21,96,37,26,76,56,82,99,0,0,57,40,0,1,1,0,0,1,1
2021367,487870,63,93,5,14,3,41,85,22,31,0,1,34,91,1,1,0,1,1,1,0
3572863,75400,23,53,38,29,71,66,47,77,92,0,1,39,44,1,1,0,1,0,1,1
3099033,628813,70,3,17,45,47,19,60,16,46,0,0,75,29,1,0,1,0,1,0,0
4732669,368308,33,86,72,63,7,44,81,78,22,1,0,93,70,0,1,0,0,1,1,1
1778315,228457,47,54,71,25,80,34,43,84,14,0,0,4,67,1,0,0,0,0,1,0
1549590,753462,11,43,88,77,45,76,51,37,25,0,0,1,6,1,1,1,0,1,0,0
3704438,146774,22,88,94,66,43,19,61,29,36,0,1,29,96,0,1,1,0,0,0,1
4780197,898164,78,11,41,35,66,23,1,18,88,1,0,98,46,0,0,0,0,0,1,1
3245529,20385,96,80,3,89,90,56,92,31,54,1,0,9,46,0,1,1,0,1,1,1
2425541,800768,12,78,19,77,51,54,70,92,1,1,1,72,81,1,0,0,0,1,0,1
3011139,856853,86,73,27,30,33,8,30,85,75,0,0,80,78,1,0,1,0,1,0,1
1669793,953729,95,98,39,77,61,93,81,19,18,0,0,37,98,1,0,0,1,0,0,1
4690512,565309,44,51,64,39,20,88,72,63,31,1,0,58,59,0,1,1,1,0,0,1
3097706,926286,98,92,43,73,23,15,71,35,86,1,1,93,4,1,1,1,1,0,0,1
3401473,513670,64,75,22,72,43,54,32,64,68,1,0,34,47,0,1,1,1,0,0,1
1298657,122369,46,64,56,45,40,71,4,82,54,0,1,70,86,1,1,0,0,1,1,1
1126215,749990,57,64,46,41,28,57,77,42,88,0,1,11,73,1,1,1,0,1,1,1
3233449,578399,4,9,12,17,5,63,57,25,98,1,1,41,88,1,0,0,0,1,1,0
1649991,94402,76,17,15,99,55,91,76,6,55,1,1,97,21,1,1,0,0,0,0,1
2711910,649062,4,46,89,35,13,75,10,33,28,1,1,48,94,1,0,0,1,0,1,0
624528,258724,59,65,54,75,49,87,83,35,83,0,1,66,22,0,1,0,0,0,0,1
2735610,744945,95,48,94,49,77,48,22,5,35,0,0,32,91,1,1,1,1,1,1,1
2915223,834151,20,71,64,60,51,28,44,36,70,1,0,12,44,1,0,0,1,1,1,0
812181,232600,23,21,80,39,87,78,26,61,85,1,0,74,78,0,0,1,1,0,0,1
3845525,709397,17,85,15,2,76,81,78,85,81,0,1,19,51,1,0,0,1,1,1,1
1850824,478319,20,25,36,81,0,6,93,72,52,1,0,94,70,0,1,1,1,0,1,1
339227,654983,53,89,51,6,11,76,55,59,84,0,1,32,45,1,1,1,1,0,1,1
1973055,139585,9,8,9,30,23,82,58,92,85,0,1,33,37,0,0,0,1,1,1,0
892137,775543,23,20,37,64,36,68,79,63,38,1,0,49,39,0,0,1,0,0,0,0
481854,673695,84,94,43,94,83,89,39,49,75,0,0,49,14,0,1,0,0,0,0,1
860327,704500,88,62,94,63,69,1,17,51,10,0,0,8,68,1,0,1,1,1,1,1
1857153,109126,59,5,73,76,75,32,50,16,75,0,0,6,11,0,0,0,0,1,0,0
4545398,740733,56,13,53,92,84,47,60,59,89,0,0,8,76,1,0,0,0,0,0,1
1685255,606946,22,32,97,2,2,36,22,76,29,0,1,25,66,1,1,0,1,0,0,0
4356004,170912,21,70,50,92,26,88,35,80,78,0,1,1,56,0,1,1,1,1,1,1
2006684,822439,67,23,51,34,52,88,37,53,71,1,1,4,18,0,1,1,1,1,1,1
2009858,979451,33,72,69,14,99,29,71,9,52,0,0,65,89,1,0,1,1,0,0,0
679083,636121,69,74,91,20,16,40,55,24,81,0,1,9,29,0,0,1,1,0,1,1
1594316,123637,27,86,91,61,14,3,38,17,73,0,0,30,91,0,1,0,0,1,1,1
2101740,912153,94,50,58,82,38,82,92,63,7,0,1,32,78,1,1,1,1,0,0,1
4462627,622508,98,1,12,27,3,90,75,78,98,0,0,5,17,0,0,1,0,0,1,1
4784946,31393,38,14,40,3,16,38,81,58,19,1,1,13,62,0,1,1,0,1,0,0
2495936,586768,41,34,11,12,10,23,82,26,11,0,1,77,6,0,0,1,1,0,0,0
4501400,908675,22,35,49,78,11,49,99,57,66,0,1,14,59,0,1,0,1,1,1,0
4841094,879722,69,91,56,50,31,36,96,60,83,1,1,96,77,1,1,1,0,1,1,1
2907184,484551,79,38,49,47,26,52,68,82,49,0,0,94,87,0,1,1,0,0,1,1
3112066,895695,1,3,56,38,43,24,27,78,11,1,1,80,62,1,1,0,0,1,1,0
3970771,669467,23,63,53,95,42,92,89,70,53,1,1,42,56,1,1,1,1,1,1,1
1740724,526397,16,73,65,66,90,30,20,42,87,0,1,78,87,1,1,0,1,1,0,1
2165730,797425,64,5,7,93,48,98,61,79,79,1,1,19,74,0,0,1,0,0,0,1
4762530,98650,69,56,62,57,92,91,22,87,53,1,1,20,38,1,0,1,1,1,0,1
4520614,763685,68,29,8,83,72,37,20,86,73,0,0,63,42,1,0,1,1,0,0,1
4283290,523196,59,98,59,1,42,57,74,10,18,0,1,28,55,0,1,0,0,1,1,0
875673,909027,49,73,62,24,2,52,15,87,13,1,1,58,9,1,1,0,0,1,1,1
4262224,57066,92,95,71,10,28,49,61,4,51,1,1,72,96,0,1,0,1,1,1,1
2088529,378994,11,66,2,0,84,3,96,57,77,0,0,63,19,0,0,1,1,1,1,0
1294316,834374,46,89,72,47,34,91,90,38,21,0,1,92,63,1,1,1,1,1,0,1
4500915,21138,66,14,12,47,47,51,64,47,3,0,0,43,38,0,0,0,1,0,1,0
1836675,123558,64,16,8,9,73,30,79,93,58,0,1,33,85,1,1,1,0,0,1,0
906673,263480,26,90,94,80,86,86,4,79,33,0,0,46,98,0,0,0,0,1,1,1
1001849,442743,47,17,88,29,38,77,45,19,63,1,0,8,27,1,0,0,1,1,1,0
1928665,276334,87,18,51,34,88,91,63,92,17,1,0,59,99,1,0,1,0,0,0,1
1361068,883691,61,75,61,18,23,13,81,80,97,1,0,29,29,0,1,1,1,1,1,1
1235891,83422,43,87,7,52,19,0,40,18,81,1,0,16,57,1,0,0,0,1,0,0
953494,716058,18,68,94,33,14,42,97,59,30,0,0,51,69,1,1,0,1,0,1,1
623177,611603,58,23,44,31,84,95,43,25,83,1,1,58,61,0,0,1,0,1,0,1
842762,34086,7,90,52,75,75,58,88,78,99,1,1,3,0,0,0,1,0,0,0,1
967876,939826,54,47,62,80,17,60,97,24,41,1,0,39,67,0,1,0,0,1,1,1
3904697,130604,46,29,94,5,59,40,14,14,73,0,0,95,24,1,0,1,0,0,1,1
1406184,892246,1,14,80,12,86,17,67,83,2,0,1,95,38,0,0,0,0,0,0,0
1960511,124324,93,46,56,85,92,59,50,93,84,0,0,6,10,1,1,1,0,0,1,1
4784074,481785,93,43,53,74,40,68,53,20,99,0,1,37,58,0,0,0,1,0,0,1
3741815,745970,38,97,18,63,99,78,67,46,54,1,0,31,36,1,0,1,1,1,0,1
246002,396065,44,26,66,6,68,58,88,34,9,1,1,68,75,0,0,1,0,1,0,0
4810146,8435,31,83,45,44,89,41,76,43,70,1,0,66,28,1,0,1,0,0,1,1
915339,892937,64,63,93,44,74,79,41,5,21,1,0,55,97,0,0,1,1,1,0,1
4339289,844763,37,40,9,84,10,99,45,74,22,1,1,19,81,0,0,1,0,1,1,1
1984006,165014,76,95,92,64,55,35,24,22,75,1,1,63,8,0,1,0,0,1,0,1
828889,719995,10,67,17,93,17,39,66,38,12,1,0,16,45,0,0,1,1,1,1,0
2567108,427275,9,4,11,18,11,29,34,72,39,1,1,15,75,0,0,1,0,0,0,0
4789699,717917,58,52,48,46,15,86,72,17,12,0,0,10,8,0,1,0,0,1,1,0
4044886,380601,89,7,22,45,26,10,77,99,96,1,0,12,64,1,0,1,0,1,0,1
1125779,843821,54,21,61,28,99,24,21,39,94,1,0,17,70,0,1,0,1,1,1,0
2729832,844446,19,6,10,98,16,44,8,35,50,0,0,13,41,0,0,1,0,1,0,0
3519151,431042,80,21,72,83,84,50,23,27,63,1,1,33,33,0,0,1,1,1,1,1
425391,297441,16,45,55,99,30,42,22,63,91,1,0,75,95,0,0,0,0,0,1,1
391387,573178,67,29,87,60,34,65,60,82,82,0,0,85,27,1,1,0,1,1,0,1
3832632,288466,4,15,88,64,26,98,36,93,84,0,1,84,89,0,1,1,0,1,1,1
4808474,565027,59,78,54,22,86,46,44,57,95,1,1,25,99,1,0,1,1,1,1,1
2984067,407935,22,4,24,94,31,23,14,37,89,0,0,41,60,1,0,0,1,1,0,0
1574073,608841,45,66,8,50,16,76,56,78,12,0,0,60,39,0,0,0,1,0,1,1
2735394,13314,51,22,11,62,10,36,99,43,28,0,0,38,53,1,1,1,1,1,1,0
4757220,623119,9,60,10,98,0,55,13,75,70,0,0,1,58,1,1,1,0,1,1,1
4572352,866596,45,73,37,21,91,93,51,1,46,1,1,56,77,0,0,0,1,0,1,0
1624663,374802,27,4,27,70,81,74,83,72,25,0,0,49,44,0,1,0,1,1,0,0
2669146,868460,96,22,7,32,48,86,35,34,69,0,1,15,94,1,1,1,1,0,1,0
3491070,827545,42,78,73,99,40,45,26,0,95,1,0,61,79,1,1,0,0,1,1,1
886268,646462,25,81,88,43,19,27,16,45,99,0,1,97,38,1,1,1,0,1,0,1
1001955,151429,54,24,46,6,70,92,89,59,22,0,1,10,41,1,0,1,0,0,0,0
1311009,234937,47,7,35,90,36,51,40,62,74,0,0,82,10,1,1,0,1,0,1,1
2213148,549653,28,94,49,1,15,14,3,94,55,1,1,62,74,0,0,1,1,0,1,1
4667223,306173,26,20,8,16,38,44,2,91,84,0,1,29,37,0,0,0,1,1,0,0
1719593,268881,17,1,59,64,44,57,18,44,18,0,1,53,56,0,1,1,1,1,1,0
2644291,398186,59,21,71,57,63,66,40,56,97,0,1,70,11,1,1,0,0,1,0,1
347745,734992,73,71,66,29,46,72,39,36,49,0,0,26,41,1,1,0,0,0,1,1
3992824,614762,68,86,52,85,22,71,57,6,34,0,1,85,62,1,1,0,0,0,0,1
1930992,345362,73,95,81,91,31,96,38,15,48,0,0,63,8,1,1,1,0,1,0,1
337686,784966,20,71,98,96,48,97,6,49,94,1,1,80,21,0,0,0,1,1,0,1
2267636,163571,23,67,16,25,80,72,35,13,45,0,0,78,37,0,0,1,0,0,1,0
4351923,770387,2,63,99,34,18,80,82,96,92,1,0,8,72,1,0,1,1,0,0,1
2183044,246474,94,93,52,62,97,40,75,5,69,1,1,75,56,0,0,1,1,1,1,1
4124221,133692,61,18,27,74,77,64,19,60,99,1,0,71,66,0,1,0,0,1,0,1
3514344,767790,1,86,62,70,66,39,75,20,52,1,1,1,98,1,1,1,0,1,1,0
249976,706517,65,81,14,27,38,4,28,9,30,0,0,48,29,1,1,1,0,1,1,0
2722620,978751,41,52,18,24,88,93,93,31,95,0,1,47,25,1,1,1,1,0,1,1
2563128,395555,33,92,85,60,59,74,83,5,83,0,1,54,71,0,0,1,0,1,1,1
3567611,177106,41,86,69,30,10,27,67,1,21,0,0,79,53,0,0,1,0,0,1,0
4605813,5294,19,96,46,53,48,37,65,38,66,0,0,66,31,1,1,0,1,1,1,1
3842693,816028,96,51,70,66,14,80,46,48,7,0,1,30,21,0,0,0,1,1,0,1
2227320,103185,67,46,47,96,82,86,93,26,18,1,1,25,7,1,0,1,0,1,1,1
2012105,802866,44,81,72,50,60,17,22,55,30,0,1,65,65,0,1,0,0,0,1,1
2147238,63382,74,53,19,57,42,36,5,13,31,0,1,29,13,0,1,0,1,1,0,0
1595796,305242,41,43,36,33,14,26,17,22,78,1,0,76,4,0,0,1,0,0,0,0
3761262,533943,46,96,74,58,78,24,52,84,54,0,0,77,12,1,1,0,1,1,1,1
408859,612317,4,6,1,20,78,68,21,50,30,1,0,0,86,1,1,0,1,1,0,0
4227902,313372,88,91,63,55,72,82,67,93,66,0,0,95,76,1,1,0,1,0,0,1
245475,8771,48,0,85,36,4,26,74,24,50,0,1,69,82,0,0,0,1,1,0,0
3503364,341243,36,62,35,63,82,76,34,52,95,1,1,21,23,1,1,1,1,0,1,1
3439254,650099,33,97,4,18,87,53,74,87,73,0,0,74,34,0,0,0,0,0,0,1
1299577,979303,72,38,63,84,28,6,97,10,91,0,1,86,77,0,1,0,0,0,1,1
1044081,853689,69,18,6,77,61,89,8,34,26,1,1,53,67,1,1,1,1,1,0,0
4823037,808990,17,30,69,73,59,77,30,54,47,0,0,13,25,0,1,0,1,1,1,1
3895727,325580,77,76,21,52,68,26,95,57,42,0,0,13,73,0,0,1,0,0,0,0
1802970,112779,18,23,73,70,21,58,42,67,94,0,0,83,37,0,0,0,0,1,1,1
1731064,654179,77,68,45,92,12,71,98,36,50,0,0,70,33,0,1,0,1,1,1,1
4611887,784085,39,86,39,62,49,30,74,99,97,1,0,18,33,0,1,0,1,1,0,1
427189,490319,16,82,60,61,46,98,16,76,68,1,0,25,18,1,0,0,1,0,0,1
2276198,783760,59,64,45,71,28,90,50,8,74,1,0,58,2,1,1,1,1,0,1,1
1668919,561664,98,32,83,76,79,67,99,27,70,1,1,21,35,1,0,1,0,1,1,1
3481941,485674,92,58,27,18,99,3,65,54,71,1,1,5,3,0,1,0,0,0,0,0
2850324,82924,41,32,86,74,16,17,23,45,80,0,1,62,25,1,0,1,0,1,0,1
3610580,558620,80,31,34,1,19,62,14,79,49,0,0,76,74,0,1,1,1,1,0,1
3885104,398145,71,58,0,5,77,86,27,69,60,1,0,73,2,0,0,0,0,1,0,1
1620858,576025,64,91,28,28,5,95,2,26,40,1,0,53,48,0,1,1,1,1,0,1
1948982,398056,52,40,8,40,21,75,28,9,50,0,1,18,8,0,1,1,1,1,0,0
1645065,94031,99,11,8,50,8,51,51,22,77,1,0,94,45,1,1,1,0,1,0,1
278077,472186,6,72,21,4,31,83,53,20,23,1,1,9,65,0,1,0,1,0,0,0
4709322,188024,4,10,62,40,87,62,57,89,29,0,0,36,13,1,1,0,1,1,1,0
1841232,288135,23,96,65,61,32,44,44,44,51,0,1,76,2,1,1,0,0,0,0,1
4645818,32472,27,18,79,29,76,11,76,2,49,1,1,16,1,1,0,0,1,0,1,0
4295077,64946,61,53,57,61,98,7,49,58,56,1,0,54,85,1,1,0,1,1,0,1
984192,503782,16,56,69,99,69,21,21,42,61,0,0,4,92,0,1,0,0,0,0,0
4830232,949353,19,41,54,26,48,90,51,98,78,1,1,20,32,0,1,0,1,1,0,1
1120114,268685,2,97,12,49,29,40,52,6,52,1,1,38,99,0,1,0,1,0,0,0
801891,658525,36,70,96,81,15,40,30,26,67,0,0,19,9,0,0,1,0,1,1,1
3729921,7765,89,30,18,51,64,80,70,61,76,1,0,70,52,1,0,1,1,1,0,1
2382926,310218,14,51,78,48,81,56,47,41,68,1,0,14,43,0,1,0,0,0,1,0
2685670,369939,50,1,32,61,85,31,89,96,30,1,0,78,37,0,1,0,1,1,1,1
3544250,689643,47,82,73,99,89,96,30,3,75,0,1,52,20,0,1,0,1,1,0,1
3566085,630675,7,37,64,59,13,94,3,89,29,0,0,86,94,0,1,1,0,0,1,1
4806976,780404,12,31,59,79,55,54,34,61,9,0,1,32,34,1,1,0,0,1,1,0
4223278,498377,47,9,11,53,36,5,96,7,93,1,0,43,66,0,1,1,1,0,1,0
737977,923273,2,7,42,4,48,38,66,83,89,1,1,65,82,0,0,0,1,1,1,0
2199014,678166,64,89,92,8,77,8,63,16,43,1,0,49,21,1,0,0,1,1,1,0
3903292,794404,72,93,16,33,89,31,82,4,5,0,1,31,19,0,0,1,0,0,1,0
1758141,678616,30,74,67,97,49,35,8,62,26,1,0,78,99,0,0,1,0,1,1,1
3868280,371047,25,19,28,35,35,15,45,8,19,0,0,70,82,0,1,1,1,0,1,0
2923408,523790,80,19,54,94,51,11,82,7,91,1,0,72,67,0,1,1,0,0,1,1
2048058,154725,55,8,6,19,22,40,55,6,19,1,0,54,95,1,0,0,1,0,1,0
4984808,632867,33,71,43,80,65,66,55,36,11,0,1,27,7,1,0,1,0,1,0,0
2359173,484885,8,14,76,83,70,57,82,99,84,1,0,85,50,0,1,0,1,0,1,1
4854419,44339,61,97,4,91,44,90,25,54,93,1,0,2,25,0,0,0,0,0,0,1
242291,423973,12,87,59,84,85,90,59,66,48,0,0,52,50,1,0,1,0,1,0,1
4822580,894808,68,96,5,82,27,8,76,7,51,1,0,41,64,0,1,0,1,0,0,0
4789058,309543,40,62,97,62,19,16,85,68,9,1,1,1,25,0,0,0,1,1,1,0
4697968,835445,76,90,6,66,48,4,71,4,4,1,0,21,46,0,1,0,1,0,1,0
2322827,412922,0,20,45,29,56,25,87,16,63,1,1,24,42,1,0,1,1,1,0,0
2268671,960735,88,4,56,68,81,84,89,57,57,0,0,88,8,1,1,1,0,1,1,1
908672,557197,46,34,53,69,87,0,47,62,7,1,0,31,34,1,1,1,0,1,1,0
537369,523993,3,84,91,2,96,0,57,26,29,0,1,6,81,1,1,0,1,1,0,0
4176974,999135,99,67,45,48,58,34,62,75,16,1,0,61,18,1,0,0,0,1,0,1
3692963,717932,62,47,9,41,25,8,57,91,66,1,0,30,47,1,0,1,1,1,0,0
4707167,484095,51,79,3,23,18,86,2,67,20,1,0,62,79,0,0,1,0,0,0,1
2427039,986271,9,94,66,43,12,37,6,27,15,0,0,36,27,0,0,1,0,0,0,0
496063,162541,27,89,24,0,73,3,51,88,95,1,0,67,2,1,1,1,1,1,1,1
1583875,137385,5,61,86,53,61,51,61,57,26,1,1,96,17,1,0,0,1,0,0,1
2076336,406063,26,34,90,51,13,18,1,49,5,0,0,78,12,0,1,0,1,1,1,0
4156778,972726,11,69,77,35,72,4,32,99,41,0,0,8,26,1,0,0,1,0,0,0
4953267,997206,61,96,60,78,10,91,11,66,15,1,0,69,39,1,1,0,1,1,1,1
3087757,146002,51,20,37,37,66,47,47,30,44,0,1,45,38,1,1,1,1,0,0,0
2668665,8285,47,79,31,43,11,86,75,11,2,0,1,94,57,0,1,1,0,0,1,1
3109984,390781,66,38,22,81,34,62,52,54,39,1,1,33,56,1,0,0,0,1,1,1
892924,565151,45,33,36,86,38,37,73,3,19,0,0,59,23,0,0,1,0,0,0,0
2770115,152776,96,14,2,46,31,51,40,93,6,1,0,12,92,0,1,0,1,1,0,0
1861655,941209,73,5,98,28,13,86,90,41,58,0,0,35,21,0,0,1,0,1,0,1
4872412,660915,94,65,12,50,64,45,81,90,10,0,0,95,50,0,1,1,1,0,0,1
3300498,550611,14,87,33,40,26,81,57,53,92,1,0,85,89,0,0,0,0,0,0,1
4989125,338112,70,55,87,85,59,92,67,21,51,1,1,47,83,0,0,0,1,0,0,1
4870432,989426,35,48,64,63,42,91,22,0,2,1,0,92,87,1,0,0,0,1,0,1
1223920,58915,13,91,75,87,64,8,84,47,20,0,1,74,75,1,0,0,0,0,1,1
4011666,376687,77,0,7,47,54,49,35,42,52,1,1,5,81,0,1,0,1,0,1,0
4019712,670979,2,64,82,76,92,73,93,19,95,1,1,4,75,1,0,1,1,0,1,1
1233668,208462,66,27,8,96,87,65,84,17,29,1,0,64,37,1,0,1,1,0,1,0
2673199,789278,85,99,27,21,80,76,86,69,10,0,0,49,95,1,0,1,1,0,0,1
497675,899932,18,19,77,98,34,37,20,48,80,1,1,73,60,1,1,0,0,0,0,1
908175,512553,98,47,90,16,94,26,71,75,24,1,1,73,48,1,1,0,1,1,1,1
3875002,981778,75,71,17,85,31,19,54,16,49,0,1,23,22,1,1,0,1,0,1,0
2067306,471389,53,64,41,4,18,61,55,52,88,1,1,6,3,1,1,1,1,1,1,0
463625,943729,68,89,40,60,94,73,12,21,8,1,1,85,75,0,1,1,0,1,1,1
1042840,378410,9,50,69,88,38,15,21,81,44,1,0,57,80,1,1,1,1,0,0,1
4594643,818171,32,42,32,5,19,78,6,9,28,1,1,20,84,1,0,1,1,1,0,0
325355,445924,12,48,88,52,27,12,23,23,61,0,1,85,36,0,1,1,0,0,0,1
4422102,657329,98,24,76,80,2,19,60,83,14,1,0,32,92,0,1,0,1,1,0,1
815937,58019,50,73,53,94,31,23,4,11,18,1,1,43,5,0,0,1,1,0,1,0
1575607,212226,31,75,86,16,85,49,49,3,14,1,1,24,27,1,0,0,1,1,1,0
219477,238169,74,40,35,58,57,6,61,41,38,1,1,94,7,0,0,0,0,0,1,1
3756210,536661,23,70,96,96,53,86,54,4,34,1,1,79,94,0,0,1,1,0,1,1
2687111,695641,34,63,84,38,41,87,25,25,12,0,0,14,19,0,1,1,1,0,1,0
2209606,549475,82,60,97,53,14,28,9,99,15,1,0,28,15,0,1,1,0,1,1,1
1759757,859295,69,11,55,47,82,4,10,58,66,1,1,82,12,1,1,1,0,0,0,1
4799409,627215,39,80,99,36,61,34,39,61,94,1,1,51,78,1,1,0,0,1,1,1
3632207,767473,53,68,16,47,30,64,10,79,54,0,1,16,61,1,0,0,0,0,0,1
4667890,351229,43,13,9,67,60,99,93,4,64,1,1,89,76,0,1,0,1,0,1,1
2081297,122996,61,33,86,77,25,81,3,25,34,0,0,99,65,1,1,1,1,1,0,1
1023759,568508,98,47,43,76,68,69,1,82,15,1,0,35,52,1,0,0,0,0,1,1
3230855,397647,67,60,1,26,56,86,76,5,0,1,0,34,83,1,0,0,0,1,0,0
4729275,520971,32,80,98,87,19,73,38,23,49,0,1,39,27,1,0,0,1,0,0,1
331184,536930,76,34,13,26,65,6,80,94,13,1,0,22,17,1,1,0,0,1,0,0
1335627,84971,55,64,40,71,20,43,22,94,61,1,1,72,6,1,1,0,0,1,0,1
2447805,584844,35,58,1,62,59,71,44,52,6,0,1,33,20,1,0,0,1,0,1,0
445300,431976,53,35,18,51,62,12,73,6,22,1,0,57,40,0,0,0,0,0,0,0
784010,829624,18,78,79,46,50,93,76,9,98,1,1,81,38,0,1,0,1,1,1,1
292036,522473,42,18,88,20,99,81,41,38,62,1,0,79,72,1,1,1,1,0,1,1
1053392,402597,11,41,0,56,91,77,41,85,28,0,0,60,9,1,0,0,0,1,1,0
481696,756943,10,68,1,74,83,74,28,77,21,0,1,95,30,0,1,1,0,1,0,1
3862340,417774,69,18,26,94,38,37,15,27,79,1,0,27,41,1,1,1,0,0,1,1
1390456,297926,11,38,1,90,99,12,66,41,92,1,1,59,76,1,1,0,1,1,1,0
4629723,271926,90,68,93,41,10,53,99,61,5,0,1,31,68,1,0,0,0,1,1,1
1190029,751777,40,51,50,47,56,43,59,51,81,1,0,57,58,0,0,0,0,1,1,1
354692,190784,24,11,9,26,2,96,3,21,28,1,0,81,37,0,0,1,1,0,1,0
4657335,241836,2,82,18,71,36,12,99,56,88,0,0,43,42,0,0,0,1,0,1,0
2591098,493161,2,46,79,32,83,24,15,95,1,0,0,33,99,1,0,0,0,0,1,0
1857888,155534,83,75,12,75,95,23,40,10,63,0,0,92,1,0,1,1,1,0,1,1
2785917,851462,27,35,47,34,24,28,5,13,95,1,1,20,5,1,0,0,1,1,0,0
2024964,728879,22,62,55,97,20,99,41,30,35,1,1,0,76,0,1,0,0,0,0,1
1588509,847843,47,75,71,15,79,69,56,3,95,0,0,54,28,0,1,1,1,0,0,1
3954542,191278,66,81,55,35,41,17,27,21,19,1,0,79,77,0,0,1,0,0,0,0
2698214,102469,41,50,49,65,0,91,99,92,54,1,0,48,29,0,0,0,1,0,1,1
4878083,576238,87,42,94,75,22,4,22,98,36,1,1,96,88,0,0,0,0,0,0,1
4964812,400739,39,33,44,90,23,17,75,63,96,1,1,20,39,1,0,0,0,1,0,1
4773574,459142,5,96,88,55,46,62,41,76,51,0,1,98,98,1,0,1,0,0,1,1
4308502,145749,19,48,58,16,88,36,94,83,68,1,0,54,36,1,1,1,1,0,1,1
1768146,736188,10,17,38,19,6,70,11,82,69,0,1,26,6,1,0,1,1,0,0,0
683455,151161,95,60,20,84,37,54,95,78,21,1,0,19,49,1,1,0,1,0,0,1
4236405,402797,26,56,54,93,46,72,88,89,84,0,0,94,17,0,0,1,0,1,0,1
747219,410123,20,92,56,83,34,98,63,83,82,0,0,15,7,0,0,0,0,0,0,1
2386268,403825,12,4,40,7,77,11,57,60,14,1,1,77,70,1,1,1,1,1,0,0
4645975,711513,85,88,92,17,61,51,50,99,97,0,1,47,97,1,0,0,0,0,1,1
4187793,841971,34,23,69,17,72,56,28,5,46,1,0,31,99,1,0,1,0,1,0,0
1824777,442359,46,92,81,17,2,45,18,78,70,1,0,31,54,1,1,0,1,0,0,1
3071656,27936,85,63,48,1,19,43,85,67,80,0,0,52,47,0,0,1,0,1,0,1
4908569,841614,27,58,43,75,96,23,87,5,68,0,1,52,73,0,0,0,1,1,1,0
4055933,506477,20,37,34,95,43,8,96,65,51,0,1,1,57,1,0,1,1,0,0,0
2526729,902691,17,32,90,71,31,11,99,35,38,0,0,56,92,1,0,0,0,1,0,0
4107129,235596,30,9,4,50,99,99,44,14,1,1,0,21,15,0,0,1,1,1,0,0
295556,624330,59,36,70,9,25,8,53,75,90,1,0,51,24,0,1,1,1,0,0,1
2097883,804595,36,96,73,74,47,21,79,39,44,0,0,80,28,1,1,0,0,1,1,1
3669992,787046,20,86,73,13,4,16,65,40,23,0,1,95,7,0,0,0,1,0,0,0
1755537,982262,13,10,50,25,58,32,71,6,60,0,1,80,83,1,1,1,1,1,0,0
852755,182129,88,23,56,46,60,46,12,21,91,1,1,57,99,0,1,1,0,0,0,1
3866344,672897,90,87,57,29,48,87,93,71,64,0,0,33,54,1,0,0,0,1,0,1
3726362,551707,59,70,91,55,29,14,64,10,52,1,1,70,51,0,0,1,1,1,1,1
943088,965082,22,20,35,41,16,92,11,1,20,1,1,92,90,1,1,1,1,1,1,0
2795834,735351,94,19,9,3,69,95,70,29,91,0,1,16,76,0,1,0,1,1,0,0
259778,650499,28,9,49,10,57,32,13,67,66,1,0,87,25,1,1,1,0,1,1,0
1294409,389906,46,88,98,23,62,92,41,52,93,1,1,71,24,0,0,0,1,0,1,1
2853528,210671,29,46,98,85,60,14,98,88,0,1,1,22,91,0,1,0,1,0,0,1
4304399,530122,89,99,36,66,62,26,91,20,58,0,0,32,72,1,1,0,0,1,0,1
1713083,299358,83,46,19,36,14,97,75,24,46,0,0,28,25,1,1,1,1,1,0,1
3542103,753294,37,14,12,1,0,60,47,72,17,1,0,18,75,1,0,1,0,1,0,0
2373513,259870,82,43,74,11,12,67,23,71,32,0,0,68,89,0,1,1,0,1,0,1
1598949,498244,26,61,18,20,47,81,64,4,14,1,1,36,46,0,0,1,0,1,0,0
722154,781646,88,5,91,68,33,84,16,91,23,0,0,86,85,1,0,0,0,1,1,1
3668582,531701,86,65,55,70,29,47,37,65,35,1,1,25,0,1,0,0,1,1,1,1
1211930,538793,92,75,44,63,18,7,27,84,59,0,0,23,63,1,1,1,0,0,0,1
1279525,781041,14,3,59,67,63,5,32,48,33,0,0,53,11,0,0,0,0,1,1,0
1985818,894234,58,22,67,42,65,62,23,7,89,1,1,20,23,1,0,1,0,1,1,0
3151720,138177,2,12,56,53,56,83,69,97,50,0,0,96,29,1,1,1,0,0,1,1
1360117,204176,9,80,53,99,43,1,84,86,39,1,0,89,13,0,0,0,1,0,0,1
2282963,395447,78,30,36,61,11,21,3,78,21,0,1,9,22,1,0,1,1,0,1,0
4456146,505850,79,15,82,85,39,20,32,26,15,0,1,41,1,0,0,0,0,0,1,0
2785171,119897,16,40,36,92,23,5,9,1,41,0,0,28,2,0,0,0,1,1,1,0
1481506,63408,82,89,13,72,10,95,35,27,15,0,0,56,5,0,0,1,0,1,0,1
489134,173751,10,91,94,89,65,69,76,10,4,1,0,34,82,1,0,0,0,0,1,1
2968705,121908,47,0,91,11,0,12,99,45,5,1,1,27,20,0,1,0,1,1,1,0
4524660,250993,4,11,99,0,57,0,72,20,41,1,1,11,19,0,1,1,0,1,0,0
3066069,235168,68,55,43,71,27,21,30,41,87,1,0,57,20,1,0,0,1,0,0,1
937090,609019,63,49,82,32,67,23,3,31,29,0,1,43,39,0,0,1,0,1,0,0
1114565,510421,13,19,41,63,93,63,83,31,31,0,1,6,67,0,1,0,0,1,0,0
4035598,856563,49,65,0,67,58,40,7,70,52,1,0,15,24,1,1,0,0,1,1,0
1252425,855712,25,35,22,13,70,93,26,21,18,1,0,83,70,0,0,1,1,1,1,0
977567,807194,71,78,63,92,21,21,35,77,50,1,0,92,70,1,0,1,0,0,1,1
2916207,122798,68,37,27,13,89,60,8,76,27,1,0,34,32,0,0,0,0,0,1,0
1949736,646142,6,21,3,8,28,11,42,20,46,0,1,91,50,0,1,1,0,1,1,0
1770234,242902,15,60,40,72,88,89,23,21,71,1,0,6,89,1,1,0,1,1,0,0
251707,325847,54,49,59,25,73,3,36,33,0,0,0,85,80,0,1,0,0,1,0,0
480833,479650,77,95,17,48,83,82,40,9,67,0,1,13,71,1,0,1,1,1,1,1
3899100,68079,55,58,62,16,77,79,93,64,56,0,1,58,89,1,1,0,1,0,1,1
1288963,550865,3,19,60,67,96,11,25,64,21,0,1,99,78,0,0,0,1,1,0,0
2077145,792646,99,35,48,59,68,32,3,87,85,0,1,61,19,1,0,1,1,0,1,1
2483785,877771,47,96,46,2,44,20,0,66,93,0,1,73,18,0,0,1,0,1,1,1
4194420,315258,16,14,38,92,69,99,19,94,57,0,1,65,70,0,1,1,0,1,1,1
1034874,487450,35,61,88,24,85,72,91,42,90,1,1,21,55,1,1,1,1,1,1,1
1089493,854662,69,2,81,20,16,71,44,40,90,1,0,15,55,0,0,0,1,0,1,1
978799,521379,79,92,5,11,78,83,87,12,12,0,0,98,0,0,0,0,0,0,1,1
3733716,693340,92,90,82,53,38,73,91,3,38,1,1,74,38,0,0,0,0,1,1,1
3707447,72194,99,4,52,0,39,95,91,22,26,0,0,42,36,0,1,0,0,1,0,0
1079459,476022,37,55,75,0,27,91,68,69,38,1,1,96,17,0,1,0,0,0,0,1
2381533,117333,61,30,24,44,1,73,95,33,71,1,0,97,71,0,0,0,1,1,1,1
2022744,567080,47,85,98,45,81,71,51,40,11,1,1,96,78,0,0,1,0,1,0,1
2491136,50807,9,34,64,47,26,51,93,17,23,1,1,82,5,1,1,1,1,0,0,0
3841644,522513,35,70,4,6,20,46,63,99,17,1,1,19,21,0,0,0,0,0,1,0
4043139,392410,28,69,64,9,86,96,20,89,14,1,1,9,10,1,0,0,1,0,0,1
3293510,944805,77,25,7,14,6,58,79,96,59,1,1,18,89,1,1,0,1,1,0,0
4385224,665501,3,0,38,39,60,46,71,32,15,1,1,11,71,1,1,1,0,1,1,0
4647395,514698,43,82,42,10,51,55,75,24,96,0,0,9,8,0,1,0,1,1,0,0
1052050,633580,55,6,81,55,47,12,95,51,73,0,0,70,12,1,0,1,0,1,1,1
2561216,652272,41,35,72,45,18,43,24,16,46,0,0,55,2,0,0,0,1,1,0,0
2767587,543065,99,75,4,44,72,34,66,50,23,1,0,10,66,1,1,1,1,0,0,0
4995464,43346,12,83,3,86,11,28,25,2,44,0,0,79,6,1,1,0,0,0,1,0
464237,846135,45,86,92,12,93,55,99,54,18,0,0,96,66,0,0,1,1,1,1,1
4669353,624265,81,24,0,26,70,4,80,85,90,1,1,60,74,1,1,1,0,1,1,0
2714719,314963,32,93,93,80,1,66,26,55,40,0,1,37,45,1,1,1,0,1,1,1
2108911,950973,20,58,55,49,16,52,51,34,30,0,0,16,57,0,1,0,1,1,1,0
4202981,139917,79,60,44,60,74,59,62,67,84,1,1,53,27,0,0,0,0,0,0,1
1619920,901618,78,28,64,12,75,5,85,58,15,1,0,44,30,0,1,1,1,1,0,0
2379441,552578,56,94,2,11,2,47,44,91,22,0,0,24,51,0,0,0,0,1,1,0
2937946,379695,68,17,21,28,20,79,57,58,77,1,1,30,8,1,1,1,0,0,1,1
3948529,428915,69,40,71,84,77,34,37,12,22,1,1,64,90,0,0,1,1,1,1,1
3758818,180324,66,18,55,83,78,17,34,61,40,0,0,38,75,0,0,1,1,1,0,1
1649466,890114,47,3,17,19,50,10,45,93,17,1,1,19,7,1,1,1,1,1,0,0
1561236,663653,75,64,24,30,9,50,70,46,35,0,1,72,85,1,0,0,0,1,1,1
2288062,909449,99,40,47,7,54,22,2,75,11,1,0,42,17,1,0,0,0,0,0,0
2556632,648784,32,14,83,23,35,46,5,2,74,1,0,65,93,0,1,1,0,1,0,0
2034907,508150,35,53,30,74,50,74,12,20,68,0,0,0,48,0,0,1,1,1,0,0
4061774,848521,32,63,29,38,73,58,45,64,50,1,0,54,10,1,1,1,1,1,1,1
3833795,510180,30,71,79,32,16,56,78,17,84,1,1,50,1,1,1,0,1,1,1,1
3677084,414824,20,14,65,41,88,92,89,12,31,0,0,4,28,0,0,1,0,0,1,0
4527802,395857,26,78,80,14,60,55,32,70,92,1,1,11,54,0,0,0,1,0,1,1
3599752,202345,90,49,9,67,90,26,78,76,70,1,1,13,52,0,0,1,1,1,0,1
4000986,808051,71,21,70,64,96,72,61,80,35,1,0,59,25,1,0,0,1,1,0,1
923858,607294,61,17,58,31,74,34,62,95,39,1,1,95,50,1,1,1,0,0,1,1
3018907,775759,95,79,50,10,12,54,55,92,90,0,0,39,77,1,1,1,1,1,0,1
244816,223980,25,1,8,93,64,8,38,44,69,1,1,8,91,0,1,0,0,0,1,0
204138,479869,65,35,53,36,94,17,59,61,37,1,1,41,98,0,0,0,1,1,1,0
4363960,281923,11,19,61,18,96,43,77,29,53,1,1,41,5,1,1,1,1,0,1,0
3436904,449256,21,15,80,50,84,20,82,74,3,1,0,32,99,1,1,1,0,1,0,0
4064044,755190,16,66,8,99,79,55,91,13,45,1,1,24,11,0,1,1,1,1,1,0
421552,454541,6,29,8,33,86,47,23,52,62,0,0,77,33,1,0,1,1,1,0,0
243764,514163,67,54,23,70,73,99,49,9,98,1,1,8,69,0,0,1,0,0,0,1
2420182,813062,36,65,38,59,47,0,32,71,73,0,0,90,63,0,0,0,1,1,1,1
2097951,897007,37,98,74,83,96,26,75,30,49,0,1,43,36,0,0,1,0,1,0,1
516462,644724,95,25,7,52,85,44,73,5,29,0,1,82,36,0,1,0,1,0,1,0
1089855,672538,10,56,24,11,69,62,6,82,72,0,1,57,7,1,0,0,1,1,1,0
1614718,418151,0,68,65,61,46,57,45,18,15,1,0,24,36,0,1,0,1,0,1,0
2357280,969762,24,1,9,95,99,39,61,11,51,0,1,31,96,1,0,0,1,1,0,0
1008301,814216,41,55,23,65,9,62,0,63,3,1,0,21,45,1,1,1,1,1,1,0
4380266,986226,51,83,79,85,56,37,78,81,25,1,1,92,30,0,0,1,0,0,1,1
4546657,683387,23,61,82,47,79,28,64,54,28,0,0,54,97,1,1,1,1,1,0,1
312935,456069,52,33,58,39,12,39,44,66,91,0,1,91,10,1,1,0,0,0,0,1
4251889,903599,55,97,30,23,60,18,83,8,10,1,1,60,35,1,0,1,0,0,0,0
1538306,72359,62,55,10,49,57,87,54,5,91,0,1,56,67,1,0,0,0,0,0,1
2350205,208460,80,54,5,94,83,55,65,0,95,1,0,76,16,1,0,1,1,0,0,1
4480650,870040,7,19,69,67,67,43,66,41,23,0,0,60,15,0,0,1,1,0,1,0
4723535,999173,58,49,31,87,83,64,99,92,50,1,1,91,29,1,0,1,0,0,1,1
4800145,282255,44,24,38,42,85,99,79,54,41,1,0,66,38,0,0,1,0,1,0,1
4952989,168384,26,83,47,16,28,86,53,48,38,0,0,93,43,1,0,0,0,1,0,1
1569391,789681,51,24,12,82,15,12,92,98,6,0,1,74,68,0,0,0,1,0,0,0
4510518,291305,17,52,58,54,62,29,99,98,17,0,1,1,36,1,1,1,0,0,0,0
2782153,910352,90,13,66,33,46,48,62,29,2,0,1,56,25,1,1,1,0,0,0,0
1053329,896255,85,59,55,96,42,74,53,34,62,1,1,72,91,1,0,0,1,1,0,1
1930085,916446,15,42,40,69,22,62,51,62,19,0,0,32,82,0,1,0,0,1,0,0
2226110,135466,65,61,55,59,29,70,53,21,97,1,0,89,20,0,1,0,0,0,1,1
3284562,334457,4,75,34,50,56,34,66,42,93,1,1,62,91,1,0,0,0,0,0,1
4795130,186446,81,68,37,99,29,10,36,27,72,1,0,15,18,0,0,0,0,0,0,1
636542,422230,2,62,80,76,66,48,11,17,73,1,0,88,99,0,1,0,0,0,1,1
4766701,609596,90,1,66,72,55,39,58,31,69,0,0,0,10,1,0,1,1,1,0,0
4339394,837821,80,53,33,34,23,20,19,68,16,0,1,84,18,0,1,0,1,0,0,1
3180672,770523,79,15,75,33,76,46,86,53,78,1,1,63,68,1,0,0,1,1,1,1
2262087,416377,69,54,87,15,95,2,85,33,96,1,1,83,1,0,1,0,0,1,1,1
626674,637088,6,93,69,81,75,29,31,30,58,0,1,68,24,0,0,1,0,0,0,1
282409,405706,49,42,10,17,7,87,70,96,53,0,1,16,89,0,1,1,1,0,0,0
3828104,386691,13,60,26,37,87,66,85,3,12,1,0,39,29,0,0,1,1,0,1,0
2195141,767557,37,37,47,42,43,61,43,13,41,1,1,0,16,1,1,1,1,0,1,0
4025258,29502,78,44,23,31,79,36,65,14,43,1,1,12,84,0,1,0,1,1,1,0
3699701,40757,46,50,17,6,95,96,77,59,85,0,0,17,83,0,0,0,0,1,0,0
2127716,832543,32,41,26,86,33,21,54,19,79,0,1,67,17,1,1,0,0,1,0,0
2121672,627561,42,23,53,86,34,30,15,19,97,0,0,13,79,1,1,0,1,0,1,0
1392503,587933,90,29,54,45,95,45,87,48,66,1,0,4,91,1,0,1,1,1,1,1
1333754,901650,28,36,20,60,49,75,70,98,71,0,1,61,75,1,1,1,1,0,1,1
3103609,326199,56,52,58,17,16,44,67,67,19,1,0,32,39,0,1,0,0,0,0,0
1646250,124815,4,62,33,70,1,13,51,17,46,0,0,25,5,0,1,1,1,0,1,0
1843707,931502,92,10,96,39,89,11,36,23,23,1,0,60,87,0,0,1,1,1,0,0
4000315,689266,95,77,57,87,53,62,45,26,50,0,1,67,42,1,1,0,0,0,0,1
3351396,368170,59,22,47,77,43,90,40,32,17,1,0,29,69,1,0,1,0,0,1,0
3568270,337336,69,79,53,49,80,76,4,63,22,1,0,61,16,0,1,0,0,0,0,1
2452641,186549,1,49,17,4,48,87,65,24,0,1,0,61,41,1,0,1,0,1,0,0
544126,172973,69,84,2,53,1,37,4,68,65,0,0,80,18,1,1,0,1,1,0,1
2605514,751631,42,54,23,85,71,46,62,17,4,0,0,91,54,0,0,0,0,0,1,0
2042360,57021,3,54,0,57,69,53,2,44,17,1,1,69,91,0,1,0,1,1,1,0
1337411,34092,55,3,5,21,8,54,7,19,79,1,0,56,28,1,1,0,0,1,1,0
1870357,923746,92,96,18,73,0,47,25,34,73,1,0,90,53,1,0,0,1,1,0,1
3112511,373987,58,53,85,89,68,72,73,5,92,1,1,35,70,0,1,1,1,0,0,1
3530922,662191,88,60,42,78,8,71,97,90,34,1,0,6,82,0,1,0,1,1,1,1
3899509,317865,8,77,7,37,13,14,99,91,24,1,0,64,7,1,1,0,0,0,1,0
4355479,295655,2,82,68,48,26,70,52,74,23,1,0,73,7,0,0,1,0,1,0,1
4688155,77782,89,4,51,0,8,87,75,8,12,1,1,76,68,0,0,1,0,1,0,0
3502198,888435,47,99,72,77,35,15,83,51,20,1,1,40,42,1,1,1,1,1,0,1
497986,940806,42,94,46,35,92,87,28,27,38,0,1,31,97,1,0,1,0,0,1,1
3966001,847000,90,17,84,94,83,42,13,18,33,1,0,13,49,1,1,0,0,0,1,1
2665912,925736,99,43,27,27,78,6,4,84,18,1,0,32,84,0,0,0,0,1,1,0
2222784,369206,95,30,45,97,99,42,26,62,27,1,1,29,3,1,0,1,0,0,0,1
1053605,895733,0,93,3,34,2,27,67,94,90,1,1,72,35,1,0,1,1,1,1,1
2572948,318651,56,20,87,59,22,65,28,6,89,0,1,5,4,1,1,1,0,1,0,1
1515823,653565,52,46,7,61,72,97,2,36,10,1,1,9,86,1,1,0,1,1,1,0
3633372,659287,15,29,60,86,29,59,96,88,48,1,1,74,18,1,0,0,1,1,0,1
970692,212580,50,54,16,45,18,2,29,91,34,1,0,19,41,0,0,1,0,0,0,0
628745,774032,74,67,33,82,66,0,99,35,83,1,0,88,14,1,0,1,1,0,0,1
873812,629416,89,68,19,81,49,30,8,16,75,1,0,11,57,1,0,0,0,0,0,1
3132977,277827,54,40,79,78,47,55,0,89,56,0,0,21,13,0,1,0,0,0,0,1
3770118,552952,0,44,73,60,2,86,22,91,27,1,0,75,47,1,0,1,0,1,1,1
1558126,631652,89,73,33,64,97,83,66,36,65,1,0,13,71,0,0,0,0,0,1,1
4017042,780372,27,90,42,88,65,79,31,80,64,1,0,47,72,0,0,1,0,0,1,1
4739170,169244,52,79,9,25,26,45,87,59,72,0,0,53,74,1,0,1,0,0,1,1
736644,481857,57,29,93,34,86,31,5,48,21,0,0,35,81,1,1,1,1,0,1,0
852416,69340,72,76,29,56,95,80,76,80,50,0,1,60,62,0,1,0,0,1,0,1
3347915,616524,59,99,24,78,98,17,48,96,90,0,0,54,54,1,1,0,1,0,1,1
2973737,16017,58,84,56,62,39,67,14,55,8,1,0,13,31,1,1,0,1,0,1,1
1907542,828045,21,44,62,3,17,34,57,33,70,1,0,1,35,1,0,1,0,1,0,0
4391896,791167,7,44,70,78,26,99,52,86,35,0,1,1,84,1,1,1,0,1,1,1
1674620,999424,48,78,46,41,10,22,29,29,53,0,1,60,90,1,1,1,0,1,1,1
1374846,559636,41,83,83,44,38,78,75,26,37,1,0,5,84,0,0,1,1,1,0,1
2192569,414664,26,83,80,38,18,12,39,50,65,0,0,24,74,0,1,1,1,0,0,1
2049395,276635,38,44,2,64,88,77,58,8,42,1,0,66,56,0,1,1,0,1,0,0
1189336,214720,82,54,45,21,6,13,62,19,4,0,0,22,43,0,1,1,1,1,1,0
3338102,126070,24,58,35,10,94,36,47,86,80,0,1,72,33,0,1,1,1,1,1,1
2650979,756917,37,4,25,36,56,4,98,46,36,0,1,94,50,0,1,0,1,0,0,0
4105513,850191,84,31,9,89,1,21,91,18,57,0,0,27,68,1,1,1,1,0,1,0
2232816,967057,23,5,33,50,37,27,67,67,62,0,1,24,91,1,0,1,0,0,1,0
261753,923472,23,93,77,90,4,3,6,76,98,0,1,98,9,0,0,1,1,0,1,1
1271984,267512,59,25,7,57,77,49,46,11,50,1,1,64,11,0,0,0,0,0,0,0
4518420,996464,82,36,54,76,81,28,42,72,71,1,1,65,40,1,0,0,1,1,1,1
855496,40010,49,12,90,6,35,36,15,78,42,1,0,78,2,1,1,1,1,0,0,1
2935090,976658,65,92,9,7,67,34,21,84,66,1,1,42,64,1,1,0,1,0,1,1
3405228,565139,13,68,56,50,87,19,62,78,66,0,1,39,39,0,1,1,1,0,1,1
2363349,652049,52,24,78,22,76,34,45,4,64,1,0,79,64,0,1,0,0,1,0,0
693992,948000,31,12,85,89,84,98,44,68,61,0,0,22,76,1,1,0,0,1,0,1
276240,783928,95,87,44,90,56,83,40,24,87,0,0,48,78,0,0,1,0,1,0,1
4629899,918584,91,94,49,8,96,1,24,87,62,0,0,98,70,0,0,0,0,1,0,1
4091151,691296,47,19,63,45,19,57,49,30,29,1,1,7,29,1,0,1,0,0,1,0
1527042,608146,38,71,94,37,4,17,66,45,89,0,0,6,87,1,1,1,0,1,1,1
2148061,596293,39,59,1,12,23,93,51,33,37,0,1,20,71,1,0,0,0,1,1,0
4585224,42493,41,72,44,6,98,55,85,40,50,0,0,34,66,0,1,0,1,1,1,0
1098332,730155,76,20,94,10,29,63,30,77,37,0,1,96,78,1,0,1,0,0,0,1
1079854,696750,75,60,61,73,27,92,36,90,66,1,0,98,99,0,0,1,1,0,0,1
4225942,539580,7,83,13,96,52,51,21,67,76,0,0,81,42,1,1,1,0,0,1,1
2734957,883809,78,78,73,49,50,21,26,86,99,1,1,60,52,1,0,1,0,1,1,1
363187,688725,25,25,93,66,6,92,1,37,47,0,0,82,77,1,1,0,0,0,0,1
4849454,528238,11,53,99,40,41,59,21,45,11,1,0,73,90,1,0,0,0,0,1,1
4903855,939711,42,41,14,28,34,9,52,68,19,1,0,67,29,0,1,1,0,1,1,0
1762518,106735,50,10,13,36,93,83,16,26,71,1,0,29,40,1,0,1,1,0,0,0
1882678,552200,90,36,30,55,33,79,55,42,1,1,0,96,43,1,1,1,1,0,0,1
367527,85771,81,10,28,79,72,5,83,77,74,1,0,67,36,1,0,1,1,1,0,1
2944804,716932,99,26,26,15,75,80,87,70,84,1,0,8,5,0,1,1,0,0,0,1
1787819,636581,62,93,84,43,53,5,30,44,54,1,0,16,82,1,0,1,0,0,1,1
1720373,104083,48,82,8,49,28,85,42,17,5,0,0,42,36,0,1,1,1,0,1,0
794557,642943,26,33,19,70,9,81,71,31,82,0,0,87,0,1,1,0,0,0,1,1
1190121,941780,8,37,98,78,26,95,52,1,93,1,1,56,88,0,0,0,1,1,1,1
3649330,626747,38,60,57,5,82,27,4,40,61,1,1,12,9,0,1,1,1,1,1,0
1925049,403750,64,86,78,17,12,41,1,19,48,1,1,56,25,0,1,0,0,0,1,1
3445705,752365,70,52,87,18,41,73,58,92,99,0,1,25,86,0,1,1,0,0,0,1
683442,237682,89,64,48,50,36,40,3,57,83,0,0,60,16,0,1,0,0,1,0,1
4309545,433886,70,2,56,65,60,62,98,89,53,0,1,61,63,0,1,1,1,0,1,1
1620827,984651,6,66,15,2,95,21,33,37,9,1,0,18,93,1,0,1,0,0,0,0
2156874,234171,71,27,99,88,78,91,66,0,23,1,0,80,26,0,0,1,0,1,0,1
4131814,378839,79,13,74,99,20,78,83,68,96,1,1,29,74,0,0,0,0,0,0,1
4888118,172558,66,51,7,53,2,28,72,53,28,0,0,89,67,1,1,0,0,0,0,0
1951797,988061,9,29,66,48,7,70,5,13,93,1,1,12,17,0,1,0,1,0,0,0
297406,301412,70,57,18,27,69,33,57,24,99,1,1,48,82,0,1,1,1,1,0,0
3652814,112338,84,53,66,37,92,95,46,8,5,1,1,81,99,1,1,0,0,0,0,1
3972827,479551,52,68,35,27,82,1,4,93,57,0,1,84,49,1,1,1,0,1,0,1
4778887,293480,94,14,88,31,16,25,60,82,77,1,0,97,89,1,0,1,1,0,0,1
1221436,795073,86,37,59,40,9,74,55,60,56,1,1,50,64,1,1,1,0,0,0,1
3091912,92132,56,77,35,35,96,88,34,51,2,0,1,8,19,0,0,0,1,1,0,0
1809184,300103,90,13,10,35,12,18,94,7,23,0,0,93,61,0,0,0,0,0,0,0
4998793,149378,85,56,50,86,90,19,12,15,18,0,1,28,74,0,1,0,0,1,1,0
4384238,182254,26,58,79,65,11,32,25,7,97,0,0,92,58,1,1,0,1,1,1,1
2528476,603411,53,7,54,9,65,80,85,22,8,1,1,82,24,1,0,0,0,1,1,0
684273,454542,3,71,53,69,73,93,95,72,29,1,1,7,82,1,0,0,0,0,0,1
2603233,757255,87,18,16,71,84,81,63,95,95,1,0,80,95,1,1,1,1,1,0,1
3022236,550786,22,31,61,78,22,95,78,33,76,0,0,75,64,0,1,1,0,0,1,1
888332,599486,47,94,41,92,64,3,10,17,81,0,0,14,64,1,0,0,0,1,1,1
926448,505585,82,28,23,62,96,31,61,43,43,0,1,68,66,1,0,1,0,1,1,1
270463,32197,41,40,16,91,51,18,79,14,52,0,1,33,57,0,0,1,0,1,1,0
1333183,681079,2,74,47,21,60,2,46,14,85,1,1,51,39,1,0,1,1,0,0,0
3066457,113775,90,44,83,97,25,91,69,92,67,1,0,49,95,1,0,0,1,0,1,1
2630992,816464,2,12,85,19,14,60,74,22,59,0,0,66,46,0,1,0,1,1,0,0
4514380,851056,27,26,69,32,21,37,57,86,22,1,1,4,99,1,1,0,0,1,1,0
1360294,869609,62,18,6,14,88,5,9,64,60,1,0,97,42,1,1,1,1,1,0,0
4918784,833396,80,25,13,6,64,55,15,85,6,0,1,8,7,0,0,0,0,0,1,0
2544688,690388,30,52,10,87,25,39,11,70,43,1,1,87,93,1,1,1,0,0,0,1
236413,116030,9,50,11,89,20,80,70,31,54,1,0,4,61,1,1,0,1,0,1,0
3148632,321790,48,36,4,49,23,68,90,91,74,1,0,26,33,0,1,1,1,0,1,1
764430,872619,85,8,4,9,15,82,87,31,38,0,1,83,7,0,0,0,0,0,1,0
3868508,406752,93,91,19,78,31,41,49,32,58,0,0,46,24,1,1,1,0,0,1,1
3224015,646687,20,95,53,36,15,98,14,42,97,0,1,61,25,0,1,1,1,1,1,1
1115480,61747,99,51,54,58,76,85,58,12,4,0,0,44,90,0,0,1,1,1,1,1
3841141,50712,52,53,57,87,41,87,69,91,41,1,0,65,53,1,1,0,1,1,1,1
3581915,404489,86,2,78,74,31,73,61,8,88,0,0,22,82,1,0,0,1,1,0,1
242056,338964,75,95,89,62,49,1,82,61,91,1,1,97,86,1,0,1,0,0,1,1
2348983,130342,88,68,96,20,40,27,71,56,13,1,1,60,40,1,0,0,1,1,1,1
3142775,620516,53,7,29,78,23,16,61,47,26,0,1,92,79,0,0,0,1,0,0,0
973952,341497,56,13,23,78,12,69,99,42,15,0,1,42,71,0,0,0,0,1,0,0
1108380,492707,19,2,86,36,74,68,49,66,90,0,0,34,62,1,1,0,0,1,0,1
4820792,97091,48,23,72,44,78,38,76,80,1,0,0,29,93,0,1,1,1,1,0,0
1537768,353058,6,12,2,13,9,6,53,97,18,1,1,66,71,1,1,1,0,1,1,0
3290930,186902,28,42,99,42,41,31,53,31,22,1,1,9,74,1,1,1,1,1,1,0
2060971,898150,47,28,47,84,40,3,96,72,40,1,1,55,6,0,0,1,1,1,0,0
1714101,415343,92,71,70,83,2,20,95,59,13,0,0,33,84,1,1,1,0,1,0,1
2530344,251222,12,50,21,32,54,31,27,0,46,0,0,64,97,1,1,1,1,0,1,0
1606150,219560,2,41,13,2,15,81,50,56,62,0,0,5,84,0,0,1,1,1,1,0
725005,540827,1,30,47,86,43,96,73,83,89,0,1,69,68,1,0,0,1,1,1,1
3619548,707121,15,62,28,43,80,13,32,68,7,1,1,42,49,1,0,1,1,1,0,0
1429458,837651,93,25,49,86,88,69,0,84,26,0,0,15,42,0,1,1,0,1,0,1
1367272,937196,5,17,79,90,29,74,84,68,39,1,1,62,16,1,0,1,0,1,0,1
4955997,280478,44,81,97,34,98,45,68,67,27,1,1,64,20,1,0,0,0,0,1,1
3650087,951119,70,56,9,24,36,19,0,60,67,1,0,4,5,1,0,0,1,1,0,0
1693551,799335,4,6,70,95,59,92,54,7,60,0,1,24,70,1,0,1,0,0,0,0
4173313,426743,55,47,88,85,76,57,84,88,37,0,0,26,74,1,1,1,1,0,1,1
2636831,938133,70,79,26,7,23,98,88,6,74,1,1,41,81,1,1,0,0,0,0,1
4365255,519906,97,59,78,61,25,79,83,36,23,0,1,54,37,0,0,0,1,0,1,1
1906517,587296,31,32,95,17,57,47,44,41,27,0,1,25,62,1,1,1,1,1,1,0
3397445,481492,48,2,27,91,8,6,72,31,40,0,0,15,11,1,1,1,0,1,1,0
3348491,366462,12,3,8,27,60,39,79,16,17,1,0,89,21,1,0,1,1,1,0,0
555054,424924,29,99,70,74,18,58,91,27,48,1,1,27,2,0,0,1,0,0,1,1
3401208,671220,24,3,79,11,27,35,39,69,84,1,1,91,18,0,1,1,1,1,1,1
4039847,939942,84,41,25,63,6,43,60,47,25,1,0,29,42,1,0,1,0,1,1,0
1366670,72300,59,8,98,1,44,30,35,53,2,1,1,76,86,1,1,1,0,1,1,0
880667,396407,58,50,80,58,85,41,23,41,76,0,1,88,97,1,0,0,0,1,1,1
3048883,994049,84,16,86,36,93,43,79,35,37,0,0,44,66,0,1,1,0,1,0,1
2214017,812274,27,16,7,3,62,42,13,65,91,1,1,18,86,0,1,0,1,0,0,0
4839276,196285,57,96,1,40,36,42,97,30,13,1,1,12,4,0,1,0,1,0,0,0
4222261,833804,19,19,94,44,15,46,87,64,0,1,1,74,28,0,1,0,1,0,1,0
4837203,381460,33,13,56,33,99,5,74,2,91,1,1,22,97,1,0,1,0,1,1,0
4875519,103971,4,21,51,86,4,92,99,12,99,0,0,13,4,1,0,0,0,1,0,1
2199482,991410,81,51,57,12,28,90,0,30,10,1,0,73,92,1,1,0,1,0,1,1
3849244,43744,59,26,95,6,51,65,46,28,39,0,0,97,44,0,0,1,0,1,0,1
4814466,383226,42,42,92,31,22,85,75,56,3,1,1,22,53,0,0,1,1,1,1,0
4113397,324586,56,2,2,22,5,8,20,32,33,0,0,39,23,0,1,1,0,1,1,0
3288589,920502,56,87,7,48,35,10,72,52,64,0,1,63,20,1,1,1,0,1,0,1
4439399,615278,74,93,58,71,56,79,38,9,55,0,1,84,31,0,1,1,0,1,0,1
1721722,913102,53,7,1,46,32,76,2,62,9,1,1,58,4,1,1,1,1,0,0,0
2062205,374061,80,85,94,36,48,17,15,72,80,1,0,19,61,0,1,1,0,0,1,1
1665915,239975,44,88,61,97,40,24,67,64,70,1,1,31,17,0,1,1,1,1,1,1
550067,532938,85,9,48,47,79,96,25,95,63,1,1,77,34,1,1,1,0,1,1,1
1906826,574405,36,28,19,28,54,73,53,96,12,0,1,23,79,0,0,1,1,1,1,0
2259385,882676,83,39,28,36,97,57,12,1,21,1,0,45,98,1,0,0,1,0,0,0
1641246,975276,47,64,16,22,25,29,60,1,55,1,1,17,87,0,1,1,1,0,1,0
2567322,794622,53,20,73,37,36,0,19,68,64,1,0,93,99,0,0,0,0,0,1,1
1575645,53113,47,23,21,92,76,62,82,73,91,1,0,91,4,1,1,0,1,0,0,1
3938858,144861,5,72,5,43,16,96,26,36,96,1,1,47,8,0,1,1,1,1,0,1
2470463,37125,33,59,61,4,95,78,1,1,12,0,1,13,3,0,0,1,1,0,0,0
1034440,234767,62,25,97,51,31,28,9,60,0,0,0,53,32,1,1,1,1,0,1,0
899895,397144,77,8,30,39,27,65,59,39,37,0,0,20,90,0,0,1,1,1,1,0
445144,939963,47,19,61,10,92,74,88,62,57,1,0,97,21,1,1,0,1,0,1,1
4224227,695778,22,55,11,77,24,52,18,24,24,1,0,4,58,1,1,1,1,1,0,0
4022727,903336,83,98,11,1,46,97,14,37,41,0,1,30,10,1,0,0,0,0,0,1
1444360,183157,12,35,62,34,21,18,46,36,84,1,1,66,68,0,1,0,1,1,1,0
3249316,548056,46,35,15,44,90,65,23,81,32,0,0,86,9,1,1,1,0,0,1,1
2749565,710321,43,72,24,48,60,83,15,26,56,0,0,58,2,0,1,1,1,1,1,1
1349734,348243,31,21,21,34,43,51,80,83,36,0,0,43,14,1,1,0,1,1,1,0
2046585,258807,25,0,90,91,19,30,59,49,56,0,1,63,36,1,0,1,1,1,1,1
3160883,688245,52,68,87,71,49,59,79,33,97,0,0,93,39,0,0,1,1,0,0,1
4307618,616709,13,72,75,31,87,67,81,43,61,1,0,41,16,1,0,1,1,0,1,1
1106450,721442,51,36,17,67,46,92,48,71,2,1,0,93,19,1,0,1,1,1,0,1
1682795,798327,35,82,44,70,46,29,3,3,29,1,0,99,3,1,0,1,0,0,1,1
482140,186383,7,71,79,38,71,12,65,93,66,1,0,37,97,0,0,1,0,0,1,1
1808795,749854,39,95,67,47,50,14,48,51,62,0,0,6,33,1,1,1,0,1,0,1
758981,203139,85,12,11,90,54,19,30,54,81,0,0,58,94,0,0,0,1,0,1,1
2243321,76017,21,83,48,36,77,33,65,99,22,0,0,68,33,0,0,1,1,1,1,1
308944,815364,15,99,32,59,38,91,53,72,71,0,1,69,66,0,1,0,1,1,0,1
1997519,550648,90,42,85,80,13,19,1,11,72,1,1,48,27,0,0,0,0,0,1,1
4077590,846279,59,36,62,73,68,49,60,13,65,0,1,77,92,0,1,1,0,1,0,1
3915929,507394,59,93,17,3,46,88,14,34,60,0,0,10,78,1,1,1,1,0,0,0
2158691,619653,9,73,53,22,20,26,59,5,1,0,1,1,35,1,0,1,1,1,1,0
4591401,614756,24,94,96,13,14,29,42,46,26,1,0,94,34,1,1,0,1,1,1,1
3128100,262137,30,24,26,4,99,55,92,22,47,0,1,26,40,0,1,0,0,1,0,0
2909236,306075,20,92,82,65,96,83,97,67,62,0,0,15,58,1,0,1,0,0,0,1
2153341,60823,90,87,77,23,80,64,39,64,99,0,1,63,73,1,1,1,0,0,1,1
1173737,829464,80,20,24,17,83,98,95,58,4,1,1,65,16,1,0,1,1,1,0,0
1333387,776279,32,40,33,26,0,54,84,8,0,1,0,48,29,0,1,1,1,1,0,0
4102908,741786,30,72,87,23,79,23,29,57,21,0,1,89,53,1,1,0,1,0,0,1
4848455,23807,89,41,59,28,81,24,62,47,73,1,1,15,51,1,1,0,0,1,0,0
2838439,934271,20,41,53,10,9,52,23,62,23,1,1,72,71,0,0,0,0,1,1,0
895532,668431,35,1,86,17,22,75,43,8,58,0,1,51,22,1,1,0,1,0,1,0
495866,582701,64,67,4,3,17,10,13,43,78,1,0,72,18,1,0,0,0,1,1,0
997057,686509,3,7,35,32,57,93,27,45,96,1,0,4,36,0,0,1,0,1,0,0
4592541,544828,67,95,53,77,72,59,13,14,49,0,0,35,58,0,0,0,0,0,1,1
2005518,761572,89,60,87,41,93,76,55,87,22,0,0,6,35,0,1,1,0,0,0,1
3635088,75248,3,13,35,31,76,46,33,52,77,1,0,60,67,0,1,0,1,1,0,0
3136537,257515,8,76,68,50,51,24,77,47,17,0,1,95,25,1,1,0,0,0,1,1
3823425,752097,29,20,38,3,94,24,88,71,88,1,0,28,26,0,0,1,1,1,0,0
3799537,115494,44,23,69,19,45,16,11,91,21,0,0,66,76,1,0,0,1,0,0,0
2346674,778931,3,49,99,84,12,11,55,41,43,1,0,29,61,0,0,1,0,1,1,0
2182847,614723,68,81,3,66,95,51,60,16,43,0,0,39,61,0,0,1,0,1,1,0
2409853,549075,22,44,73,88,16,10,60,34,36,1,0,30,51,0,1,1,0,1,0,0
4291685,288126,15,63,64,67,66,9,39,30,6,1,0,47,43,1,0,1,0,0,1,0
407352,255768,21,63,84,61,60,80,19,3,89,1,1,90,97,1,0,0,0,0,1,1
1875502,551894,71,25,39,57,64,59,41,47,23,1,1,5,32,1,1,0,1,0,0,0
384514,787920,47,31,36,46,52,53,6,13,76,1,0,61,89,1,1,1,0,1,1,0
998658,932654,61,56,66,74,4,79,78,24,40,1,0,28,83,0,0,1,1,0,0,1
2057596,777783,96,52,30,79,31,62,72,45,69,1,0,8,62,0,1,0,1,0,0,1
1458624,238867,59,32,90,58,88,19,67,47,84,1,1,53,71,0,0,0,0,0,1,1
1162452,117223,79,51,80,99,44,4,30,39,70,0,0,83,79,1,1,1,1,0,0,1
4983725,576224,4,94,86,5,55,40,86,49,17,1,1,10,68,1,1,1,0,1,0,0
1970394,622574,79,17,76,94,4,62,69,6,78,0,1,18,33,0,1,1,1,0,1,1
4336725,931097,6,34,46,39,86,55,91,94,71,0,0,73,26,0,0,1,1,0,0,1
2950025,939862,50,11,26,76,75,31,75,59,59,1,1,4,35,1,1,0,0,1,0,0
2289934,566669,64,50,50,22,33,26,46,34,51,0,1,86,3,1,0,1,0,1,1,1
3126979,388609,8,88,19,51,60,67,50,62,79,0,0,69,52,0,0,0,1,0,1,1
2714399,819506,81,94,12,3,86,47,57,19,48,0,1,94,70,0,1,1,1,0,1,1
4863062,418811,44,9,62,36,79,6,21,15,66,0,1,17,36,0,0,1,0,1,1,0
3995830,573482,46,51,43,41,61,45,23,21,44,0,0,20,99,1,0,0,0,1,0,0
1155205,709737,66,33,23,43,68,77,33,35,8,0,0,14,87,1,1,0,0,0,0,0
2323091,293997,23,66,2,96,62,87,62,18,25,1,1,58,78,0,1,0,1,0,0,0
1166649,340863,91,38,9,41,43,17,59,1,25,1,0,94,49,0,0,0,0,0,0,0
1134048,156733,9,7,64,28,27,37,18,67,29,0,0,73,69,0,0,1,1,0,1,0
3230555,528512,72,95,48,18,69,64,23,97,26,1,0,5,25,1,0,1,0,1,0,1
2064071,710853,76,28,57,83,12,16,63,6,79,0,0,23,89,1,0,1,0,1,0,0
4922340,648012,47,21,76,31,42,89,19,46,3,0,1,96,24,0,1,1,1,1,1,1
1627989,242777,34,83,77,43,29,85,97,48,50,0,0,59,32,0,0,0,1,1,0,1
2232709,172567,53,69,96,54,25,81,26,77,82,1,0,27,66,0,1,1,0,0,0,1
1400532,18703,86,60,1,79,80,37,57,42,97,1,0,91,72,1,0,0,1,1,0,1
664462,975584,80,42,65,4,62,91,43,31,69,1,0,73,36,1,0,1,0,1,0,1
3191620,953319,70,48,30,45,72,84,92,16,78,0,1,22,37,1,1,1,1,0,1,1
3200109,952069,15,28,67,75,56,62,64,13,9,1,1,78,93,1,1,0,1,1,0,0
3772401,985825,52,80,97,44,63,96,45,80,35,1,1,45,26,0,1,1,1,1,0,1
2644975,908923,39,30,82,20,79,93,99,31,45,0,1,36,12,0,0,1,0,0,1,0
3471557,63453,99,52,36,77,48,41,53,59,5,1,1,13,22,1,1,0,0,1,0,1
2472759,617766,19,33,72,21,51,7,38,59,69,1,0,47,66,1,0,0,0,1,1,0
4803623,506738,87,37,23,29,62,29,6,51,78,1,1,77,86,1,0,0,0,0,1,1
2649308,824593,68,56,76,22,81,63,53,65,92,1,0,70,98,0,1,1,1,0,0,1
3948294,192063,44,3,43,4,12,8,42,3,88,0,1,35,87,1,0,0,1,0,1,0
474535,381440,5,1,93,62,92,96,19,93,82,0,0,81,54,0,0,0,0,1,0,1
3448204,243411,91,11,82,92,87,56,83,93,77,0,1,59,36,0,0,1,1,1,0,1
2680017,407932,68,34,40,58,44,58,24,62,2,0,0,53,11,0,1,0,0,1,0,0
4331146,824781,48,69,73,93,45,92,42,32,49,0,1,78,53,1,0,1,1,0,1,1
1117472,576386,38,71,50,81,76,94,84,0,41,0,0,62,19,1,0,0,0,1,0,1
2478581,375579,1,20,41,51,88,66,72,96,77,1,1,96,17,1,0,1,1,1,1,1
3849279,922636,38,60,77,64,40,74,26,99,53,0,0,47,6,1,0,0,0,0,0,1
2204517,56990,20,34,39,38,45,4,91,63,38,0,1,21,89,0,1,0,1,0,1,0
2262362,336065,39,47,47,80,0,94,24,94,84,1,0,42,75,0,1,0,1,1,0,1
3832403,696898,81,14,83,2,72,83,35,36,54,1,0,40,97,1,0,0,0,0,1,1
3421131,629860,53,70,3,41,67,3,97,77,10,0,1,16,95,0,0,1,0,0,1,0
2207338,766269,11,14,59,70,91,7,65,69,73,1,0,62,93,0,0,0,1,0,0,0
788574,274357,80,5,38,26,11,41,8,6,78,1,1,89,1,1,0,1,1,0,1,0
2634138,129693,36,80,4,27,87,34,82,23,29,0,0,78,53,1,1,1,0,1,1,0
304927,180295,37,67,95,53,72,12,78,67,80,1,0,17,7,0,1,1,0,1,1,1
2049916,883087,14,21,5,94,34,4,52,54,55,1,1,71,32,1,1,0,1,0,1,0
2782985,790786,6,31,13,14,98,39,20,88,28,0,0,2,45,0,1,0,0,1,0,0
4417690,335515,77,21,69,52,32,18,49,2,16,0,0,53,41,1,1,0,0,0,1,0
3849886,73274,49,26,77,71,57,81,15,91,32,1,0,13,93,0,1,0,1,0,1,1
4646460,899285,64,14,11,69,34,96,65,22,20,1,1,33,62,1,0,1,0,0,1,0
1153122,271278,66,43,61,91,45,3,25,35,77,0,1,96,91,0,0,1,1,0,1,1
4243763,882860,43,85,26,3,83,58,43,56,9,0,0,0,76,1,0,1,0,0,0,0
4863754,568889,30,91,53,93,65,17,28,47,86,1,1,47,87,1,1,0,0,0,0,1
4717562,865321,42,8,89,16,43,23,96,12,38,1,1,98,32,1,0,1,0,1,1,0
2498354,282834,76,33,11,33,25,92,97,60,77,0,1,9,68,0,0,1,1,1,1,1
314589,269053,47,99,7,5,41,30,45,85,46,0,0,82,69,1,0,1,0,0,1,1
1393982,358383,81,72,73,35,76,57,90,88,85,0,1,10,3,1,1,1,1,1,0,1
819003,347176,80,14,15,98,29,27,70,23,51,1,0,98,57,0,1,1,1,0,1,1
393839,541350,80,61,51,38,31,8,48,42,40,0,1,65,97,1,0,0,1,1,0,1
706453,342530,60,44,25,79,35,44,14,32,91,0,0,2,28,0,0,1,0,1,1,1
3247589,753597,74,83,7,65,18,89,16,77,46,0,0,14,20,0,1,1,0,1,1,1
3127053,695091,83,71,44,7,21,48,8,23,72,1,0,58,25,0,1,1,0,0,1,1
2724055,141225,9,57,92,14,64,1,76,21,86,1,0,63,95,0,0,1,1,1,1,0
3190193,146553,28,91,83,62,56,5,31,51,70,1,1,46,85,0,1,1,1,0,0,1
4840176,104270,47,18,80,90,10,28,65,86,87,0,1,91,40,0,1,0,1,0,0,1
2707743,857857,97,15,18,79,25,25,58,5,42,0,1,1,77,1,0,1,1,0,1,0
1755811,723960,80,74,16,64,47,27,31,18,36,0,1,29,33,0,0,0,0,1,1,0
1856042,614269,61,7,64,58,18,6,83,75,72,0,1,37,43,1,0,0,1,0,0,1
4045474,994501,12,32,28,9,82,33,42,89,63,1,0,4,0,0,1,0,0,1,0,0
4124482,633758,43,73,13,6,11,55,82,28,70,1,0,5,31,1,0,0,1,1,1,0
3432452,688565,46,17,16,73,66,9,90,63,59,0,1,4,31,0,0,0,1,1,1,0
4490697,93887,63,34,12,75,55,56,99,13,86,0,1,11,50,0,1,1,1,0,1,0
3946328,348686,90,42,92,80,17,46,58,80,24,0,1,3,23,1,1,1,1,0,1,1
4361603,966653,52,49,97,11,4,85,29,29,21,0,0,23,43,1,0,0,1,1,0,0
2110332,840544,89,2,90,78,23,26,10,70,42,0,0,24,84,0,0,0,0,0,0,1
3940030,147012,91,90,62,45,77,38,79,20,70,1,0,25,75,0,0,0,0,1,0,1
2698578,850442,76,58,32,31,37,21,25,64,69,0,1,54,83,1,1,0,1,0,0,1
4012010,737154,75,27,28,31,66,18,93,3,35,1,0,45,36,1,1,1,0,1,0,0
1678081,291629,43,45,36,89,69,99,1,45,45,1,1,45,83,0,0,1,0,0,0,1
1770889,618587,27,63,82,77,75,8,33,7,21,0,1,42,65,0,0,0,1,1,1,0
2599146,522537,1,69,45,89,51,18,40,17,34,1,0,59,13,1,1,1,1,0,1,0
3271640,897016,56,46,23,60,74,1,85,59,46,1,1,32,16,0,1,0,1,0,1,0
1745491,399283,56,13,13,68,38,91,30,44,32,0,1,20,87,0,0,1,1,1,1,0
2122967,812039,33,6,4,60,58,60,62,71,84,0,0,86,93,1,1,0,1,0,0,1
1150922,245491,86,73,52,45,25,58,54,94,74,0,0,36,14,1,1,1,1,1,1,1
1884449,590885,57,78,87,67,64,85,60,30,12,0,1,11,60,0,0,1,1,0,1,1
665590,262808,51,30,97,91,79,69,84,27,55,1,1,20,48,0,1,0,0,1,0,1
1633284,865986,28,92,94,54,47,70,35,63,66,0,1,12,97,1,1,0,0,1,0,1
1317374,971025,34,80,29,0,52,69,39,36,12,1,1,32,7,1,1,1,0,0,0,0
3199610,772842,74,50,59,76,8,32,22,66,49,1,1,69,2,1,1,0,0,1,0,1
2498756,806619,47,28,72,66,4,77,25,78,56,1,1,75,74,1,0,0,0,1,0,1
2988107,763271,32,14,90,48,71,64,17,67,97,0,1,60,26,1,1,1,0,0,0,1
230257,795417,74,89,27,24,60,24,78,34,27,1,1,29,8,0,1,0,0,1,0,0
4801731,703412,72,75,25,15,20,69,33,97,97,1,1,36,14,1,0,0,0,0,0,1
1185257,155635,77,24,17,84,96,27,85,35,95,0,0,81,31,1,1,1,1,1,1,1
1301267,707682,8,60,35,12,62,17,27,56,86,1,1,15,10,1,0,0,1,0,1,0
2255845,721605,47,40,7,51,19,62,48,69,87,1,0,44,2,0,1,1,0,1,1,1
618829,842946,66,68,17,35,57,90,63,3,64,0,1,70,25,0,1,1,0,1,1,1
2835466,285752,92,3,83,71,44,48,70,48,23,1,0,0,6,1,1,0,1,0,1,0
3638780,989766,82,56,57,43,21,65,62,93,66,1,0,52,91,0,0,0,0,1,1,1
4315345,862759,35,30,31,82,76,39,61,38,80,1,1,27,54,1,1,0,0,1,0,0
4938202,717585,95,2,92,46,74,84,41,17,6,0,0,52,38,1,0,1,0,1,0,1
1746933,472210,70,66,48,79,81,86,23,59,73,1,0,43,3,1,0,0,0,1,1,1
525329,257773,91,89,47,75,62,65,34,85,82,0,0,66,29,0,1,1,1,1,1,1
3156151,284365,43,49,81,19,29,79,76,9,23,0,0,38,37,0,1,0,0,1,1,0
1427222,839938,81,16,70,17,62,3,54,92,8,0,1,9,50,0,0,1,0,1,1,0
3567851,812400,59,59,64,53,96,33,48,22,14,1,0,50,77,1,0,0,1,1,0,0
1743812,394821,62,73,91,11,43,4,76,67,55,1,1,13,35,0,0,1,1,1,0,0
1065256,218678,4,65,32,24,66,97,94,58,85,1,0,78,94,1,0,0,0,1,1,1
200917,426153,86,87,49,59,57,21,58,82,16,1,0,5,82,0,0,0,1,0,1,1
4673447,460651,85,74,3,74,64,19,82,89,18,0,1,38,59,1,0,1,1,0,1,1
462091,185580,89,23,83,85,35,46,92,6,8,1,0,79,50,1,0,1,0,0,1,1
603157,791064,75,98,35,33,5,76,21,12,63,1,1,81,75,0,0,1,1,0,1,1
449265,524911,39,86,94,12,36,33,84,2,56,0,1,98,48,1,0,1,1,0,1,1
1584822,177903,18,31,27,37,92,43,60,39,37,1,1,47,14,0,1,1,0,1,0,0
2007402,441149,46,86,2,11,74,5,79,10,82,0,0,24,72,1,0,1,1,1,1,0
2149902,445523,64,97,5,35,54,55,29,79,7,0,0,96,90,1,0,0,0,1,1,1
1335371,708700,66,18,44,27,76,28,68,83,5,0,1,32,83,0,0,1,0,0,0,0
528821,107951,90,65,22,90,74,96,59,50,48,0,1,82,27,1,0,0,0,0,0,1
859987,899738,17,59,6,38,58,52,5,86,44,1,0,74,24,1,1,1,0,1,0,0
443877,310745,49,65,60,76,37,0,84,22,20,0,0,66,79,1,0,1,1,1,0,0
3545026,736316,29,14,99,42,24,58,10,31,92,0,1,64,81,1,1,1,1,1,0,1
1747419,77178,65,84,64,90,78,47,23,40,33,1,0,39,35,0,1,1,1,1,0,1
1120759,221383,4,34,5,30,76,6,91,41,11,0,1,24,3,0,1,1,1,0,1,0
1961369,164826,92,68,23,1,32,85,78,37,38,0,0,56,20,0,1,0,0,0,1,1
3448140,965814,96,26,36,81,12,31,50,66,95,1,1,31,90,1,0,0,1,0,0,1
2413697,74893,41,87,44,89,37,77,18,71,5,0,0,45,64,0,1,1,0,0,1,1
1667172,353943,83,6,50,41,57,60,49,77,80,1,0,99,68,0,0,0,0,1,1,1
2058997,518223,93,5,99,30,87,56,80,71,31,1,0,3,9,1,0,0,0,1,0,1
1618826,839799,4,32,87,60,19,50,2,74,59,0,0,22,49,1,0,1,1,1,0,1
4680967,280345,49,57,44,55,16,87,2,41,7,1,1,79,84,0,1,1,1,1,1,1
1629290,925243,84,48,62,85,23,18,91,42,37,0,0,74,9,0,1,1,0,0,1,1
2320711,280375,57,16,28,99,25,26,30,32,92,1,1,21,89,1,0,0,1,1,0,0
721244,261682,78,41,95,82,39,62,46,78,94,1,1,32,15,1,1,1,1,1,0,1
1599769,243886,83,93,24,13,31,59,7,36,18,0,1,40,37,1,1,0,0,0,1,0
2695389,440711,7,71,9,13,92,60,16,77,54,0,0,61,66,1,1,0,1,1,1,0
4839059,419384,30,39,34,28,77,60,98,89,8,1,1,37,19,0,0,1,0,1,1,0
688051,430840,11,45,54,80,36,86,99,56,51,0,1,55,68,0,1,0,1,0,0,1
1025782,146707,20,70,24,49,85,44,90,63,27,0,1,62,69,1,0,0,1,0,1,0
639439,539252,93,69,90,49,97,20,44,63,61,0,1,76,24,1,1,1,1,1,0,1
3817597,426001,61,67,44,62,90,43,96,59,47,1,1,84,88,0,1,1,0,0,1,1
4809770,755406,90,0,95,72,91,92,59,51,38,0,0,75,53,0,1,1,0,1,1,1
1464134,743157,89,78,11,64,85,0,74,71,52,1,0,54,11,0,0,0,1,1,1,1
2094554,745150,32,94,3,67,59,94,20,67,94,1,0,50,64,0,1,1,1,1,1,1
4915700,737288,25,88,89,70,56,90,69,99,62,1,0,89,53,1,0,1,0,0,1,1
1147272,17336,89,96,66,10,57,43,20,81,18,0,0,64,66,0,0,0,0,1,1,1
3331603,868907,99,51,16,13,66,99,57,26,32,0,0,56,20,1,1,0,1,1,0,1
3985961,425628,39,34,72,82,21,61,54,58,63,0,1,85,4,1,1,1,0,1,1,1
3319734,87212,64,68,92,2,57,60,27,18,25,0,1,26,57,0,0,0,0,1,1,0
911943,866811,58,4,64,7,84,90,80,2,44,0,1,56,78,1,0,1,1,1,0,0
2437300,50591,14,99,81,92,79,78,81,72,0,0,0,54,3,1,1,0,0,1,0,1
4425389,853182,0,16,52,42,72,88,74,38,74,1,1,95,18,1,1,0,1,0,0,1
2821158,882080,10,52,83,8,76,78,45,65,65,1,1,71,80,1,1,0,1,0,1,1
3351478,887566,54,51,56,18,73,82,43,72,34,0,0,97,54,0,0,1,0,0,1,1
2638064,433670,1,13,97,11,48,49,88,55,76,1,0,81,60,0,1,0,0,0,1,1
4430207,627825,64,28,27,26,84,74,93,5,97,1,0,3,71,0,1,0,0,1,1,0
2198173,854104,94,7,98,57,48,40,24,27,97,1,0,64,23,1,0,0,1,1,1,1
4906797,294372,43,97,15,24,41,32,70,47,98,0,0,55,67,1,0,1,1,0,0,1
3773258,19429,15,0,20,44,39,86,48,97,95,1,1,52,87,0,1,0,0,0,1,1
1690017,89294,21,28,76,47,70,11,45,92,44,1,1,43,18,1,0,1,1,0,0,0
3302641,990312,17,35,98,49,45,1,90,47,75,1,0,15,23,0,0,1,1,0,1,0
1069446,382721,46,50,41,80,21,20,89,66,32,0,0,93,53,0,1,1,1,1,1,1
841593,189087,80,36,53,43,81,13,62,53,81,1,0,22,20,1,1,1,1,0,0,1
3851361,879506,29,92,31,58,20,33,76,15,68,0,0,30,80,0,0,1,1,1,1,0
1667130,336080,9,68,37,32,50,78,87,34,82,0,0,27,71,1,0,0,1,1,0,0
1734227,216979,98,52,69,77,13,84,11,74,30,0,1,49,94,0,1,0,0,1,1,1
2497905,848810,57,95,37,27,73,63,77,86,90,0,1,15,18,1,1,1,1,0,0,1
4426405,42310,61,51,53,17,96,22,56,29,63,1,0,40,74,1,0,1,1,0,1,0
4397079,631115,84,87,59,54,8,84,72,47,14,1,0,8,52,0,0,0,1,0,0,1
2787551,204899,79,82,76,32,17,49,63,68,45,1,0,1,49,0,1,0,0,1,0,1
4309070,433472,5,11,76,14,12,13,30,7,47,1,0,42,22,1,1,1,1,0,1,0
3598116,212500,66,51,46,60,16,84,3,50,67,1,1,65,36,1,0,1,1,1,1,1
2709907,104862,40,0,11,10,86,75,53,9,82,1,0,95,27,1,0,1,0,1,1,0
2006210,306033,42,6,52,35,24,45,82,27,84,1,0,79,86,1,1,1,1,1,1,0
4189284,318572,84,16,32,14,53,4,64,35,39,1,0,76,75,0,1,0,0,1,1,0
226616,377646,76,97,27,52,15,65,92,59,0,0,1,48,79,0,1,1,0,0,1,1
4342887,435423,17,42,2,61,23,21,5,9,19,0,1,90,79,1,1,1,1,1,0,0
1434215,579543,57,70,81,47,94,69,64,13,21,1,0,94,77,1,0,1,0,1,0,1
4038187,372968,59,16,25,93,74,1,88,62,53,0,0,96,70,1,0,0,0,1,1,1
4601207,227603,87,58,53,14,22,28,90,46,76,0,1,20,20,0,1,1,0,1,0,1
1238218,796841,26,2,39,62,40,60,21,68,64,0,0,18,20,0,1,1,1,0,0,0
552365,47438,67,28,65,86,85,99,16,55,14,1,1,56,40,1,0,0,1,1,0,1
2584775,246482,21,21,67,42,32,70,58,5,60,0,0,76,34,1,1,1,1,1,1,0
4309404,770598,23,37,91,49,41,15,28,93,78,0,1,59,87,1,0,1,0,1,0,1
561309,790372,39,53,91,59,47,63,66,18,13,1,1,18,0,0,1,0,1,0,0,0
4450167,799301,73,92,88,58,17,96,16,51,68,1,0,98,77,0,1,1,1,0,1,1
3518843,499476,65,49,89,14,62,96,1,61,48,1,0,63,83,1,0,1,0,0,1,1
2117577,717222,39,68,46,28,77,13,31,48,5,0,1,34,91,1,0,0,0,1,1,0
2792806,486153,5,29,1,74,91,42,21,77,40,0,0,32,81,1,0,1,1,0,0,0
1751899,817390,17,22,41,81,10,75,96,10,30,1,0,66,66,0,1,1,1,1,1,0
977635,212374,80,84,33,39,23,42,57,45,89,1,0,84,90,1,1,1,1,0,1,1
913340,942272,86,89,93,30,60,69,52,68,63,1,0,86,69,1,0,1,1,0,1,1
478495,756690,29,46,20,72,63,54,85,44,88,1,1,47,3,0,0,0,1,1,1,1
3480931,686505,20,20,43,85,35,75,46,94,50,1,1,59,0,1,1,1,1,0,0,1
1031257,342766,61,19,86,10,82,30,3,57,58,0,1,44,20,0,0,0,0,0,0,0
2046357,506955,9,22,96,80,76,75,37,31,54,1,0,74,98,1,1,1,1,1,1,1
2079262,555730,12,67,1,96,96,73,12,87,48,0,0,67,91,0,0,1,0,1,0,1
3843327,86948,75,20,90,61,52,39,60,9,39,1,0,67,81,0,0,1,0,1,0,1
1523173,259657,8,20,58,74,82,26,86,12,14,0,0,14,51,0,1,1,0,0,1,0
1922199,292740,67,0,85,7,46,51,63,12,69,0,1,91,98,1,1,1,1,1,1,1
2899134,605079,38,14,97,50,51,6,76,35,64,1,0,99,52,1,0,0,1,1,1,1
3230486,571694,23,16,15,56,95,45,83,85,6,0,1,71,84,0,1,1,1,0,0,0
4180053,45524,33,50,19,3,78,99,32,72,61,0,0,87,79,1,1,1,0,1,0,1
900033,159404,60,62,25,35,56,32,97,18,53,1,1,97,55,0,1,0,0,0,0,1
4101403,115160,40,13,15,18,74,90,37,6,51,0,0,14,89,0,0,0,1,1,1,0
334445,151836,4,58,69,23,22,7,28,14,50,0,1,22,72,0,0,1,1,1,0,0
4797855,687923,78,82,22,40,58,4,60,80,3,0,0,59,86,1,1,0,0,1,0,0
2045700,485891,49,49,41,48,68,60,31,45,0,1,1,90,65,0,1,1,0,0,0,1
2866981,172442,3,33,36,81,55,71,10,77,65,1,0,13,66,1,0,1,0,1,1,1
4020671,796494,50,5,71,96,85,59,17,47,97,0,0,1,32,1,1,1,0,1,1,1
4287138,573933,51,48,5,45,41,84,44,65,34,0,0,98,87,0,0,0,0,0,0,1
1071535,389903,38,5,36,35,17,23,20,77,76,1,0,42,22,1,0,1,0,1,0,0
1983611,274388,7,68,21,9,70,6,11,3,80,1,1,70,5,1,0,0,1,1,1,0
1942166,928876,44,6,5,77,32,60,19,2,9,0,1,15,84,1,0,0,1,0,0,0
1235408,765769,87,96,31,6,2,82,6,2,66,0,1,85,46,0,0,0,0,0,1,1
1661312,786608,27,76,16,11,27,94,90,74,67,0,0,27,57,1,1,1,1,1,0,1
2775606,90501,26,50,37,85,0,35,70,68,88,1,0,31,4,0,1,1,0,1,0,1
696440,122450,64,0,16,90,62,26,1,92,92,0,0,70,76,0,1,1,0,0,0,1
1671926,724831,33,12,36,47,46,28,42,27,64,0,0,85,76,1,0,0,0,0,0,0
1652137,770893,80,42,22,36,36,86,96,22,50,0,1,1,82,0,0,0,0,0,0,0
3073524,284100,61,26,48,74,85,19,20,29,29,1,1,71,8,1,1,1,1,1,1,0
2942455,962977,61,70,60,35,47,69,28,61,38,0,1,6,2,0,1,0,0,1,0,1
2469409,936398,37,2,48,59,18,75,31,86,9,0,1,37,60,1,0,0,0,0,1,0
1903820,497134,25,57,60,76,13,75,44,50,92,0,1,47,94,1,0,0,0,0,1,1
495599,205658,23,88,76,95,66,2,75,40,43,1,0,84,63,0,1,0,1,1,1,1
1757009,545997,38,96,31,7,82,38,76,85,31,0,1,85,45,0,1,0,1,1,0,1
797904,741618,20,16,85,6,96,98,58,63,43,0,1,98,55,0,0,1,1,0,0,1
3957454,385572,93,44,62,42,84,82,2,42,62,1,1,81,38,0,0,1,1,0,1,1
316841,282354,46,77,6,57,64,44,38,75,60,0,1,72,12,0,0,1,0,0,1,1
369934,972014,47,57,21,80,25,67,50,90,64,1,0,1,40,1,0,1,1,0,1,1
4122750,893513,12,55,84,85,9,30,7,57,40,1,0,41,10,1,0,1,0,1,1,1
1335270,174746,2,53,5,45,98,37,45,58,80,1,0,41,40,0,1,0,0,0,1,0
437068,523467,31,86,60,33,76,96,65,39,11,1,1,80,74,0,0,0,0,1,1,1
3839688,105025,34,87,13,83,69,5,5,45,1,1,1,19,46,1,1,1,0,0,1,0
4349287,415949,18,28,15,71,42,7,57,61,72,1,1,5,48,1,0,1,0,0,1,0
1804243,156152,13,53,2,21,69,27,40,48,75,0,0,10,64,1,0,1,1,1,1,0
1051161,500416,47,26,8,90,98,14,78,78,59,1,0,68,34,0,0,1,1,0,1,1
4972945,189484,85,44,46,97,79,94,53,22,24,0,0,73,34,1,0,0,1,0,0,1
905356,915908,80,86,84,20,71,7,75,43,99,1,1,86,66,0,0,1,1,1,1,1
1838846,195043,67,30,93,14,58,53,40,43,60,0,0,96,3,0,0,0,0,0,0,1
4430987,962213,44,35,93,4,2,5,47,18,98,0,0,39,23,0,1,1,1,1,1,0
3459819,851278,18,80,41,16,4,28,95,43,21,1,0,35,93,1,0,0,1,1,1,0
1659410,70480,63,60,41,71,84,33,69,10,96,0,1,50,95,0,0,1,0,1,0,1
524934,772128,65,36,95,18,94,6,26,59,55,0,1,46,83,1,0,0,1,1,0,1
2002466,320104,78,66,22,4,77,39,46,37,20,1,0,97,35,0,0,1,1,0,1,0
4021615,239622,65,35,2,22,82,73,76,2,54,0,0,16,76,1,0,0,1,1,1,0
2582865,439368,74,4,0,82,36,12,22,15,39,0,0,25,55,1,0,1,0,1,1,0
997583,425466,44,45,66,13,83,61,73,95,50,1,0,52,3,0,0,1,1,1,1,1
664310,877197,86,78,70,9,51,85,13,8,21,0,1,47,91,0,1,0,0,0,0,1
3914755,646553,73,51,2,30,65,84,60,40,27,0,1,26,39,0,1,0,1,1,0,0
757242,839569,66,48,99,12,62,64,66,37,3,1,0,45,42,1,1,1,0,1,1,0
3327640,742371,68,5,48,21,6,40,75,68,25,0,0,66,57,1,1,1,0,0,1,0
968223,123922,2,9,66,36,96,41,24,64,86,0,0,18,61,1,1,0,1,1,1,0
4503677,521576,37,95,54,38,52,65,64,34,59,1,0,71,6,1,1,0,0,0,1,1
4298535,650568,76,22,3,9,5,92,95,34,22,0,0,80,8,0,1,0,0,1,0,0
4953292,444628,41,16,30,30,6,10,23,75,40,1,1,64,21,1,1,1,0,0,1,0
1372304,311020,82,83,65,42,43,49,52,99,57,1,1,70,3,0,0,0,1,1,1,1
1843909,885979,39,43,77,98,17,70,72,84,7,0,1,35,35,1,1,1,0,0,0,1
2199117,734024,49,40,63,76,53,34,49,47,95,0,0,66,96,1,1,0,1,0,1,1
1119134,841659,34,14,30,93,28,93,0,7,50,1,0,82,69,0,1,0,0,1,1,1
2055797,692810,23,43,62,97,82,79,38,26,60,1,1,41,66,0,1,1,1,0,1,1
3129735,89433,87,57,65,35,24,78,73,8,0,1,0,90,34,1,0,1,0,0,0,1
4836440,78704,16,85,30,34,62,19,43,91,29,1,1,66,32,1,1,0,0,1,0,0
711162,536149,39,49,46,67,67,27,93,29,91,0,0,97,6,0,0,1,1,0,1,1
2770725,243366,73,51,21,54,12,36,4,13,16,1,1,68,98,1,1,1,1,0,0,0
3611134,329058,65,69,73,67,31,2,67,22,22,0,1,48,54,1,1,1,0,0,1,0
2626277,68888,43,67,93,46,26,92,71,28,23,0,0,36,46,0,0,0,1,0,0,1
3400450,870718,22,62,96,5,50,58,79,25,85,0,0,45,61,0,0,1,0,0,1,1
2479042,590581,5,57,82,27,33,72,64,85,68,0,0,79,66,0,0,1,1,0,1,1
1517621,218596,65,22,45,29,27,26,78,14,88,0,1,55,63,1,1,0,1,1,1,0
3837967,73515,20,43,88,26,72,31,87,72,51,0,1,62,42,0,0,0,1,0,1,1
2567893,421740,34,82,57,68,71,47,14,89,70,0,0,77,17,0,0,1,0,0,1,1
1640351,274209,28,94,60,38,84,45,49,80,57,0,1,29,2,0,0,0,1,0,1,1
2098917,698044,6,43,45,34,29,94,5,72,21,1,1,95,58,1,0,1,1,1,0,1
939574,618008,92,51,0,43,92,46,65,66,58,0,1,62,61,0,0,1,0,1,0,1
4271495,169437,52,66,95,14,8,89,68,15,43,0,0,75,38,1,0,0,1,0,1,1
525437,850308,36,27,24,82,12,39,38,12,36,0,1,90,90,1,0,0,1,1,0,0
2016760,946208,22,66,60,93,81,2,97,89,33,1,0,25,63,0,1,1,0,0,0,1
2291013,193929,96,77,80,31,63,74,95,80,99,0,0,92,72,1,0,1,1,1,1,1
3830623,141694,7,17,13,28,37,28,28,95,56,0,1,22,80,0,1,0,1,1,0,0
3881890,875229,75,26,44,62,21,90,92,23,56,0,1,85,59,1,0,0,0,1,0,1
1072834,246540,47,50,76,5,30,57,87,61,39,0,0,19,41,0,1,0,1,1,1,0
4837370,620429,9,59,38,89,98,49,45,56,19,1,1,45,4,1,0,1,0,0,0,0
819696,251476,78,73,65,26,41,9,30,35,16,1,1,79,45,1,0,0,1,0,0,1
4272250,369534,23,48,31,98,61,60,23,59,51,0,0,30,3,1,1,1,0,0,0,1
4312732,364000,89,14,95,27,63,98,14,85,3,0,0,66,13,0,1,1,0,1,0,1
4514366,857633,46,82,57,4,73,60,75,72,62,1,1,20,92,0,1,0,0,0,0,1
1232499,430910,52,72,55,40,8,22,19,21,49,1,1,50,10,1,0,0,1,1,1,0
4020888,881198,38,67,5,55,94,5,3,83,81,1,0,38,59,0,1,1,1,0,0,0
3176030,27995,66,14,88,53,43,74,57,2,91,1,1,62,21,1,0,0,0,1,1,1
2531348,883752,65,50,66,79,62,59,76,35,49,1,0,68,4,0,0,1,1,0,1,1
4601913,609429,5,47,81,17,39,26,60,96,15,1,0,19,52,0,0,0,1,0,1,0
2212755,668779,20,71,49,76,87,54,9,81,71,0,0,22,11,1,0,1,1,0,0,1
4677310,446168,72,0,37,42,40,30,40,35,60,0,0,95,20,0,0,1,1,0,1,0
3006284,694197,73,6,2,88,71,29,52,9,43,1,0,41,78,0,0,1,1,0,0,0
2050924,75799,35,52,4,73,49,66,86,99,17,1,1,72,23,1,0,1,1,1,1,1
3086569,709237,2,30,23,28,19,12,70,20,49,1,1,2,12,1,1,0,1,1,0,0
3550448,504471,87,17,53,9,80,58,75,88,92,0,0,26,95,0,0,1,1,0,0,1
1814099,837119,85,11,33,5,91,53,47,48,79,1,0,90,25,1,0,1,0,1,1,1
1341452,760027,77,47,38,79,69,20,14,8,29,0,0,73,39,0,0,0,1,0,0,0
1430796,42276,41,29,87,88,41,42,6,90,48,0,0,79,25,0,1,1,0,1,1,1
313936,563811,44,96,99,3,32,10,71,78,97,1,0,23,99,0,1,0,1,0,1,1
4410583,202127,43,6,91,33,91,66,70,51,93,1,0,86,44,0,1,1,0,0,1,1
3449479,321759,90,91,47,82,62,37,42,95,20,0,1,8,29,0,0,0,0,0,1,1
3712305,494858,32,2,48,32,56,94,3,47,21,0,0,1,63,1,0,0,0,0,1,0
4480428,508256,59,62,33,3,64,23,50,59,46,0,0,5,72,1,1,1,0,1,1,0
2112493,15514,85,5,79,43,51,50,70,49,24,1,1,98,87,0,0,1,1,1,1,1
2633351,52456,92,94,99,97,98,75,58,38,85,1,1,70,37,0,1,0,1,1,0,1
2389063,12233,82,14,6,75,87,60,40,15,55,1,0,78,17,1,1,0,1,1,1,1
3182202,268246,82,70,17,30,5,45,60,27,63,0,0,20,8,1,0,1,0,0,1,0
3019182,71133,69,42,69,79,6,42,29,5,27,1,0,99,85,1,1,1,0,1,1,1
1193978,838147,82,93,91,65,8,26,17,60,32,1,0,86,55,0,0,1,1,1,1,1
647244,483409,76,90,33,57,60,84,29,5,65,1,0,28,37,1,1,1,0,0,1,1
2673188,901977,25,80,50,59,79,88,6,65,3,0,0,12,20,1,0,0,1,1,0,1
4632027,633373,85,17,92,1,33,29,51,39,79,1,1,68,70,0,1,0,0,0,1,1
3679000,638389,20,21,67,35,34,93,47,70,11,1,0,41,11,1,1,0,0,1,0,0
1038927,404472,99,60,13,69,98,62,22,90,16,1,0,0,35,1,0,0,0,1,1,1
282806,113684,1,60,68,59,19,9,36,61,35,1,1,19,10,1,1,1,0,0,1,0
4225345,331944,46,52,88,22,57,2,70,27,15,1,0,42,66,0,1,0,0,0,0,0
3029045,527116,29,25,7,46,86,76,92,79,22,0,1,0,26,0,1,1,1,1,0,0
1478673,624225,26,90,14,45,59,59,97,46,71,0,1,98,62,0,0,1,0,0,1,1
4315741,570836,70,39,82,79,53,26,52,8,8,0,1,39,70,1,1,1,0,0,1,0
3657521,994594,19,87,58,43,34,81,44,51,77,0,0,6,65,1,0,1,0,1,0,1
4884013,214272,49,7,10,18,46,44,48,14,54,0,1,34,73,1,1,1,1,1,1,0
4831889,440583,94,20,19,48,45,61,48,33,72,1,1,51,66,0,1,0,1,1,0,1
3577932,920277,22,92,54,87,86,23,81,19,63,0,0,33,80,0,1,0,1,1,1,1
2654698,643103,12,42,35,57,3,45,46,77,46,0,1,49,64,1,0,0,0,1,0,0
2479023,225994,80,20,81,90,9,77,24,59,89,1,1,68,33,1,1,1,1,1,1,1
2638710,992886,3,2,13,6,74,43,90,57,99,0,1,28,76,1,0,0,0,1,1,0
698512,132602,13,30,57,93,39,62,26,74,66,0,0,90,77,0,1,1,0,0,0,1
3700967,655558,19,26,37,40,54,3,11,93,9,0,1,70,80,1,0,0,0,1,0,0
967442,917752,12,26,88,77,72,15,22,66,88,0,1,0,33,1,1,0,0,1,1,0
675278,948709,2,72,79,14,39,50,16,1,3,1,0,72,63,1,1,1,1,1,0,0
2130440,817002,89,56,81,75,75,73,43,49,29,1,1,57,16,0,1,1,0,1,1,1
579593,428471,89,96,0,52,80,90,70,13,10,0,0,64,50,1,1,0,0,0,0,1
694955,550470,81,32,64,92,95,47,23,55,50,0,1,90,55,0,0,1,1,1,0,1
1720180,306517,95,89,0,22,22,64,70,92,18,1,0,16,88,0,1,1,0,0,1,1
1826528,310163,77,91,84,76,14,68,92,68,12,0,0,61,93,1,0,1,0,1,0,1
3114611,198691,46,43,59,72,91,76,59,43,56,1,1,95,47,0,0,0,0,1,1,1
2987976,283187,2,42,24,87,4,44,52,45,99,1,1,93,99,0,0,0,0,0,1,1
1508014,443748,0,30,90,93,39,2,91,5,2,0,0,78,61,1,1,0,1,0,0,0
2447680,237362,89,64,9,64,17,16,86,7,77,0,1,41,55,0,0,1,0,0,1,0
4862315,202008,23,83,49,59,20,82,73,38,73,0,0,27,10,1,0,1,0,0,0,1
3021839,286383,34,75,11,9,78,36,15,92,37,0,1,2,84,1,0,1,1,1,1,0
498783,146488,13,16,91,57,2,4,97,43,26,0,1,91,19,1,0,1,0,1,0,0
3576910,663772,66,14,31,46,45,46,24,26,87,0,0,4,92,1,0,1,1,0,0,0
3802571,873408,12,33,32,14,89,43,65,15,79,0,1,65,67,0,1,0,0,1,0,0
1337613,553694,46,79,71,8,78,87,49,90,9,0,1,53,33,0,1,0,0,1,1,1
4079928,269019,49,3,25,12,52,32,68,38,52,0,1,37,41,0,1,0,1,1,0,0
4055288,517447,77,71,41,22,19,20,77,0,26,0,1,79,40,1,1,1,1,0,0,0
2315226,959570,84,97,49,32,58,66,94,50,6,1,0,43,61,1,1,0,1,1,1,1
1540683,500288,25,88,60,8,20,67,39,62,91,0,0,80,16,0,0,0,1,1,0,1
3830400,403968,2,78,40,2,89,31,5,32,89,0,0,75,11,1,1,0,1,1,1,0
3054119,484969,50,27,56,93,86,23,63,49,81,1,0,89,67,1,1,1,0,1,0,1
2873705,214097,39,72,1,72,50,34,27,53,12,1,1,56,40,0,0,1,0,0,1,0
3797170,399569,67,1,98,24,24,17,8,26,71,0,0,70,13,0,1,0,0,1,0,0
3505610,687346,35,16,97,87,67,66,5,80,90,1,0,23,3,1,1,0,1,0,1,1
653222,806123,50,57,69,95,9,53,16,78,59,0,0,79,97,1,0,0,0,1,0,1
2288618,205919,0,73,30,70,85,25,39,85,13,1,1,81,81,1,1,0,0,0,0,1
2799327,839507,32,8,22,35,66,59,98,18,43,1,1,58,76,0,1,1,1,0,0,0
4600852,15794,6,30,75,88,82,87,75,27,69,1,0,7,73,1,1,0,0,1,0,1
4845287,204542,51,65,53,19,94,64,44,22,83,0,1,90,13,0,1,1,0,1,0,1
2793157,676766,10,87,27,80,8,50,81,63,27,1,1,89,8,0,0,0,0,0,1,1
2997909,343074,26,61,78,53,28,97,42,99,22,1,0,94,42,0,1,1,1,1,1,1
3149311,776257,13,18,18,99,36,59,97,38,11,1,0,81,19,1,1,1,1,1,1,0
417314,949376,85,80,75,89,70,58,45,48,23,1,0,1,0,0,1,1,0,1,0,1
2835122,46708,79,73,47,18,37,75,62,58,50,1,1,40,92,0,0,0,1,0,1,1
3666032,906924,45,54,1,59,87,16,0,19,21,1,0,86,80,0,1,1,0,1,1,0
948692,898061,75,27,10,36,71,84,58,60,61,0,1,55,71,1,1,1,1,0,1,1
2582962,943304,9,91,43,2,97,20,62,8,25,0,1,47,16,0,1,0,1,1,0,0
3666689,179469,23,49,58,91,58,66,78,22,85,0,0,21,84,1,1,0,0,1,1,1
2276775,652601,60,64,58,85,56,27,17,6,57,1,1,96,88,1,0,1,0,0,1,1
1814694,960413,17,2,37,18,89,88,85,30,70,1,1,17,19,1,0,1,1,1,1,0
781904,812784,85,78,24,52,59,43,81,59,14,1,0,78,58,0,0,0,1,0,0,1
4665669,893407,8,51,20,45,27,69,64,60,93,0,1,40,88,0,0,0,0,0,0,1
3488210,360992,16,9,41,79,27,61,19,74,67,1,1,66,84,1,0,1,0,1,1,1
4081143,765956,57,20,35,55,45,41,55,80,5,1,1,47,12,0,0,0,0,0,1,0
3346779,413654,12,36,8,69,70,93,53,99,1,1,1,22,76,1,1,0,1,1,1,0
2145537,836431,49,14,11,30,66,95,47,25,30,1,1,1,46,1,1,1,0,1,0,0
2241381,547770,5,86,9,52,85,21,99,99,23,1,1,3,49,1,1,0,1,1,0,0
278116,168543,84,77,58,33,54,37,53,81,34,1,0,25,93,1,1,1,1,1,0,1
584370,838711,50,78,4,30,37,13,88,53,46,0,0,18,76,0,0,0,0,0,1,0
2222643,376557,35,73,32,59,17,97,15,30,30,0,0,48,39,0,1,0,1,0,0,1
3574659,504964,70,8,68,10,75,25,19,98,88,0,0,73,6,0,0,0,1,1,0,1
3652629,59213,99,43,79,99,94,39,46,40,71,1,1,85,54,0,0,0,1,0,0,1
719385,905341,24,38,62,5,62,53,96,27,75,0,0,52,50,1,1,0,0,0,1,0
3728880,804458,10,4,28,26,4,12,6,89,1,1,0,5,75,1,0,0,1,0,0,0
1772138,243697,43,24,17,6,43,93,22,5,78,1,0,61,1,0,1,1,0,1,1,0
2217337,352328,13,55,92,48,28,18,74,33,58,0,0,0,13,1,0,0,1,0,1,0
2523724,10435,28,89,5,95,99,41,32,91,95,1,0,15,16,0,0,1,1,1,0,1
2428531,144565,73,63,52,71,13,40,39,8,62,0,0,51,76,1,0,0,1,1,0,1
1829753,208299,49,71,81,59,57,49,4,92,74,0,0,6,0,1,1,0,0,0,1,1
426256,850753,4,85,31,32,43,2,44,97,16,0,0,87,0,0,1,0,0,1,1,0
620539,925267,71,51,41,46,17,30,40,11,53,1,0,34,25,1,1,0,1,0,0,0
3573307,287533,68,88,46,43,6,75,7,15,20,1,0,77,45,1,0,0,1,1,0,1
750242,36498,87,75,30,78,86,14,80,70,21,1,0,67,12,0,0,0,1,1,1,1
3697831,855187,56,8,61,26,96,53,81,30,96,0,1,14,33,0,0,1,1,0,0,0
3048439,892977,25,9,55,93,61,52,49,32,54,0,0,56,61,0,0,1,0,0,1,0
4920553,565113,5,9,10,21,44,44,90,6,28,0,1,22,72,1,1,0,1,0,1,0
2722919,284078,15,72,25,46,15,37,30,2,78,1,0,82,50,1,1,1,1,1,1,0
2221835,534862,59,61,91,92,63,77,3,19,20,1,0,77,82,1,1,0,0,1,0,1
999687,659986,99,89,26,47,36,98,65,4,1,1,1,90,86,0,0,1,1,0,0,1
4049091,698539,11,98,82,29,24,79,55,66,41,1,1,99,40,1,1,1,1,0,1,1
3731674,924091,74,90,56,1,8,49,4,37,51,0,1,85,54,0,0,0,0,1,1,1
2620872,47782,2,59,26,14,54,23,80,78,37,1,1,10,27,1,0,1,1,1,0,0
3127503,452628,62,94,58,46,27,16,53,98,2,1,1,3,93,1,0,0,1,0,1,1
550679,65561,63,18,61,26,8,17,95,55,24,0,1,57,60,1,1,0,0,1,1,0
2626105,475440,61,37,19,70,11,41,92,22,76,1,1,95,6,0,0,1,1,0,1,1
1304381,926913,5,5,2,26,17,16,79,96,87,1,0,39,77,1,0,0,1,0,1,0
2216328,918591,18,14,15,84,90,15,0,1,61,0,1,57,1,1,1,1,0,0,0,0
4632787,469535,17,92,43,12,89,84,75,99,94,1,1,87,75,0,0,0,0,0,1,1
470146,497232,79,46,92,54,55,87,82,20,14,0,1,97,1,1,0,1,0,0,0,1
4501828,556039,86,44,78,16,89,97,72,77,69,1,1,66,27,1,1,1,1,1,0,1
744026,305318,42,4,29,74,73,51,60,13,9,0,0,37,53,1,0,1,0,1,1,0
4142863,914110,72,77,39,58,57,35,6,61,72,1,1,1,91,0,0,0,1,1,1,1
4508080,61572,2,52,64,9,80,90,29,10,68,0,1,86,75,1,1,1,1,1,0,1
4574798,852848,71,65,28,32,50,38,14,3,43,1,1,39,93,1,0,1,0,0,0,0
4672089,410257,37,61,29,77,31,80,3,46,40,1,1,83,57,0,0,0,0,0,1,1
1590254,421443,67,22,31,36,87,24,62,93,82,0,1,55,46,0,1,1,0,1,1,1
468449,826633,75,43,9,7,47,41,69,99,19,0,0,71,60,1,0,1,0,1,1,0
3050774,41069,43,51,90,32,7,20,37,19,96,0,0,34,39,0,0,0,1,0,1,1
4630675,742550,94,45,50,6,29,67,46,51,36,1,0,48,85,1,0,1,1,1,0,1
4375318,817802,88,18,7,33,25,88,59,15,94,0,1,66,17,0,0,1,1,0,0,1
846275,755378,79,87,50,70,23,58,98,97,38,1,1,95,13,1,1,0,0,1,0,1
324591,916774,62,83,35,6,26,29,1,44,76,0,0,94,24,0,1,0,0,1,1,1
839104,787533,41,46,54,40,78,56,68,7,69,1,0,43,9,0,1,0,1,0,0,0
2798133,934090,63,90,34,99,91,32,7,61,7,1,0,30,99,1,1,1,0,1,0,1
4661213,710591,53,51,35,54,74,89,50,83,42,0,0,64,47,0,1,0,1,1,1,1
3497154,392902,77,23,55,6,38,88,93,20,9,1,0,75,47,0,0,0,0,0,0,0
1534649,927826,76,16,35,83,65,52,18,63,40,0,0,17,60,0,0,0,0,0,0,1
1408468,856726,70,88,88,17,50,15,93,29,3,0,0,87,52,0,0,1,0,1,1,1
1360152,608756,75,45,83,42,72,48,30,35,77,0,0,35,8,1,0,0,0,0,0,1
3941104,689659,36,63,60,77,49,87,79,4,3,1,0,61,10,1,1,0,1,0,0,1
1183667,95715,3,94,61,39,44,4,21,84,23,1,0,28,26,1,0,0,0,1,1,0
3423253,75793,1,27,80,52,86,76,32,37,20,1,0,88,58,1,1,1,1,0,1,1
2565885,444717,98,49,86,13,32,93,85,86,9,1,1,22,57,0,0,0,0,0,0,1
1080096,717494,43,63,24,20,18,59,71,18,45,0,0,2,12,0,1,0,0,0,1,0
3790437,640960,66,27,63,56,12,70,36,73,88,1,1,29,64,1,0,1,1,1,1,1
2401340,407993,67,85,59,90,77,80,11,26,69,0,1,80,10,0,1,1,0,1,0,1
2914766,147321,75,55,56,45,95,54,68,98,79,1,1,44,56,0,1,0,1,0,0,1
3124537,650190,82,58,94,25,21,90,63,12,43,1,1,48,66,0,1,0,0,1,0,1
4984377,26390,73,4,69,90,19,34,24,8,91,1,1,93,65,0,0,1,0,1,1,1
1792173,25369,61,53,98,23,96,68,53,16,99,1,0,18,23,1,0,0,1,0,0,1
1827059,148953,0,43,51,4,4,41,28,94,32,0,1,63,83,0,1,0,0,1,1,0
1274477,276731,16,41,55,41,83,68,12,43,93,1,0,4,48,1,1,1,1,1,1,0
1673300,229872,15,71,62,91,77,23,25,44,35,0,0,55,39,0,0,0,0,0,1,1
497584,472543,8,91,67,42,90,70,21,87,24,0,0,33,78,1,1,1,0,0,1,1
1605802,898441,52,56,19,31,89,70,92,41,12,1,0,72,69,1,0,1,1,1,0,0
1092015,486127,72,46,53,87,31,54,75,50,38,1,1,47,83,1,1,0,1,0,0,1
4975275,486363,58,75,0,5,29,13,91,82,78,0,1,25,85,1,0,1,0,1,1,0
2683502,767922,8,24,89,73,90,54,72,57,37,1,1,4,1,1,1,1,1,0,1,0
2168067,930337,11,43,97,66,25,14,9,57,29,1,0,87,53,0,1,0,0,1,1,1
1851348,515790,40,14,9,6,81,4,47,29,13,0,1,30,14,0,1,0,1,0,1,0
3071259,52013,14,50,22,28,86,3,41,4,49,1,0,23,47,0,1,1,1,0,1,0
1054741,646629,65,52,50,33,87,29,89,7,67,1,1,84,97,1,0,1,0,0,0,1
3552214,919217,74,33,23,6,3,83,99,36,0,1,0,21,53,0,0,0,1,1,0,0
2223615,723980,10,76,12,80,66,52,58,46,60,0,0,21,45,1,0,0,0,1,1,0
3210087,151826,7,7,28,76,42,89,52,99,2,0,1,84,56,1,0,1,1,1,0,1
4844081,636872,54,76,57,57,29,72,39,88,49,0,1,56,54,1,1,0,0,0,1,1
341449,83113,95,99,90,84,15,29,74,44,60,1,0,29,59,1,0,1,0,1,0,1
2875032,494847,5,69,94,30,70,85,61,4,35,1,1,46,94,1,0,0,0,0,0,0
4690224,878216,52,95,42,72,38,93,5,96,3,0,0,73,29,1,0,1,1,0,1,1
3218439,40282,19,20,9,44,85,83,3,62,42,1,1,66,27,1,1,1,0,0,0,0
1828662,172809,38,6,30,46,40,91,90,85,13,0,0,38,51,0,0,1,0,0,0,0
335370,516188,98,89,73,76,30,60,54,46,88,0,0,92,96,1,0,0,0,1,1,1
1056636,495643,71,78,87,80,48,70,87,24,66,1,0,88,40,1,0,1,0,1,0,1
3169791,291268,33,55,96,71,12,67,68,49,6,0,1,65,20,0,0,0,0,1,1,1
4232516,861534,56,48,13,72,40,91,2,92,7,1,0,76,86,0,1,0,0,0,1,1
4842681,400412,18,41,98,72,92,54,6,44,43,1,0,90,41,0,0,1,0,1,1,1
3144236,852959,70,22,33,39,27,98,87,29,63,1,0,28,12,0,1,0,1,1,0,1
4886134,397515,30,51,16,29,63,96,85,47,6,0,1,13,44,1,0,0,0,1,1,0
1116004,922374,81,78,20,61,18,70,11,50,47,1,1,3,89,0,1,1,0,0,1,1
1793786,101651,39,52,95,70,86,72,98,93,61,1,0,71,53,0,1,1,0,1,1,1
627244,251549,13,15,66,16,71,97,16,54,24,1,1,4,18,1,0,0,1,0,1,0
4898981,90395,99,95,57,4,24,41,66,54,80,1,0,43,26,0,0,1,0,0,1,1
3755912,540633,80,36,78,80,37,97,74,45,89,0,0,90,39,0,0,1,1,1,0,1
4913199,915976,36,17,7,0,98,76,69,30,67,0,1,23,6,1,1,1,0,0,1,0
1475393,825509,43,19,95,79,89,28,35,33,63,1,0,97,24,1,1,0,0,0,1,1
2714368,397573,8,45,37,80,2,34,16,91,17,1,0,27,48,0,0,1,0,0,0,0
2289319,726760,57,1,25,93,1,44,85,73,3,0,1,23,35,1,1,0,0,0,0,0
2409821,541343,19,86,63,30,4,73,0,67,16,1,0,4,70,1,0,1,1,1,1,0
992330,370837,91,93,29,34,60,93,66,32,46,1,0,12,83,1,0,0,0,1,1,1
4674843,90283,49,62,8,71,19,89,79,55,80,0,1,81,23,0,0,1,1,0,0,1
1942955,49484,19,2,31,29,75,98,98,57,44,0,0,54,60,0,0,1,1,1,1,0
466150,606802,35,45,10,84,37,91,77,56,88,1,0,80,91,1,0,0,1,0,0,1
2986905,95135,26,48,85,14,79,28,48,16,57,0,0,29,68,1,1,1,1,0,0,0
2045964,302915,71,0,33,97,35,69,50,10,2,0,0,82,51,1,1,1,1,0,1,0
689415,510694,31,21,17,55,45,2,70,70,11,1,1,85,35,0,0,1,0,1,0,0
3244287,193726,0,92,18,59,92,92,89,80,90,1,0,48,94,0,1,1,1,0,1,1
3703548,444756,16,13,53,26,98,56,42,91,16,0,0,81,50,0,1,0,0,0,0,0
846012,219223,8,91,81,1,36,65,30,16,21,1,1,89,32,0,1,1,1,1,1,0
1835765,901716,83,84,36,73,53,21,23,9,38,1,1,14,52,0,0,0,1,1,0,0
2785181,122399,44,44,81,63,20,26,82,25,38,0,0,91,87,0,0,0,1,0,0,1
2469798,896317,95,95,11,4,20,21,36,5,99,1,1,29,73,1,0,0,1,1,0,0
4381726,520609,65,5,3,90,91,73,64,80,15,0,1,27,37,0,1,1,0,0,0,0
3639289,951881,31,64,42,67,69,48,88,15,50,0,0,83,43,0,1,1,0,0,0,1
2205534,185645,44,20,26,12,83,82,62,89,28,1,0,3,4,0,0,0,0,0,0,0
332659,703093,8,3,50,80,59,23,55,3,77,0,1,67,30,1,1,0,0,0,0,0
2798475,134344,29,2,4,84,35,26,73,61,70,1,1,14,8,1,1,0,1,0,0,0
839872,147832,83,29,5,22,76,35,17,83,40,1,0,33,31,1,0,1,0,1,0,0
4055798,642514,37,30,76,96,10,16,64,63,56,1,0,74,40,1,1,0,0,1,0,1
3159470,628538,59,33,86,49,87,55,28,55,27,1,1,86,4,1,1,1,0,0,0,1
1136320,292906,0,82,55,78,82,9,76,74,76,0,1,98,50,1,1,0,1,0,0,1
4086912,187058,4,19,88,77,86,53,3,22,79,1,0,42,53,1,0,1,0,1,1,1
4661902,694692,62,86,67,72,30,80,11,32,20,0,1,98,90,1,0,0,1,0,1,1
1847824,176172,98,53,95,36,36,73,55,30,3,1,1,74,27,0,1,1,0,0,0,1
1350997,141016,35,24,43,29,59,73,47,6,98,1,1,60,42,0,1,1,0,0,0,0
3583973,53825,64,14,14,92,60,37,18,85,14,0,0,62,11,0,1,1,0,1,1,1
4325903,18877,77,37,89,22,66,80,25,4,52,0,1,1,68,0,1,0,0,0,0,0
632829,428206,72,22,41,33,97,89,37,36,89,1,1,51,71,1,1,1,1,0,0,1
4611054,134065,93,51,10,63,28,89,79,0,45,0,0,51,16,0,1,0,1,0,0,1
4514896,637731,23,65,72,54,66,97,24,69,6,0,1,14,7,0,1,1,1,0,1,1
434000,366756,3,56,10,70,78,3,55,44,17,0,0,39,97,0,1,1,0,0,0,0
3077429,122674,77,56,65,8,70,49,73,46,88,1,0,27,86,0,0,1,0,1,1,1
522137,120074,88,78,26,3,66,90,27,67,20,1,0,94,17,0,0,1,1,1,0,1
3223504,977787,67,51,57,65,15,60,60,93,7,1,0,95,9,1,1,0,0,1,1,1
2805221,522257,24,34,89,90,44,20,91,29,58,0,1,97,38,0,1,1,1,1,1,1
4120367,401474,73,73,71,32,33,35,88,80,19,1,0,54,40,1,1,0,0,1,0,1
3563244,256881,98,13,20,31,83,45,88,59,81,1,1,49,43,1,0,1,1,0,1,1
4773957,36629,6,90,20,43,43,94,50,23,82,0,0,21,68,1,1,1,1,1,1,1
2500269,960083,12,13,71,36,96,70,11,30,66,1,1,28,42,0,1,0,1,0,0,0
4631373,159030,67,98,0,90,77,43,7,27,54,1,0,71,80,1,1,0,0,1,1,1
766510,437681,42,32,57,91,41,63,99,44,61,1,1,85,46,0,0,0,0,1,0,1
4181383,807207,56,51,12,66,34,97,57,3,17,0,0,11,74,0,0,0,0,0,0,0
1490894,474791,35,0,72,59,74,17,87,60,90,0,0,86,47,0,1,0,0,0,1,1
908092,492849,13,33,91,58,83,87,22,38,78,1,0,37,18,1,1,0,1,0,1,1
1297996,694567,81,18,5,35,29,12,36,82,55,1,0,1,20,0,1,0,0,1,1,0
799792,420769,71,23,86,48,52,12,10,23,84,0,0,11,2,0,0,0,1,0,1,0
1775326,976136,95,3,99,50,57,24,16,70,21,0,1,54,55,1,0,1,0,1,0,1
2568756,267199,26,35,57,7,27,4,91,45,7,0,0,84,42,1,1,0,1,1,0,0
4126690,778372,36,76,16,49,14,38,55,52,10,1,0,11,0,0,1,1,1,0,0,0
868629,93697,86,57,72,40,37,28,52,47,11,1,1,94,87,1,0,0,0,0,1,1
1902457,693233,70,31,11,37,49,56,66,8,47,0,1,8,35,1,0,0,0,1,1,0
1371248,106505,75,8,85,85,12,45,1,21,62,0,0,78,5,1,0,0,1,1,1,1
3804886,347864,24,79,51,77,34,32,28,1,26,1,0,31,73,0,1,0,1,0,1,0
1583640,726565,66,66,75,78,23,87,56,90,34,0,0,72,45,1,0,1,0,0,0,1
713953,869631,89,19,69,54,64,9,33,15,1,1,1,87,97,0,0,0,1,0,1,0
4438340,161390,3,73,72,67,87,57,77,4,98,0,1,7,87,0,0,0,1,1,0,1
4763653,38734,99,61,51,17,90,24,96,11,94,1,0,27,22,0,1,0,1,0,0,1
885503,218299,78,57,36,64,17,73,81,51,7,0,0,55,19,0,1,0,0,1,1,1
622641,678882,95,21,2,63,57,38,92,25,19,1,0,81,52,0,1,0,0,1,1,0
2123217,147728,92,66,97,11,25,15,1,14,7,0,1,35,37,1,0,0,0,0,0,0
537283,676253,73,74,7,40,28,59,74,66,62,1,0,36,34,0,0,1,1,0,1,1
1778232,509609,84,88,9,41,71,27,30,72,67,1,0,31,33,0,1,0,1,0,1,1
4977421,807925,15,47,46,59,43,75,76,58,30,1,0,84,49,0,0,1,0,1,1,1
591180,401848,18,7,40,49,89,43,43,91,31,0,0,38,46,1,1,1,0,1,1,0
3899243,625160,28,72,63,80,4,57,89,38,12,1,0,48,35,0,0,0,0,1,0,1
2697934,328923,50,14,41,82,32,31,55,62,85,1,0,92,15,1,1,0,1,1,1,1
778110,698812,17,31,42,35,4,62,97,99,25,1,0,17,86,1,1,0,0,1,0,0
4418346,673626,57,52,8,47,35,92,53,24,80,0,1,22,48,1,1,1,0,0,0,1
4802606,388331,43,66,13,70,76,44,52,40,28,0,1,32,64,0,0,0,1,0,1,0
2910864,121603,15,3,90,72,80,52,73,27,90,0,1,72,62,0,1,1,1,0,1,1
4543699,853039,64,29,95,7,12,60,75,20,85,1,1,50,51,0,1,0,1,0,1,1
3910879,546228,1,12,3,24,24,49,85,92,17,0,1,42,72,1,0,0,0,0,1,0
3335609,684363,55,20,1,6,57,26,45,88,68,1,0,3,75,0,0,1,1,1,1,0
1135783,657168,78,40,96,7,1,25,53,93,11,0,1,79,59,0,0,0,0,0,0,1
2359932,627696,27,18,84,87,87,2,30,60,1,0,0,66,16,1,0,0,1,1,1,0
3106492,826247,64,47,0,80,35,89,82,56,41,0,1,71,66,0,1,0,1,1,0,1
1965520,691229,4,85,74,75,24,38,23,10,6,1,0,79,37,1,1,1,0,1,1,0
3734150,54297,21,62,64,30,33,64,24,18,46,1,1,1,28,0,1,1,0,1,0,0
1941888,65107,99,19,45,11,11,34,34,74,89,0,1,44,30,0,0,1,0,1,0,1
3446434,349937,12,63,58,56,18,52,56,88,53,0,0,82,98,1,1,1,1,0,0,1
322019,414898,64,36,74,65,93,90,71,0,14,1,1,87,58,1,0,0,1,1,0,1
4766156,548910,15,30,6,11,36,45,68,31,57,1,0,79,53,0,1,1,1,0,0,0
1965317,297552,85,73,65,26,0,67,85,84,32,1,0,39,52,0,0,1,0,0,1,1
379001,669197,63,17,14,45,59,82,27,76,66,1,1,1,25,0,0,0,0,0,1,0
3092927,986714,31,19,71,6,66,21,75,33,62,0,1,31,12,1,0,1,1,0,1,0
3445988,151479,79,81,46,60,48,59,32,16,47,0,1,0,56,0,0,0,1,1,1,1
884494,165381,50,10,89,57,89,5,52,54,65,0,0,17,18,0,0,0,1,0,0,0
3327022,994422,78,85,39,57,78,51,15,18,80,1,1,63,95,1,1,1,1,0,0,1
4048189,98190,57,43,41,12,45,72,25,73,64,1,0,31,26,0,0,0,0,0,1,1
793731,417111,45,81,50,52,47,74,11,41,35,0,1,8,12,0,0,1,0,1,1,1
2616826,781644,51,63,34,99,91,85,86,58,16,0,1,54,51,0,1,0,1,1,1,1
4490447,222984,62,33,40,64,67,72,89,72,1,0,0,66,97,1,0,1,0,0,1,1
4063741,529658,75,86,84,48,18,28,76,74,32,0,1,23,63,0,1,1,0,0,0,1
344771,381356,59,64,56,34,87,42,86,37,92,0,1,10,57,1,1,0,1,1,1,1
1208923,791918,64,54,37,93,39,73,30,30,5,1,0,27,18,0,0,1,1,0,0,1
3198111,815194,80,73,71,94,5,33,99,65,42,0,1,15,82,1,1,1,1,1,1,1
2020908,555901,54,0,95,16,79,30,26,87,99,1,0,92,2,1,0,1,0,1,1,1
1917534,773164,56,37,7,71,95,85,35,68,87,1,1,11,66,1,0,1,0,1,0,1
311362,8196,91,8,73,66,93,45,58,49,10,1,1,67,25,1,0,0,0,1,0,1
4116533,506072,70,94,62,9,62,3,86,29,4,0,1,89,5,1,1,1,0,0,1,0
2236503,517191,72,70,86,33,34,1,2,34,29,1,1,3,12,1,0,0,1,1,0,0
4570602,231009,85,16,3,85,71,4,93,58,9,0,0,74,26,0,1,0,1,0,1,0
2880990,891997,25,98,47,3,60,45,31,16,90,0,0,65,87,1,0,0,1,0,0,1
4867592,867781,11,51,51,95,4,78,14,94,90,1,1,30,9,0,0,1,1,0,0,1
2562854,856271,70,17,37,28,36,18,74,65,23,0,0,55,15,0,0,0,1,1,0,0
2609409,440132,45,62,93,45,75,37,65,79,58,1,1,49,22,1,0,1,1,1,0,1
3250999,537860,46,32,86,74,88,58,89,20,66,0,0,66,46,0,1,0,1,0,0,1
1939122,511528,78,3,4,45,96,78,62,93,60,0,1,88,11,0,0,0,0,1,0,1
3251622,426441,37,86,84,76,87,71,97,51,25,1,0,97,27,0,0,1,1,1,0,1
2986281,575141,20,74,69,58,10,19,0,64,38,1,0,0,76,1,0,0,0,0,0,0
975292,971894,13,51,80,60,98,75,74,13,81,0,0,68,17,0,0,1,0,0,1,1
4127352,692635,1,8,88,67,39,67,4,15,2,1,0,38,57,0,0,1,1,0,1,0
2533647,863811,71,63,23,65,64,52,89,54,37,1,1,51,1,0,0,1,0,1,1,1
3923234,923609,69,29,85,33,7,54,5,8,41,0,0,94,45,1,1,0,0,1,1,1
2110217,121074,32,7,76,85,86,38,98,7,47,1,0,35,16,1,1,1,0,1,0,0
1800741,458112,5,4,16,4,83,35,4,72,88,1,0,66,86,0,1,1,0,0,0,0
389073,572497,89,75,77,8,95,57,72,33,12,0,0,11,63,0,0,1,1,1,1,0
559281,495391,36,62,97,19,10,14,27,32,88,1,0,60,86,1,0,0,0,1,0,1
3307548,964991,13,0,89,20,70,0,82,85,87,0,0,79,64,0,0,1,1,1,1,0
4614011,416267,36,14,82,16,57,94,68,93,55,1,0,71,53,0,1,1,0,0,1,1
2538401,623532,7,88,25,11,93,8,86,6,58,0,1,10,42,1,1,0,0,0,1,0
1285610,761355,76,81,2,91,47,22,43,81,62,1,1,13,77,0,0,0,1,1,1,1
4565693,258516,12,37,1,81,12,51,15,20,79,0,1,90,75,0,1,1,1,0,0,0
4058884,737760,39,41,91,66,59,25,70,4,42,0,0,81,54,0,1,1,0,0,0,1
1259165,629588,91,45,1,4,48,59,77,70,74,0,0,53,13,1,0,1,1,1,1,1
4133817,727321,57,52,21,59,66,17,21,11,56,1,1,7,43,1,0,1,1,0,0,0
3706172,458372,17,25,70,52,6,96,72,58,20,0,1,32,37,1,1,1,1,0,0,0
1025963,381826,56,60,3,51,76,77,22,80,94,0,1,3,57,1,1,0,1,0,0,1
776515,62175,82,66,37,77,24,57,42,57,53,1,0,29,48,0,0,0,1,1,1,1
2562460,929353,37,53,83,47,22,64,67,87,78,0,1,83,15,1,1,1,0,0,1,1
4487382,106551,31,21,69,89,50,76,42,36,52,0,1,93,97,1,1,1,1,0,0,1
2250053,810408,85,25,72,18,46,78,25,82,44,0,0,90,81,1,0,1,0,1,0,1
959401,397761,65,82,51,16,96,68,40,44,35,0,1,88,73,0,0,1,0,0,0,1
2185681,891226,76,59,30,53,4,13,69,79,62,1,1,53,82,0,1,0,0,0,1,1
2761913,776272,86,38,25,67,95,77,30,24,0,1,0,5,29,1,1,1,1,0,1,0
2019231,515491,24,35,35,34,93,45,16,26,91,1,0,4,67,0,0,1,0,0,1,0
4267784,586154,91,20,25,87,94,68,8,50,96,0,1,77,70,1,0,0,1,1,0,1
3535379,122752,57,40,27,40,12,74,90,41,66,1,1,50,79,0,0,1,1,0,0,1
1749317,838510,74,47,4,12,41,31,54,70,78,0,1,13,36,1,1,0,1,0,1,0
4462511,258564,32,25,73,32,4,50,5,41,32,0,1,33,68,0,1,1,0,1,1,0
1088698,298257,87,62,17,14,22,68,69,59,31,1,0,40,54,1,0,1,1,1,1,1
3686142,775880,65,76,14,62,61,99,63,71,86,0,0,88,38,0,1,0,0,1,1,1
2408578,544689,29,35,56,14,0,14,3,78,57,0,0,38,56,0,1,1,1,0,1,0
1759657,935388,80,23,96,30,73,52,66,57,25,1,0,17,48,1,0,1,0,1,0,1
2431946,220432,33,89,4,27,90,70,87,79,60,1,0,19,96,1,1,1,0,0,1,1
4080323,435779,85,20,36,9,53,68,55,71,16,0,0,7,62,0,1,0,1,1,0,0
745726,170486,68,17,85,56,71,93,17,99,72,0,1,25,98,0,1,0,1,1,1,1
2880259,676502,47,14,85,70,2,14,31,95,68,0,1,84,33,1,1,1,1,0,0,1
642244,775488,39,78,21,32,82,29,84,80,28,0,1,26,56,1,0,0,0,0,1,0
690999,338636,50,5,51,6,63,77,47,99,62,1,0,31,96,0,1,1,1,1,1,1
3389189,215536,79,42,14,4,50,23,28,21,5,1,1,41,61,0,0,0,0,0,0,0
607407,735617,12,30,16,89,1,87,31,95,58,0,0,49,38,1,1,1,0,1,1,1
1071158,81693,89,27,50,79,48,34,24,57,98,1,0,80,73,1,1,0,0,1,1,1
1503306,40135,30,7,44,56,30,68,75,10,20,0,0,48,66,0,0,1,1,0,1,0
620602,470448,38,28,62,71,73,11,62,5,44,1,0,64,61,0,1,1,1,1,1,0
4032809,819294,62,20,27,85,79,83,8,21,44,1,0,62,28,0,1,0,1,1,1,1
1827650,141262,47,80,58,97,83,45,70,77,86,0,1,26,98,1,1,1,1,0,1,1
256635,599487,86,87,85,39,2,68,13,91,34,1,0,99,30,0,1,0,0,0,0,1
3062349,896798,47,57,20,27,34,35,19,11,51,0,1,74,59,1,1,0,0,1,1,0
2543136,9331,60,59,41,35,97,84,83,26,45,1,0,34,38,0,1,1,1,1,1,1
4622888,522400,11,49,80,55,84,47,9,0,65,1,1,37,78,0,1,1,1,1,0,0
3764360,188258,77,99,68,46,35,66,10,63,56,0,1,37,0,1,0,0,0,1,0,1
1920444,836080,55,30,81,70,63,92,38,73,41,1,1,41,55,1,0,1,1,1,0,1
285166,295693,17,46,16,39,31,53,18,96,72,1,1,41,82,1,0,1,0,1,0,1
2673006,217854,26,33,67,58,17,88,18,79,76,0,1,48,57,0,1,1,0,1,1,1
3643571,555049,27,1,6,42,33,90,42,38,97,1,0,56,90,0,0,0,1,1,0,0
4178966,794694,81,66,88,91,55,35,60,59,15,1,1,99,20,1,1,0,0,0,0,1
4064856,509840,79,93,39,65,66,51,69,69,4,0,0,53,53,0,1,1,0,0,1,1
497883,973763,51,71,39,8,52,21,71,53,0,0,1,9,70,1,0,0,0,1,0,0
4557356,864004,15,51,42,5,66,37,64,24,21,1,0,59,42,0,1,0,1,0,1,0
4352567,785080,76,6,72,64,90,98,22,19,47,1,0,39,96,0,0,0,0,0,1,1
956079,189544,57,75,82,2,65,61,59,35,25,0,0,0,53,1,0,1,1,1,1,0
3833646,355002,92,18,50,73,63,64,9,22,33,0,1,85,1,1,0,1,0,0,0,1
1643401,89667,8,89,72,36,66,2,62,79,57,1,0,63,13,1,0,1,1,0,1,1
815416,9677,25,91,22,86,80,87,1,0,84,1,1,80,2,0,1,1,0,0,0,1
4291373,209580,27,14,94,32,38,7,35,93,6,0,0,11,13,0,0,0,0,0,0,0
2458233,135334,76,77,31,8,37,38,56,26,24,1,1,56,4,0,0,0,0,0,0,0
3211165,479081,35,47,30,52,39,17,65,51,56,1,0,76,80,0,1,1,0,1,1,0
2932406,500784,8,13,16,76,18,2,78,1,11,0,1,88,38,1,0,1,1,1,0,0
1386430,368581,46,2,57,91,82,17,19,20,30,1,0,25,0,1,1,0,0,0,0,0
4355304,973121,77,49,85,50,4,79,41,8,26,1,0,39,42,0,0,1,0,1,0,1
4009395,416811,50,92,34,70,68,95,20,87,85,0,0,42,91,1,0,1,1,0,0,1
4107297,485675,75,53,29,25,13,0,93,47,33,1,1,96,58,0,1,1,0,0,1,0
2929737,589436,56,5,63,15,90,25,87,38,80,1,0,71,77,1,0,1,0,1,0,0
2859786,838358,31,48,52,39,48,51,65,41,74,0,0,12,80,1,0,1,1,0,1,0
1360714,604559,66,22,50,89,63,11,37,70,92,0,0,89,14,0,1,1,0,0,0,1
512916,563745,56,91,36,50,99,37,85,93,33,0,0,55,45,0,0,0,1,0,1,1
4335316,571819,53,77,89,38,56,84,92,44,36,1,1,16,6,1,0,0,0,1,1,1
4434453,209335,15,77,5,54,34,40,77,1,57,1,1,87,41,0,1,1,1,1,1,0
548844,471516,61,19,33,95,84,52,68,75,59,1,1,23,6,1,0,1,0,1,0,1
3180342,657315,83,76,55,35,4,12,23,76,25,1,0,75,46,0,1,0,1,1,1,1
3824656,199243,95,90,95,64,87,75,25,66,44,0,1,94,87,1,1,0,1,0,0,1
4522751,517445,55,59,24,84,38,12,1,42,44,0,0,57,89,0,0,1,1,1,1,1
2758845,262231,22,98,12,76,23,17,45,17,31,0,0,79,77,1,1,1,0,1,1,0
1812033,778589,16,44,62,89,39,18,33,38,68,1,0,60,18,0,0,1,0,0,0,1
3131531,575059,79,60,65,44,49,18,61,5,83,0,1,79,52,1,1,0,1,1,1,1
3524024,622423,37,55,4,8,76,69,86,41,70,1,0,93,89,1,0,1,0,0,1,1
3668282,595642,71,1,74,36,57,47,40,51,22,1,1,27,15,0,0,1,1,0,0,0
1614474,642031,82,44,10,86,0,70,98,26,64,1,0,66,97,1,1,0,1,0,1,1
553039,773741,29,39,87,0,42,70,14,78,38,0,1,96,61,0,1,0,0,1,1,1
1561425,959793,57,23,77,65,38,27,54,14,66,1,1,50,65,0,0,1,1,0,0,1
2490146,563180,97,28,93,62,9,91,2,18,44,1,1,87,64,1,0,1,0,1,0,1
3157498,207268,77,66,43,42,1,18,75,61,66,0,0,93,50,0,0,0,1,1,1,1
1769720,921094,21,67,98,27,62,79,37,63,62,0,1,91,35,0,0,1,0,1,0,1
1327787,100057,16,65,84,99,15,80,50,50,69,1,1,38,34,0,1,1,1,0,0,1
2135657,43409,14,83,68,30,36,85,16,46,94,1,0,65,23,0,1,0,1,0,0,1
2182539,251889,47,53,1,68,15,82,90,56,53,1,1,76,68,0,0,1,0,1,1,1
3771387,432686,31,52,39,88,86,47,82,19,26,0,1,73,28,1,0,0,0,1,0,0
1909813,154457,76,78,36,7,89,28,48,19,92,0,1,39,0,0,0,1,0,0,0,0
1109210,421512,84,48,48,33,79,47,20,81,78,0,0,12,56,0,1,0,1,0,0,1
2152026,909998,39,31,97,48,26,18,87,63,35,0,1,18,8,1,0,0,1,0,0,0
232766,328860,96,60,74,95,62,98,23,97,4,0,1,5,99,0,0,0,0,0,1,1
4950014,880584,56,41,35,57,93,46,82,98,66,1,1,17,79,0,1,0,0,0,1,1
4668653,31382,57,0,74,74,63,88,94,37,50,1,0,8,14,1,0,1,0,1,0,1
4874110,81675,90,62,72,46,96,59,39,37,88,1,1,80,73,1,0,0,0,1,1,1
1660235,551707,98,34,69,24,31,47,19,64,31,1,1,67,15,1,1,1,0,1,0,1
1658316,86238,15,50,33,2,8,19,78,75,20,0,0,53,47,0,0,0,0,0,1,0
1627197,230825,27,70,57,44,10,18,34,4,16,0,1,49,35,0,0,0,0,0,1,0
4328784,699651,97,44,36,51,69,41,47,63,72,1,1,69,52,1,1,0,0,1,0,1
4833662,279541,0,76,95,95,29,76,98,26,25,1,1,10,78,1,0,1,0,1,0,1
4061460,325032,40,64,59,98,14,75,32,19,21,0,0,54,2,1,1,0,0,0,0,1
3253380,40169,47,13,11,95,58,48,55,59,40,1,1,41,18,0,1,1,1,0,0,0
511385,591470,30,92,31,33,47,14,40,39,58,1,0,89,40,1,1,0,0,1,0,1
3807323,883908,35,2,80,68,93,59,53,82,86,0,1,10,36,0,0,1,1,1,1,1
1133476,833681,32,23,3,91,81,67,43,78,74,1,1,71,58,1,1,1,1,1,0,1
2128854,164413,32,64,32,91,75,78,81,5,9,0,0,66,66,0,1,1,1,0,0,1
1009359,867035,81,47,42,7,59,80,80,72,86,1,1,1,7,1,0,1,1,0,1,1
2412809,182216,22,9,8,26,67,26,71,35,4,1,1,81,87,1,0,1,1,1,0,0
3150214,459988,59,12,97,79,56,74,83,86,54,1,0,65,13,1,0,1,1,0,1,1
2401580,84360,86,99,50,62,63,54,10,73,25,0,0,25,60,1,1,0,1,1,1,1
1694139,542732,78,72,93,81,53,86,93,64,3,0,0,75,34,0,0,1,0,1,0,1
3209828,443863,89,13,19,24,79,14,90,10,26,0,1,36,15,1,0,0,0,0,0,0
4352092,128662,29,99,38,57,86,51,13,48,97,0,0,89,70,1,1,0,1,1,0,1
1990146,774776,88,9,22,47,74,30,41,83,57,0,1,35,34,1,1,1,1,1,1,0
269518,103843,44,39,40,0,53,89,78,27,2,0,0,15,7,0,1,1,1,1,0,0
376355,802406,79,22,43,7,58,6,11,21,49,1,0,77,59,1,0,0,1,1,1,0
2116334,641438,38,98,34,20,87,12,83,83,95,1,0,65,11,1,1,0,1,0,0,1
2964717,436599,44,54,22,97,85,53,16,46,25,1,1,20,48,1,0,1,0,0,0,0
320243,785908,77,62,57,87,38,12,89,79,17,1,1,6,79,0,1,0,1,1,1,1
3399039,624114,80,70,47,89,14,19,77,65,6,0,1,10,67,0,0,0,1,1,1,1
1897818,479768,11,41,86,77,78,97,24,24,44,1,0,55,34,0,1,1,0,0,1,1
2976374,889080,92,98,57,28,73,9,25,90,12,0,1,43,44,0,1,0,1,0,0,1
2518620,230121,31,65,56,29,27,51,46,66,5,1,1,53,40,0,0,1,1,1,1,0
3687379,925460,55,78,86,2,35,36,24,86,34,1,0,92,60,0,1,1,1,1,0,1
2760837,930581,23,72,38,6,53,51,88,31,94,0,1,56,95,1,1,0,0,1,0,0
3874942,827922,12,46,27,99,16,26,59,16,52,0,0,57,75,0,1,0,1,0,1,0
1284309,770723,19,80,63,10,99,33,59,39,67,1,0,36,84,1,1,0,0,0,0,0
2629151,654001,78,51,61,31,85,99,26,83,41,0,1,47,14,1,1,1,0,0,0,1
241743,60612,55,17,82,58,86,61,42,29,3,0,0,61,98,1,0,0,0,0,0,0
370948,629762,52,78,61,11,92,15,75,58,59,1,1,38,66,0,1,0,1,0,1,0
3869021,303303,67,17,93,78,21,58,19,27,44,0,0,91,58,0,1,1,1,0,0,1
701793,568998,53,23,84,37,74,20,62,46,71,0,1,63,1,1,1,0,1,0,1,1
526284,936310,33,22,87,23,35,15,79,22,74,0,1,67,5,1,1,0,1,0,1,0
2030314,642384,27,11,84,64,28,80,24,82,65,1,1,67,56,1,0,1,0,0,0,1
3977341,214417,49,22,25,17,54,78,26,56,81,0,0,26,15,0,0,1,0,0,0,0
468508,216463,1,20,50,45,41,12,51,88,81,0,1,69,22,1,0,0,1,1,0,0
4785315,898844,93,63,49,55,31,32,81,87,21,0,0,97,94,1,0,1,1,0,0,1
1970403,624212,25,89,35,62,13,53,9,0,11,1,1,81,40,1,0,0,1,0,1,0
4571272,273602,50,71,25,6,17,68,49,91,80,1,1,59,29,0,0,1,0,1,1,1
1476485,922425,46,93,32,65,37,26,29,28,50,1,0,43,66,0,1,1,1,1,1,1
706995,302668,25,33,99,39,33,51,0,49,16,0,1,29,54,0,1,1,0,1,1,0
2385454,667213,83,1,67,53,44,64,53,63,35,1,1,96,79,0,1,0,1,0,1,1
2272723,307621,91,68,72,30,86,43,3,98,92,0,0,57,3,0,1,1,1,0,1,1
3035743,299366,83,30,7,96,31,29,86,80,48,1,1,83,99,1,0,1,0,0,0,1
765635,547608,74,96,65,51,66,22,6,74,15,1,1,35,27,1,0,1,0,1,1,1
727409,99154,73,67,92,93,62,78,29,36,74,0,0,4,49,1,0,1,0,1,0,1
2380945,581531,60,69,22,30,54,99,89,60,43,0,1,98,27,0,0,0,0,0,1,1
1801028,705975,22,86,69,33,42,82,64,6,21,0,1,18,52,1,0,1,0,1,1,0
487635,415568,36,18,54,6,21,93,28,89,93,0,0,11,66,0,0,0,1,0,0,1
783510,602121,40,71,42,88,86,15,24,86,7,0,0,89,25,0,0,0,1,1,1,1
4922340,98476,51,12,99,15,67,54,39,63,17,0,1,59,38,1,1,1,0,1,1,0
4978972,119560,82,64,20,21,76,17,25,17,79,0,0,82,12,1,0,0,1,0,0,1
3311500,925707,81,5,21,99,95,89,16,28,83,1,1,10,70,1,0,1,0,0,0,1
1893481,306411,48,70,8,52,28,16,30,97,71,1,0,52,53,0,1,0,0,0,1,1
3261342,567229,26,26,33,90,39,74,60,59,93,1,1,19,12,1,0,1,1,1,1,1
800198,874241,5,78,58,16,44,51,7,53,37,0,0,72,58,1,1,0,1,0,0,0
597891,554656,73,51,25,3,9,44,68,71,28,1,1,83,3,1,0,0,0,0,1,1
3281362,868618,65,97,0,60,76,55,0,20,76,0,1,26,79,0,1,1,0,1,1,1
4894505,298128,23,86,99,98,44,92,78,20,80,1,1,57,56,0,1,1,1,1,0,1
3847965,440157,37,47,4,85,16,53,99,57,80,1,0,4,91,1,0,0,1,0,1,0
1241566,208990,27,87,40,51,1,8,70,48,72,0,0,73,59,0,1,0,1,1,1,1
3924476,450899,27,78,62,34,16,16,45,35,1,1,1,8,46,1,1,1,0,0,0,0
1819282,262481,65,98,21,43,89,26,90,16,58,1,0,88,76,0,1,0,0,0,0,1
3634078,5801,60,67,67,14,37,36,98,79,41,1,0,76,73,1,1,0,0,1,1,1
3998196,635826,45,43,47,60,36,21,90,52,87,1,0,31,4,0,0,0,0,1,0,1
2035295,903633,68,16,65,43,62,71,19,14,20,1,0,71,35,0,1,1,0,0,1,0
1270913,839397,74,94,15,20,4,66,81,78,1,0,0,53,18,1,1,0,0,1,1,1
3497466,614557,73,37,79,76,24,37,39,39,4,0,0,44,29,0,0,1,1,0,0,1
4641971,783053,42,9,52,46,72,98,1,80,16,1,1,26,40,1,0,1,1,1,1,0
1087099,932473,58,53,85,74,91,95,93,50,23,0,1,85,47,1,1,0,1,1,1,1
3253407,303113,1,90,64,48,21,71,60,64,7,0,0,27,27,1,1,1,1,0,1,0
4345295,480485,14,5,78,52,92,43,93,12,29,1,0,17,30,0,0,1,0,0,0,0
1617231,954953,36,5,63,26,62,90,70,37,49,0,0,86,99,0,0,1,1,0,1,1
1731181,96679,70,51,87,30,34,95,76,73,21,0,1,30,56,1,1,1,0,1,1,1
607974,686065,19,14,67,43,54,35,96,96,58,0,1,40,42,1,0,1,0,1,1,0
3804724,720663,97,67,62,31,19,97,29,25,23,1,0,33,64,0,1,1,1,0,1,1
4527552,295507,34,56,61,29,4,24,29,75,25,1,1,6,8,1,1,1,1,1,0,0
1351882,166792,33,55,81,17,38,94,86,82,60,1,1,4,11,1,0,1,0,0,1,1
1144131,932476,85,6,80,62,62,41,44,14,7,1,1,20,86,1,1,0,1,0,0,0
2671321,562639,30,50,70,15,31,12,23,4,11,1,1,5,11,1,0,1,0,0,1,0
900270,640311,86,57,44,34,62,55,83,1,13,1,1,44,41,0,0,0,1,1,0,0
290417,696505,18,63,51,61,73,78,91,77,29,1,1,34,72,1,0,1,1,0,0,1
4822942,617236,67,25,73,8,39,50,55,92,54,0,0,86,52,0,0,1,0,1,1,1
1260560,749974,23,57,64,61,16,49,82,64,98,1,1,2,89,0,1,0,1,0,1,1
392458,224188,83,30,1,38,78,76,60,76,60,0,0,32,93,0,1,0,0,0,1,1
4918912,847667,38,65,48,50,72,51,12,59,61,1,0,37,56,0,1,0,0,0,0,1
2123782,281999,91,91,21,9,31,32,79,95,30,1,1,86,83,1,1,0,1,1,1,1
4809409,434385,53,12,95,51,22,94,55,97,91,1,1,79,15,1,1,0,0,1,0,1
4096937,266677,38,17,28,11,74,24,14,55,26,1,0,88,76,1,0,0,1,1,1,0
1608791,182476,16,93,34,71,59,57,10,77,99,0,1,15,98,1,1,1,1,1,0,1
2176850,155641,18,74,80,61,76,39,11,37,0,1,0,88,49,0,1,0,1,1,1,1
4302553,654362,47,12,75,2,81,86,85,56,40,0,0,70,3,0,0,1,1,1,1,1
3300618,789366,34,23,23,82,55,37,88,50,13,0,1,7,88,0,0,0,0,1,1,0
2931303,583725,31,56,93,10,8,2,2,40,73,0,1,2,12,1,0,0,0,1,0,0
246250,971010,46,28,29,7,68,15,23,78,49,1,1,68,59,0,0,1,1,0,1,0
4205194,161810,46,55,83,89,61,1,88,69,41,1,0,18,27,0,1,1,1,1,0,1
1550850,929276,63,53,41,22,63,22,8,92,70,0,0,6,11,1,0,0,0,0,1,0
675147,95410,45,4,70,9,21,97,91,82,39,1,1,85,23,0,1,1,0,1,0,1
3217193,24731,34,34,49,17,31,29,45,51,13,1,1,89,91,0,0,0,1,1,0,0
4085850,670491,93,18,70,75,46,9,93,0,99,1,1,49,0,1,0,0,1,1,1,1
2312368,857756,16,54,59,38,1,64,70,84,90,0,1,88,33,0,0,1,1,0,0,1
2643445,190169,41,76,29,25,84,21,59,17,10,0,0,5,2,0,1,0,1,0,0,0
1076336,873152,28,68,11,10,91,51,10,26,62,0,1,4,21,0,1,1,0,1,1,0
4030415,887865,69,43,48,9,51,55,9,91,48,0,0,60,84,0,1,1,1,0,0,1
2485221,270033,16,77,94,2,87,32,2,71,36,0,1,85,26,0,0,1,1,1,1,1
3710043,538857,80,37,81,61,87,88,18,94,9,1,0,94,20,1,1,0,1,0,1,1
4508760,878625,13,61,45,70,13,85,1,75,53,0,0,57,85,0,0,0,0,1,1,1
3670431,211749,23,21,42,60,36,79,16,41,6,0,0,21,12,0,1,1,1,0,0,0
4271867,90192,56,72,1,3,26,29,92,5,80,0,1,56,43,1,0,0,0,0,0,0
4112487,784117,49,39,96,60,23,81,1,89,11,0,1,74,79,1,1,0,1,0,0,1
1618060,92154,56,25,74,7,63,23,52,79,54,1,1,31,23,0,1,1,1,0,1,0
4428087,213542,60,4,97,12,69,4,15,93,35,1,0,16,45,1,0,1,0,0,0,0
4428456,113073,38,92,79,11,25,52,9,82,6,0,1,57,16,0,0,0,1,1,1,1
4839022,224894,54,53,53,34,53,54,67,81,23,1,1,40,4,0,1,1,1,1,0,1
348725,524235,95,85,34,53,14,22,42,23,33,0,1,21,37,1,1,0,0,1,1,0
691215,799044,35,48,51,50,28,90,89,44,64,0,0,79,58,0,1,0,0,1,0,1
2468693,580932,36,2,32,42,99,75,57,83,28,0,1,41,26,1,0,1,0,0,0,0
4124152,561357,13,91,84,99,73,9,59,70,25,1,0,78,53,0,0,1,0,0,1,1
1108017,873173,26,37,83,65,27,97,23,6,73,1,0,7,95,1,1,0,1,0,0,1
521898,425547,82,13,71,14,58,32,75,15,64,0,1,45,89,1,1,0,1,1,0,0
885338,847329,30,46,50,48,72,79,84,57,44,0,1,47,70,0,1,0,0,0,1,1
3702415,150006,72,13,25,33,20,92,15,56,16,0,0,2,99,1,0,1,1,0,1,0
254745,408311,80,74,96,38,9,61,99,41,35,1,1,76,54,0,0,1,1,1,0,1
1883032,489710,82,72,61,25,3,81,98,13,72,0,0,29,70,0,0,1,1,1,0,1
2318219,893976,43,37,60,68,61,26,8,55,62,0,0,27,42,0,0,1,1,0,1,1
2348185,547994,67,63,25,47,3,6,5,11,22,1,0,72,90,0,0,0,1,0,0,0
245256,179588,47,43,36,88,5,99,64,92,92,0,1,75,37,1,0,0,1,1,0,1
702264,632890,56,69,29,50,89,26,77,14,65,1,0,24,87,0,0,0,1,1,0,0
3546145,495224,74,64,94,97,79,73,23,7,81,0,0,36,87,1,0,0,0,1,1,1
1139695,301773,21,24,96,3,71,9,9,57,91,1,1,84,60,1,1,1,1,0,0,1
2383955,445126,3,15,10,97,91,74,81,52,41,0,0,50,44,0,1,1,0,1,0,0
1452390,486756,80,14,52,26,15,56,72,8,70,0,0,38,57,0,0,1,1,0,1,0
2415995,129746,71,97,40,41,37,29,26,45,74,1,1,82,28,0,0,0,1,0,1,1
679809,549719,45,80,4,55,48,2,82,91,70,0,0,71,53,0,0,0,0,1,1,1
2850432,192805,58,2,65,92,60,28,99,90,42,1,1,66,90,1,0,1,0,1,0,1
4375282,569376,33,66,12,68,64,13,2,6,87,0,1,85,33,1,1,0,0,0,0,0
3717847,704495,10,36,62,17,82,76,37,43,54,1,0,0,20,1,1,0,0,1,1,0
1967413,436231,30,80,81,60,49,82,72,13,55,0,1,37,44,0,1,0,0,0,1,1
4538586,760398,10,54,89,3,16,24,73,74,78,1,0,51,0,0,1,0,0,0,1,1
2773697,560673,55,37,24,0,27,9,72,95,30,1,1,62,9,0,1,0,1,1,0,0
3800952,337343,37,62,43,49,43,78,16,91,82,0,0,51,57,1,0,1,1,1,1,1
2171277,305821,20,0,13,83,11,91,47,5,55,0,1,82,93,0,0,1,0,0,1,0
1144740,123104,93,70,68,69,69,48,48,34,73,1,0,84,27,1,0,0,1,0,0,1
3246555,17818,9,89,58,19,70,37,42,69,47,1,0,59,60,0,0,0,0,0,0,1
1396311,486438,25,18,55,19,71,70,83,60,51,1,1,12,29,1,1,0,0,0,1,0
4644041,330145,90,51,51,45,2,13,6,23,71,0,0,90,27,0,1,1,0,1,1,1
342157,160049,7,29,65,26,48,29,67,72,0,1,0,16,28,0,1,0,0,0,1,0
2487319,579120,7,54,67,25,20,39,73,1,1,1,1,83,30,1,0,0,1,1,1,0
4988109,832363,59,13,11,31,7,11,20,77,92,1,1,29,67,1,1,0,0,1,1,0
1662603,613278,71,12,74,9,63,91,77,50,41,0,1,37,82,1,0,0,1,0,1,1
1475029,214966,33,83,67,81,91,13,24,30,73,0,0,10,73,1,1,1,1,0,1,1
3220791,77204,15,89,42,11,58,0,80,93,8,0,0,26,30,1,1,0,1,1,0,0
336645,50784,12,26,72,73,29,67,60,26,30,1,0,37,97,1,1,1,1,1,0,0
1852131,897737,86,88,73,87,31,48,27,99,95,1,1,27,40,1,0,0,0,0,1,1
1386837,14921,75,8,90,23,74,17,77,30,1,0,0,25,63,1,1,0,0,0,1,0
542221,826391,90,40,5,50,19,35,51,69,23,0,0,32,41,1,0,0,0,0,0,0
2635919,823760,21,47,14,37,15,63,12,42,42,0,0,31,43,1,0,0,1,1,1,0
1379580,931363,95,11,41,45,24,95,33,81,69,0,1,53,30,1,0,0,0,1,0,1
253687,260564,26,9,30,88,59,27,66,51,71,1,1,24,10,0,1,0,0,0,0,0
2690272,618794,63,5,85,7,44,91,3,13,88,0,0,23,35,1,1,1,0,1,1,0
2829137,79408,1,33,52,54,8,31,43,58,42,0,1,39,31,1,1,0,0,1,1,0
4998757,653140,96,51,5,77,50,71,14,19,50,1,1,26,86,1,1,1,0,0,1,1
4075010,745126,25,40,32,30,60,24,83,51,88,1,0,45,38,1,0,1,1,1,0,0
4976415,555996,91,82,28,87,39,46,7,74,45,0,1,85,66,1,1,0,1,1,1,1
2239660,548135,82,5,20,15,60,19,4,39,74,0,1,83,59,0,0,1,0,0,1,0
2219450,585277,68,1,53,19,66,32,65,67,98,0,1,96,91,0,0,0,1,0,1,1
4900858,916815,96,14,55,37,79,29,91,43,0,0,0,68,24,1,1,0,1,0,0,0
2171140,9922,83,16,93,14,75,36,85,5,86,1,1,92,27,1,0,0,1,1,0,1
4061607,468144,29,15,20,77,14,79,72,86,66,0,1,68,18,1,0,0,1,1,0,1
3728434,57335,7,27,99,75,52,52,91,56,0,0,0,38,82,1,1,1,0,1,0,0
4324390,918345,37,84,54,33,3,88,45,57,62,0,0,80,28,0,0,1,1,0,1,1
2856222,936045,60,71,57,71,22,73,64,71,75,0,0,28,49,1,1,0,1,0,1,1
1327109,810983,80,9,63,18,26,68,99,29,61,1,0,74,18,0,1,1,1,1,0,1
4634315,155453,64,9,85,68,36,7,65,99,60,0,0,85,55,0,0,0,1,1,1,1
1753744,904751,66,9,45,90,76,96,25,51,39,1,1,30,17,0,1,0,0,1,1,1
4466988,322817,45,72,83,62,42,0,30,10,94,0,0,64,44,0,0,1,1,1,0,1
1988220,892963,89,27,21,76,36,94,50,46,28,0,1,14,87,1,1,0,0,0,0,1
4211718,27948,94,23,59,31,84,6,40,4,34,0,0,82,79,0,1,1,0,0,0,0
4213582,621552,71,18,10,94,28,61,50,2,91,1,1,73,81,1,1,1,1,0,0,1
3072875,64072,42,96,46,36,28,86,18,14,84,1,0,8,40,0,1,0,0,1,0,1
2030288,334704,58,67,30,65,48,57,94,1,10,0,1,12,12,1,1,1,0,0,0,0
2041646,742609,45,55,76,6,74,87,72,1,89,1,0,44,67,1,0,1,0,0,0,1
4169579,662846,71,66,17,47,50,77,2,71,10,1,1,89,76,0,1,0,0,1,0,1
1796246,71691,34,41,21,10,49,86,37,53,62,0,1,5,98,0,0,1,0,1,1,0
2019239,670442,38,11,55,74,27,72,69,45,68,1,0,43,67,0,1,1,1,1,0,1
2450618,894213,91,17,16,86,73,7,44,93,55,1,1,1,82,0,0,1,0,0,1,0
4628622,351249,50,22,37,30,4,63,70,40,6,1,1,28,23,1,0,1,1,0,0,0
2669930,12086,3,83,24,43,55,7,40,68,50,1,0,47,32,0,0,0,1,0,0,0
331936,394962,79,5,31,44,63,2,24,29,94,1,1,11,96,0,0,0,1,0,0,0
2179746,597141,76,52,14,71,88,57,88,43,38,0,1,86,72,1,0,1,1,1,0,1
2669970,369069,83,97,12,55,96,31,49,9,41,0,0,66,54,1,1,1,1,1,0,1
1496573,337171,50,41,57,31,16,67,0,96,71,0,1,49,2,1,0,0,1,0,0,1
3735647,283060,4,65,89,20,96,48,53,87,52,1,0,10,2,1,0,0,1,0,1,0
2778682,806680,54,29,49,30,88,37,85,82,90,0,1,4,29,1,0,1,1,1,0,0
1704900,990551,19,8,10,0,96,1,83,29,20,1,1,44,17,0,1,1,1,0,0,0
3590664,815658,23,90,12,76,54,8,12,88,29,0,1,73,65,0,1,0,0,0,1,1
1821788,947529,35,41,96,10,8,45,39,74,77,1,1,46,95,0,1,1,0,1,1,1
4804229,768210,33,33,49,92,90,64,20,48,0,1,0,5,42,1,1,1,1,0,0,0
391896,577668,53,39,37,67,88,48,86,34,23,1,0,79,72,0,0,1,1,0,1,1
4807765,799280,33,87,0,35,67,74,40,64,5,0,1,94,65,0,1,1,0,1,1,1
1283329,543562,82,16,38,78,72,28,60,16,5,1,1,86,83,0,1,0,1,0,0,0
2580612,321689,16,28,26,58,78,89,32,30,68,0,0,93,26,1,1,0,1,0,1,1
433979,789403,4,99,35,66,15,90,72,69,61,1,0,83,99,1,0,0,0,0,1,1
478104,101494,88,49,31,55,15,28,28,76,34,1,0,88,18,0,1,0,1,1,0,1
2198547,120981,17,75,40,50,12,32,54,51,78,0,1,98,15,0,0,0,0,0,0,1
4244630,171305,54,94,14,28,77,27,31,25,34,0,1,68,25,0,1,0,1,0,1,0
4325279,21304,52,48,30,84,85,94,10,99,47,1,1,62,13,0,0,0,1,0,1,1
4991882,278438,49,72,5,1,84,82,51,4,71,1,0,66,46,1,1,0,1,0,1,0
4529454,293569,71,60,88,5,72,25,35,13,42,1,1,46,17,1,0,0,1,0,1,0
1195893,729071,90,82,51,30,62,28,92,50,34,0,0,33,27,1,0,1,1,0,1,1
3396247,115777,78,45,81,53,40,10,30,14,4,1,0,11,18,1,0,0,0,0,0,0
2039050,407641,44,45,21,87,52,95,13,11,30,1,1,26,29,1,1,1,1,1,1,0
2870492,620837,12,16,30,39,67,84,62,45,30,1,0,68,20,0,0,1,1,0,1,0
2655257,622752,15,65,99,16,73,33,51,63,7,1,1,85,20,1,1,1,0,0,1,1
3177299,967494,85,4,72,4,98,85,53,71,5,0,0,67,47,1,1,0,1,1,0,1
3134317,636036,83,53,45,1,8,47,49,58,86,0,1,27,54,0,0,1,1,1,0,1
4166914,471962,12,15,66,57,50,26,88,94,52,0,1,70,29,1,0,0,1,0,1,1
3503481,859727,19,80,96,11,47,71,53,25,79,0,0,44,41,0,1,0,0,1,0,1
4737454,807523,65,90,90,4,79,39,89,28,43,1,0,97,36,1,1,0,0,0,0,1
1746064,911375,98,6,42,59,48,30,85,3,48,1,1,1,40,1,0,1,1,0,1,0
3440641,259174,46,7,0,40,17,64,72,49,7,0,1,8,45,1,1,1,1,1,0,0
2915548,660362,18,71,43,19,9,38,96,91,63,1,0,78,95,0,0,0,0,1,1,1
979091,258890,44,86,56,71,84,97,86,24,3,1,1,30,93,0,0,1,1,0,1,1
2566789,579699,36,95,8,0,53,23,98,39,31,1,1,35,85,0,1,0,0,1,1,0
2366791,439174,53,81,4,55,78,91,83,31,52,0,0,14,59,1,1,1,1,1,0,1
3577180,263901,5,37,78,69,14,67,96,99,66,0,0,96,87,0,1,1,0,1,1,1
1906930,100696,13,53,8,55,10,81,34,74,62,0,0,61,73,0,0,1,0,1,1,1
1164795,681067,3,75,44,53,39,92,29,36,79,1,1,30,87,1,1,0,1,1,1,1
2783236,675608,85,14,91,10,46,22,54,9,59,1,1,26,0,1,0,1,0,1,0,0
1778458,600597,54,91,76,2,19,60,93,37,97,1,0,1,53,1,0,0,1,1,1,1
2009771,738682,99,49,23,94,97,26,85,60,76,0,0,72,34,1,0,1,0,0,1,1
469515,974224,33,55,73,27,21,15,0,99,32,0,0,42,15,0,1,1,1,0,0,0
1820179,675397,26,94,41,4,47,44,14,26,21,0,1,0,4,0,1,0,0,0,1,0
3997267,72421,6,8,21,89,81,26,24,80,30,0,1,82,30,0,1,1,1,1,0,0
871986,241436,2,7,59,15,15,72,19,6,23,1,1,8,36,1,0,0,0,0,1,0
2534482,480083,46,18,85,30,4,4,70,72,2,1,0,59,24,1,1,0,0,0,0,0
3221786,307756,96,50,36,27,64,58,15,98,32,0,0,1,61,1,0,1,1,0,0,1
337900,486247,1,71,38,6,82,71,51,8,93,0,1,57,24,0,1,0,1,1,1,0
4713962,542738,79,97,83,8,73,81,86,58,25,1,0,64,66,0,1,1,0,1,0,1
4894668,14491,24,56,73,38,20,34,84,35,97,1,0,11,37,0,0,0,0,1,1,0
1484283,122026,59,67,73,98,60,69,64,29,50,0,0,54,95,0,0,0,1,1,1,1
4018971,79804,78,30,89,42,76,86,83,94,85,0,1,89,47,1,0,1,0,1,0,1
1703061,516662,23,2,88,26,54,45,82,18,29,0,0,9,83,1,1,0,1,1,1,0
713066,884725,14,98,52,75,23,89,69,40,34,1,0,64,93,1,0,0,1,0,1,1
4208146,648786,94,82,27,88,22,55,95,54,24,1,0,64,63,0,1,0,1,1,1,1
2561331,767803,13,42,76,92,86,23,0,86,27,1,0,60,1,0,1,0,1,0,1,1
1358343,929295,53,28,14,94,10,9,93,83,96,1,1,94,63,0,1,1,1,1,1,1
2731113,896907,77,9,59,97,46,78,15,5,86,1,1,74,68,0,1,1,1,1,0,1
741529,819746,5,11,59,32,1,37,26,87,25,0,1,68,82,1,0,1,0,0,1,0
2874415,843315,77,45,5,90,69,83,17,21,72,0,1,34,19,1,1,0,1,1,0,1
4548530,492335,80,29,51,55,52,92,76,69,7,0,0,10,85,0,0,0,0,0,1,1
2353548,354230,17,93,11,1,10,69,43,23,96,0,1,67,10,0,1,1,1,0,1,1
1741019,725989,19,81,18,13,14,47,49,61,14,0,0,37,81,0,0,1,1,0,0,0
318920,368435,61,87,95,12,72,8,91,41,48,1,0,38,90,1,1,1,0,0,1,1
606547,247223,80,31,74,23,11,49,73,21,7,0,0,20,30,0,1,0,1,0,1,0
1859090,539255,79,72,96,68,35,68,13,81,54,0,0,35,34,0,1,1,1,0,0,1
1857583,217826,39,46,1,33,91,47,51,15,84,0,1,91,43,0,0,0,1,1,0,0
263014,310364,38,87,54,86,22,38,92,99,57,1,1,71,54,0,1,0,1,1,0,1
3909362,734523,51,62,14,18,26,82,74,12,2,0,0,19,44,1,0,1,0,0,1,0
1435382,927451,31,25,63,29,87,4,49,36,8,1,1,42,20,1,0,0,0,1,0,0
4732889,699779,72,2,99,48,13,83,90,51,13,0,1,20,51,1,0,1,0,1,1,1
3391849,323275,26,22,68,42,53,10,16,23,90,0,0,34,19,1,0,1,0,0,0,0
4082506,486930,51,74,14,15,98,59,2,82,19,1,1,63,8,1,0,0,0,0,1,1
2619493,33876,96,73,42,51,26,26,61,83,3,0,0,31,94,0,1,0,1,0,0,1
556778,748804,62,49,73,97,20,92,94,90,23,0,0,35,8,0,1,1,1,0,0,1
1497682,892880,73,35,16,48,48,6,20,16,90,1,0,68,57,0,0,1,1,0,0,0
3332293,680331,62,12,97,10,61,59,32,15,75,0,1,51,70,0,1,1,0,0,0,1
1741037,985043,16,28,23,77,76,49,0,0,27,1,0,3,32,0,1,1,0,0,0,0
4232371,234192,48,37,73,46,71,66,69,84,98,1,0,6,0,0,0,1,0,0,0,1
2802352,316372,99,76,29,78,43,68,55,90,87,1,0,97,82,1,0,1,0,0,1,1
1731817,259767,80,89,66,34,43,54,3,0,30,1,1,83,2,0,0,0,1,0,1,1
2215074,865927,81,83,50,70,97,76,21,29,66,1,0,70,38,0,0,0,0,1,0,1
4920058,257313,22,4,59,28,60,15,76,83,93,0,0,23,11,1,1,0,0,0,1,0
4162931,33261,97,19,2,53,41,11,57,23,63,0,0,20,93,1,1,1,1,1,0,0
4740334,111601,71,77,4,85,22,26,43,45,90,0,0,56,15,1,0,0,0,0,0,1
2002502,66260,12,13,27,22,72,32,56,1,16,1,1,72,76,0,1,1,0,1,0,0
1662538,503214,22,7,77,23,0,78,93,14,5,0,0,18,49,0,0,1,0,1,0,0
2226819,479587,56,47,10,98,35,84,39,28,81,1,1,83,87,1,0,0,0,1,1,1
2274520,401562,61,12,71,9,54,80,89,98,59,0,0,27,80,1,1,0,1,0,0,1
2632665,494170,53,23,71,60,15,54,55,61,98,1,1,31,26,1,0,1,0,0,0,1
4134053,585464,19,78,75,7,88,51,62,12,90,1,0,33,28,1,1,0,1,0,0,0
932722,319444,85,64,14,47,17,36,38,82,80,0,1,15,77,0,1,1,1,1,1,1
1991396,147412,51,85,82,75,97,14,6,64,10,0,1,37,68,1,1,0,0,0,0,1
1400847,522561,22,33,47,92,37,83,13,44,37,0,0,80,51,1,1,0,0,0,1,1
1234104,824444,34,50,45,28,66,82,89,46,33,1,0,74,5,0,1,0,1,1,1,1
2650700,695753,66,2,27,86,19,64,17,15,46,0,0,3,23,0,1,0,0,1,0,0
4075416,631441,33,89,6,25,18,67,54,2,31,1,1,55,39,1,0,0,0,0,1,0
4218293,473349,32,77,70,36,12,2,55,69,56,0,1,39,32,0,1,0,0,0,0,1
1416053,948061,45,57,93,95,16,71,87,94,45,1,1,49,8,0,1,0,0,1,0,1
4301599,986708,80,71,81,51,77,4,56,4,34,1,1,39,48,1,1,1,0,0,0,0
1894000,864705,44,54,87,37,29,8,57,25,91,0,0,81,66,1,0,0,0,0,0,1
1590598,903760,18,79,5,5,85,0,24,91,21,0,1,48,22,0,1,1,1,1,1,0
4746925,901736,93,41,57,7,42,29,95,14,15,0,0,47,84,1,0,1,0,1,1,0
2769849,373781,86,20,67,16,47,70,69,72,75,1,1,5,21,1,1,0,1,0,1,1
931658,677636,14,9,54,75,42,85,79,54,4,1,0,95,71,0,1,1,1,0,0,1
3996315,321783,77,56,66,61,92,19,2,21,89,0,1,4,83,0,0,0,1,1,0,1
3975702,389083,65,24,48,85,65,92,20,36,25,0,1,78,77,0,0,0,0,1,1,1
4290284,536598,38,55,50,77,52,26,31,84,76,0,0,44,93,0,1,0,1,0,0,1
2599771,695527,17,37,58,33,71,88,1,28,23,1,1,15,7,0,1,1,1,0,1,0
2655918,370088,69,85,5,18,77,98,19,25,66,1,1,16,18,1,1,0,1,1,0,1
4005721,483096,58,60,89,69,33,90,74,69,31,0,1,58,37,0,0,1,0,0,1,1
2566304,670751,31,46,50,81,76,62,17,10,22,0,0,55,99,1,1,1,1,1,0,0
510435,127013,20,53,37,99,73,74,53,99,48,1,1,78,5,1,1,0,1,0,1,1
358477,186693,39,45,10,36,71,80,74,19,61,1,0,34,51,1,1,0,0,1,0,0
2595682,671252,91,67,51,37,70,30,98,83,76,0,1,7,33,1,1,0,0,1,1,1
3930370,868165,26,3,92,14,12,81,35,90,78,0,1,98,73,1,1,1,1,1,0,1
2637839,738946,1,93,19,39,89,18,75,69,65,0,0,60,94,0,0,1,1,1,0,0
3888173,958646,96,65,9,8,55,92,60,32,10,1,0,99,10,1,0,0,0,1,0,1
1546652,443895,79,92,25,52,58,78,59,29,79,0,0,26,42,1,1,1,0,1,1,1
4128685,177687,38,42,47,69,31,61,94,49,17,1,1,77,34,0,1,0,0,0,0,1
2180407,183625,85,61,90,65,82,6,35,33,97,0,0,86,10,1,0,0,1,1,0,1
3477746,114264,55,99,13,79,78,36,93,4,9,0,1,19,39,0,0,1,0,0,1,0
1001125,608359,12,84,99,51,53,70,43,79,76,0,1,56,31,1,1,1,1,0,1,1
2586537,701362,55,84,58,0,1,85,67,11,95,0,0,69,48,0,0,1,1,1,0,1
3198778,389755,65,84,11,29,36,75,65,75,59,0,1,87,89,0,1,0,0,1,1,1
2893695,75658,77,3,22,96,82,7,43,74,7,0,1,22,85,1,1,1,1,0,1,0
1968693,539140,55,64,84,0,96,56,76,51,70,1,1,99,56,0,1,1,1,1,0,1
2191161,272531,27,61,71,38,32,81,89,50,47,1,1,75,64,0,0,0,1,1,0,1
4062949,394715,63,89,38,15,0,27,28,20,80,0,0,1,47,1,1,1,0,0,0,0
1510015,888727,70,1,8,16,27,81,47,70,40,1,1,26,92,1,0,1,0,1,0,0
4056600,659669,81,8,87,81,16,94,35,57,90,1,1,31,51,1,0,1,1,1,1,1
4713257,307138,63,56,94,21,56,16,91,97,7,1,0,92,38,1,0,1,0,1,0,1
301894,239484,55,44,24,85,69,86,7,63,92,1,0,49,85,1,0,1,0,1,1,1
1608277,384056,40,17,16,98,51,10,4,92,36,0,1,63,53,1,0,0,0,1,1,0
2733200,431941,99,47,41,30,43,14,95,5,90,0,0,39,95,0,0,0,0,0,1,0
1804592,733042,40,41,28,39,83,29,93,99,36,0,0,32,24,1,0,0,0,1,0,0
4674024,660920,99,40,59,26,46,94,77,97,63,0,1,28,44,1,0,0,0,0,1,1
3767945,391354,3,74,66,35,12,5,46,48,58,0,0,32,28,1,0,0,0,1,0,0
3866569,847997,56,88,84,3,75,11,42,71,87,1,1,99,31,1,0,1,1,0,0,1
3429112,268456,29,89,56,68,29,86,9,36,44,1,1,16,93,1,0,1,0,1,1,1
1248966,940709,87,57,71,24,84,60,9,9,15,0,1,73,81,1,0,0,0,1,0,1
4800549,393026,83,99,13,94,65,35,5,79,25,0,0,64,66,1,1,1,0,1,1,1
4416794,934099,45,41,38,77,52,34,15,65,30,0,1,42,11,1,0,1,0,1,0,0
1032307,92566,55,34,15,29,17,66,59,55,26,0,1,62,57,1,1,1,1,0,0,0
2289632,288473,30,37,17,46,27,91,25,82,89,1,1,80,19,0,0,0,0,0,1,1
2040875,239750,87,66,94,11,3,78,20,70,42,1,0,91,49,0,1,0,1,1,1,1
4999412,859619,6,40,74,26,41,76,99,65,14,1,0,99,7,0,0,1,0,0,0,1
2568417,604830,89,98,19,44,5,62,57,44,57,1,1,57,30,1,0,0,0,0,1,1
4395843,113237,76,49,45,87,8,82,40,86,48,0,1,90,23,1,1,0,0,0,1,1
3755971,524904,53,85,44,62,19,39,29,94,78,0,0,42,12,0,0,1,0,0,0,1
4206389,381620,7,71,3,54,93,81,4,67,86,0,1,36,71,1,1,0,1,0,0,1
512579,302789,54,78,83,29,37,30,9,63,24,1,0,45,41,0,0,1,0,0,1,1
4273542,92502,68,44,94,81,67,36,94,15,67,0,1,24,77,1,0,0,0,0,0,1
1763825,491598,43,70,19,13,49,84,10,9,35,0,0,97,78,1,0,1,1,1,0,0
3718920,354454,12,18,10,55,59,4,62,20,79,0,1,66,84,1,1,1,1,1,0,0
4228604,861051,92,16,64,18,12,80,6,91,46,1,1,92,78,1,1,0,1,0,0,1
3677794,824945,19,64,17,85,98,82,58,11,58,0,0,98,25,0,1,1,1,0,1,1
1724631,538037,77,92,38,25,93,3,11,12,84,1,0,50,37,1,0,1,1,0,1,1
1391890,691143,31,76,43,70,41,25,63,80,51,1,0,73,37,0,1,0,1,1,1,1
2545251,589933,59,55,96,91,67,23,40,81,39,1,1,37,54,1,0,1,0,0,1,1
3092531,218933,49,92,99,37,24,38,59,9,42,0,0,37,96,0,0,0,0,1,0,1
3023978,58175,26,40,17,68,30,55,71,91,55,0,0,0,9,1,1,0,0,1,0,0
4383583,985213,24,41,46,35,11,53,27,12,80,0,0,53,82,1,1,0,1,0,0,0
1106395,153395,51,5,30,17,63,37,79,33,2,1,0,64,10,1,0,0,0,0,0,0
4028239,55762,67,68,98,56,78,53,62,58,70,1,0,95,2,1,0,0,1,1,1,1
4730734,593510,20,97,38,77,60,18,2,48,11,0,0,21,22,0,0,1,0,1,0,0
3623994,432709,17,74,37,22,52,93,31,5,64,1,1,60,61,0,1,1,0,1,1,0
2144606,194400,38,72,78,13,25,25,20,11,42,1,0,57,69,0,1,0,0,0,1,0
2507600,260539,14,39,46,95,60,51,54,28,69,0,0,53,40,0,1,1,0,0,0,1
1170278,17213,52,40,69,68,9,74,17,76,45,0,0,18,40,0,1,0,0,1,0,1
695919,626655,37,8,7,21,11,60,52,25,59,1,1,98,92,1,1,1,1,0,0,0
3481837,707290,47,7,85,27,21,66,74,67,60,0,0,69,3,0,1,0,1,1,0,1
3148134,163785,51,43,64,42,52,21,60,78,48,0,1,33,2,0,0,1,0,1,0,1
2509608,636445,87,57,12,75,20,16,49,15,86,1,0,78,83,0,1,1,1,1,0,1
1547203,995227,71,66,54,17,34,10,7,52,24,1,1,43,50,1,1,1,0,0,1,0
666589,758696,27,12,87,99,70,38,11,18,88,1,0,66,54,0,0,1,0,1,0,1
2593365,37583,84,18,84,94,81,60,50,46,2,0,1,51,62,0,0,1,0,1,1,1
1387018,658080,15,97,42,76,26,90,65,89,67,0,1,21,48,0,0,0,1,0,1,1
1892737,84944,15,95,3,83,59,48,40,31,62,1,0,28,71,0,1,1,0,1,1,0
2467357,27369,34,48,70,35,98,92,21,69,29,1,1,13,69,1,0,1,1,1,1,1
1999971,708288,16,79,59,6,46,60,8,69,96,0,0,93,68,1,1,0,1,1,1,1
1344337,991454,72,99,11,22,65,11,77,60,92,1,1,61,7,0,1,1,0,1,0,1
1624473,907276,98,81,58,33,95,12,78,4,3,0,1,14,7,1,0,1,1,1,0,0
3450428,24510,51,77,76,95,14,57,10,58,77,1,1,92,98,1,1,0,0,1,0,1
3782334,17120,92,29,53,20,23,10,12,1,84,0,1,13,18,0,0,1,0,1,1,0
773881,629135,81,65,43,69,83,63,55,1,70,0,0,66,73,1,1,1,1,1,1,1
1218454,627863,11,76,15,79,9,30,27,2,20,0,0,21,54,1,0,0,1,1,1,0
4078551,396413,82,90,5,98,87,10,88,69,70,0,0,96,98,1,1,1,0,0,0,1
3501394,272439,47,58,13,46,23,42,63,94,0,1,1,86,72,1,1,1,1,0,0,1
3027364,549748,21,52,57,52,87,35,63,42,59,1,1,6,71,1,0,0,0,1,0,0
3554513,544251,48,51,30,83,56,1,69,4,33,0,0,83,7,1,0,1,0,0,0,0
2635678,868548,51,80,99,40,33,86,54,49,86,0,0,6,56,1,1,0,1,0,0,1
1876644,556616,78,30,40,74,40,60,36,9,2,0,0,16,71,1,1,0,0,0,0,0
3326813,876061,0,14,34,31,39,35,32,26,17,1,1,31,83,0,1,1,1,0,0,0
1813560,129034,65,19,9,13,10,77,24,23,42,1,1,78,6,1,0,0,0,0,0,0
2493673,550893,63,4,80,87,89,48,22,21,75,1,0,76,45,1,0,0,0,1,0,1
3675488,902333,7,6,29,94,0,26,59,88,77,1,0,55,21,1,0,1,0,1,0,1
3220745,180885,85,17,43,16,29,11,55,2,40,0,0,61,80,0,0,0,0,1,1,0
4844068,182443,24,55,54,24,42,57,62,15,91,1,1,57,43,0,1,0,1,0,1,1
3502923,637529,65,74,70,63,81,92,7,29,23,0,1,57,4,1,1,1,0,0,1,1
3395741,839030,72,95,17,72,25,5,16,42,23,1,0,2,97,0,1,1,0,0,0,0
2698714,196848,72,90,82,85,52,43,94,3,2,1,0,88,24,0,1,1,1,0,0,1
416486,259289,76,89,78,47,46,46,89,39,58,1,1,95,46,1,0,0,0,0,0,1
626888,863690,69,44,85,34,8,22,56,15,57,1,0,79,42,0,0,1,1,1,0,1
3756597,832401,93,27,38,36,8,73,74,71,72,1,0,0,14,0,0,1,0,1,1,1
1035988,697272,78,49,41,54,0,97,61,87,23,0,0,66,63,0,0,1,1,0,0,1
750428,174446,50,1,53,16,70,75,93,15,65,0,1,19,30,0,1,0,0,0,0,0
4657632,732662,52,83,29,27,43,95,10,90,39,0,0,91,82,0,1,1,1,0,1,1
2289706,67784,14,67,19,0,58,25,66,65,91,1,1,85,43,0,0,0,0,0,1,0
1928782,972386,49,76,95,52,55,6,39,54,70,1,0,99,94,0,1,0,1,0,0,1
4505665,938432,70,23,41,72,50,31,39,19,8,0,1,61,46,1,1,0,1,0,0,0
3089190,26274,74,47,88,54,15,32,55,50,59,1,1,55,11,0,1,0,0,1,1,1
597172,659282,37,44,86,60,37,81,52,83,38,1,0,52,63,0,0,1,1,1,1,1
814673,825848,39,92,4,12,10,98,84,83,32,0,1,64,22,0,1,0,0,1,1,1
455658,222220,65,57,49,46,24,19,98,82,33,1,1,55,49,1,0,1,0,1,1,1
1690641,721358,38,35,40,63,92,94,27,56,61,1,0,77,86,1,0,1,1,1,0,1
1930283,367578,73,1,93,31,82,68,85,50,84,0,0,44,35,1,1,1,0,0,0,1
954085,248768,16,17,38,27,81,95,41,17,60,1,1,78,10,0,0,0,0,1,0,0
951993,951551,6,48,56,52,58,51,45,76,92,1,0,95,85,1,0,1,1,0,1,1
925571,441572,38,7,90,30,28,41,17,80,26,0,0,17,46,0,0,1,0,1,0,0
1028282,697494,67,57,56,7,79,82,22,58,16,0,0,47,55,1,0,1,1,1,0,1
671761,465258,34,14,36,71,39,0,25,96,59,1,0,37,93,0,0,1,1,1,1,0
3635715,842742,50,16,6,97,7,62,98,27,41,0,0,21,68,0,0,0,1,0,0,0
4302748,872190,46,22,4,86,97,6,28,68,46,1,0,79,36,0,0,1,1,0,1,0
2774469,148435,35,65,78,73,5,57,51,27,86,1,0,74,83,1,0,0,0,1,1,1
517942,483365,63,69,50,24,44,85,74,88,52,1,1,70,9,1,0,0,0,1,0,1
4094456,967067,94,92,7,32,52,49,45,83,20,1,0,72,55,1,0,1,1,1,0,1
4045204,822060,88,26,55,67,93,33,0,84,7,0,0,0,85,1,1,0,1,1,0,0
537462,509136,12,36,72,6,97,50,62,12,72,0,0,41,41,1,1,1,1,0,1,0
4128207,74672,17,48,10,96,20,9,15,5,96,0,0,71,29,0,0,1,1,0,1,0
4744350,575534,20,63,21,65,56,25,24,28,57,0,0,74,93,0,0,0,1,0,1,0
621773,933665,64,33,97,45,75,31,61,8,67,1,0,68,21,1,1,1,0,1,0,1
2630630,499209,99,17,98,95,5,41,81,28,62,0,1,28,54,0,0,1,0,1,1,1
4763167,618398,7,63,76,4,62,90,79,37,58,1,0,5,37,1,0,1,1,0,1,0
3030514,490654,47,73,10,16,5,61,82,64,81,1,1,55,55,0,1,0,1,1,1,1
2995126,269954,84,43,59,75,52,11,15,55,95,1,1,11,70,0,1,1,0,0,0,1
4466399,720220,42,16,95,51,3,39,68,29,29,1,1,38,35,1,1,1,1,0,1,0
2927364,213271,52,58,14,11,8,86,90,95,24,1,1,70,77,0,0,0,1,0,1,1
3823638,600976,84,12,37,61,68,77,69,58,96,0,0,11,10,1,1,0,1,0,1,1
2917892,856980,26,51,0,34,73,33,33,86,98,1,0,32,6,0,1,1,1,1,0,0
287593,722723,18,59,45,61,71,80,79,57,55,0,0,82,95,0,1,1,0,0,0,1
891252,278306,22,41,87,20,86,69,52,9,33,1,1,52,81,0,0,1,0,0,0,0
1102473,879290,49,90,42,84,3,26,22,20,49,1,0,99,33,0,1,1,0,1,1,1
326202,602823,50,63,21,65,57,7,42,55,1,1,1,18,62,1,1,1,1,1,0,0
2374758,405435,42,65,2,52,36,96,43,25,76,1,1,57,1,1,0,1,1,0,0,1
3469497,600152,98,33,13,20,70,98,31,14,52,1,0,84,61,0,0,0,1,0,0,1
318542,663981,50,94,1,14,5,46,22,80,40,0,1,82,6,1,0,0,1,1,1,1
1617158,123371,68,86,60,74,50,80,19,34,22,1,0,42,42,1,0,1,0,1,0,1
2035932,619080,40,70,31,73,78,25,18,88,60,0,1,72,94,1,0,0,1,1,0,1
2872762,704793,71,63,37,81,98,56,92,14,86,0,1,44,17,0,0,0,0,1,1,1
1843906,518214,10,32,96,22,49,6,71,96,30,0,0,85,19,1,0,0,1,0,1,1
3916434,475066,79,11,45,30,95,87,28,74,65,0,1,18,6,1,1,1,0,1,0,1
655433,786704,87,75,41,53,13,88,17,87,1,0,0,36,85,1,1,0,1,1,1,1
290140,71188,84,18,5,54,98,98,68,5,68,1,0,10,51,1,0,0,0,0,1,0
1715554,191023,51,8,40,25,10,25,11,27,59,1,0,55,36,0,1,0,0,1,1,0
1784645,873150,22,73,24,52,9,58,9,62,77,1,1,24,97,0,1,1,1,0,1,1
1647307,767476,48,16,97,65,60,68,36,28,22,1,0,98,45,1,0,0,1,1,0,1
3946962,565846,37,49,10,38,80,46,80,47,56,0,0,68,41,1,1,1,1,1,1,0
3430786,133938,46,38,40,6,12,34,95,62,34,1,0,44,59,1,1,1,0,0,0,0
4876103,151731,71,40,70,87,33,29,54,57,0,1,0,61,79,0,1,0,1,0,0,1
3651001,825845,6,9,56,38,59,49,3,20,47,1,1,94,77,1,1,0,0,0,1,0
3616403,801867,65,11,45,31,50,88,94,75,48,0,0,13,31,1,1,1,0,0,0,0
1998594,779560,93,78,85,25,4,23,62,21,39,0,0,76,37,0,1,0,0,1,1,1
3821420,976415,76,94,47,86,73,29,89,26,61,0,0,33,38,0,1,1,1,0,0,1
2589127,557355,61,14,62,77,31,83,11,84,14,0,0,97,25,1,0,1,1,0,1,1
4143439,617082,86,27,38,28,11,53,17,78,29,0,0,81,29,0,0,1,1,0,1,1
2095618,885255,28,3,9,24,51,66,7,56,20,1,1,59,40,0,1,1,1,1,0,0
4840239,860656,37,35,84,55,12,31,31,81,7,0,0,63,8,0,1,0,0,0,1,1
3077448,471441,83,64,69,30,84,7,83,9,6,1,1,69,31,0,0,1,1,1,1,0
1451661,530667,32,97,64,65,53,49,48,21,33,1,0,50,55,0,1,1,0,0,0,1
3664524,369691,28,46,97,1,96,46,62,43,63,1,1,41,52,0,0,1,1,0,1,0
1314100,637829,78,80,58,86,53,86,76,83,41,0,0,20,6,0,1,1,1,1,1,1
1709390,425840,22,38,77,46,40,45,58,82,52,1,1,4,75,0,1,1,0,1,1,0
2207878,489716,2,37,35,74,47,79,86,27,95,1,1,65,22,1,0,1,1,1,0,1
4912037,748787,92,43,26,28,50,34,66,49,96,0,0,69,80,1,0,0,0,0,0,1
515617,643922,44,50,72,98,46,60,98,50,69,1,1,60,51,0,1,0,0,0,1,1
2004053,782867,7,96,54,48,49,88,38,0,9,0,0,7,20,1,1,1,1,0,1,0
1293015,920133,85,84,69,72,95,78,49,33,89,0,0,65,75,1,0,0,1,1,1,1
4670756,324889,28,25,94,31,75,50,84,34,57,0,1,86,85,1,1,1,0,1,0,1
291563,974309,1,35,80,29,45,62,70,89,89,1,1,61,22,0,1,0,1,0,0,1
3048768,633203,49,68,52,14,98,7,25,60,82,1,1,19,68,1,1,1,1,1,1,0
1545801,519031,64,96,59,61,99,33,22,29,98,1,0,3,17,1,0,1,0,1,0,1
3027754,410732,19,0,60,77,37,24,95,75,3,0,1,14,36,1,1,1,0,0,0,0
1782701,739782,51,52,35,16,91,43,62,77,88,1,1,93,6,1,0,0,0,0,0,1
1890992,221915,84,5,84,21,12,82,65,67,7,1,1,55,60,0,1,0,1,0,1,1
4562200,658848,36,36,26,29,75,42,38,75,11,0,0,19,2,1,1,0,1,0,0,0
1217497,160915,71,1,40,80,21,49,65,87,87,1,0,23,0,1,1,0,1,0,0,1
4059949,141984,26,68,27,15,1,12,45,39,87,1,1,8,59,1,1,1,0,0,1,0
4424367,681874,46,89,15,51,92,45,14,94,80,0,1,20,5,0,0,1,1,0,1,1
3939469,223431,98,40,34,7,76,75,15,64,24,0,1,40,70,1,0,0,1,0,1,1
454371,717392,5,50,35,63,98,78,89,36,96,1,0,12,90,0,1,1,0,0,1,0
3283128,951301,59,46,55,38,12,86,71,63,26,1,1,4,57,0,1,0,1,0,1,1
2399318,666809,44,12,98,30,56,52,15,0,1,0,1,63,30,0,1,1,1,1,0,0
3294510,137797,43,75,18,11,33,62,84,14,72,0,0,45,7,1,0,1,0,0,0,0
1362180,872838,82,68,56,32,18,1,38,12,54,0,0,77,77,0,1,0,1,0,0,1
620888,14304,17,65,84,57,8,39,10,28,57,1,1,70,14,0,0,0,0,0,1,1
1563133,995562,64,58,32,11,94,22,87,54,32,0,1,69,6,0,0,1,1,1,0,0
390285,130555,24,67,22,24,32,58,35,44,82,1,0,58,6,1,1,0,1,1,1,1
3396699,411879,26,58,62,37,26,68,17,3,48,0,1,75,32,1,0,1,0,0,1,1
2717649,337464,6,90,69,47,44,33,22,63,4,1,0,50,40,0,1,1,1,0,0,0
2411130,528277,43,9,95,81,1,73,76,14,46,0,1,15,56,1,0,1,1,0,1,0
